[2026-06-06 21:03:51] INFO: [BuyStocksViewModel] Fetching AvailableStocks
[2026-06-06 21:03:51] INFO: [BuyStocksViewModel] Fetching portfolio: e6f56e16-0f0a-40d4-a655-b91e689c4dd1
[2026-06-06 21:03:51] INFO: [OwnedStockFileDAO] Ownedstocks blev indlæst fra fil
[2026-06-06 21:03:51] INFO: [SellStocksViewModel] Fetching portfolio: e6f56e16-0f0a-40d4-a655-b91e689c4dd1
[2026-06-06 21:03:51] INFO: [GameStateService] Initializing stock market
[2026-06-06 21:03:51] INFO: [GameStateService] Loading existing stocks into stock market
[2026-06-06 21:03:51] INFO: [GameStateService] Eksisterende Stock tilføjet som LiveStock: AAPL
[2026-06-06 21:03:51] INFO: [GameStateService] Eksisterende Stock tilføjet som LiveStock: TSLA
[2026-06-06 21:03:51] INFO: [GameStateService] Eksisterende Stock tilføjet som LiveStock: NVDA
[2026-06-06 21:03:51] INFO: [GameStateService] Eksisterende Stock tilføjet som LiveStock: MSFT
[2026-06-06 21:03:51] INFO: [GameStateService] Eksisterende Stock tilføjet som LiveStock: GOOGL
[2026-06-06 21:03:51] INFO: [GameStateService] Eksisterende Stock tilføjet som LiveStock: AMZN
[2026-06-06 21:03:51] INFO: [GameStateService] Eksisterende Stock tilføjet som LiveStock: META
[2026-06-06 21:03:51] INFO: [GameStateService] Eksisterende Stock tilføjet som LiveStock: GM
[2026-06-06 21:03:51] INFO: [GameStateService] Stock market initialized
[2026-06-06 21:03:51] INFO: [ApplicationContext] Game started
[2026-06-06 21:03:51] INFO: [MarketTickHandler] Game started
[2026-06-06 21:03:51] INFO: [Thread] Markedet blev opdateret
[2026-06-06 21:03:51] INFO: [MarketTickHandler] Updating stock market
[2026-06-06 21:03:51] INFO: [GameStateService] Stock: AAPL | Price: 216,05 | State: Steady
[2026-06-06 21:03:51] INFO: [StockMarket] StockListenerService modtog update for: AAPL
[2026-06-06 21:03:51] INFO: [StockListenerService] Transaction started
[2026-06-06 21:03:51] INFO: [FileUnitOfWork] Stock blev skrevet til fil data\stocks.psv
[2026-06-06 21:03:51] INFO: [FileUnitOfWork] StockPriceHistories blev skrevet til fil data\stock_price_history.psv
[2026-06-06 21:03:51] INFO: [StockMarket] Stock AAPL blev opdateret og pricehistory blev gemt
[2026-06-06 21:03:51] INFO: [OwnedStockFileDAO] Ownedstocks blev indlæst fra fil
[2026-06-06 21:03:51] INFO: [StockMarket] Stock: AAPL er meget høj: 216.04810654893174
[2026-06-06 21:03:51] INFO: [GameStateService] Stock: TSLA | Price: 120,79 | State: Steady
[2026-06-06 21:03:51] INFO: [StockMarket] StockListenerService modtog update for: TSLA
[2026-06-06 21:03:51] INFO: [StockListenerService] Transaction started
[2026-06-06 21:03:51] INFO: [FileUnitOfWork] Stock blev skrevet til fil data\stocks.psv
[2026-06-06 21:03:51] INFO: [FileUnitOfWork] StockPriceHistories blev skrevet til fil data\stock_price_history.psv
[2026-06-06 21:03:51] INFO: [StockMarket] Stock TSLA blev opdateret og pricehistory blev gemt
[2026-06-06 21:03:51] INFO: [OwnedStockFileDAO] Ownedstocks blev indlæst fra fil
[2026-06-06 21:03:51] INFO: [GameStateService] Stock: NVDA | Price: 116,99 | State: Steady
[2026-06-06 21:03:51] INFO: [StockMarket] StockListenerService modtog update for: NVDA
[2026-06-06 21:03:51] INFO: [StockListenerService] Transaction started
[2026-06-06 21:03:51] INFO: [FileUnitOfWork] Stock blev skrevet til fil data\stocks.psv
[2026-06-06 21:03:51] INFO: [FileUnitOfWork] StockPriceHistories blev skrevet til fil data\stock_price_history.psv
[2026-06-06 21:03:51] INFO: [StockMarket] Stock NVDA blev opdateret og pricehistory blev gemt
[2026-06-06 21:03:51] INFO: [OwnedStockFileDAO] Ownedstocks blev indlæst fra fil
[2026-06-06 21:03:51] INFO: [GameStateService] Stock: MSFT | Price: 474,24 | State: Steady
[2026-06-06 21:03:51] INFO: [StockMarket] StockListenerService modtog update for: MSFT
[2026-06-06 21:03:51] INFO: [StockListenerService] Transaction started
[2026-06-06 21:03:51] INFO: [FileUnitOfWork] Stock blev skrevet til fil data\stocks.psv
[2026-06-06 21:03:51] INFO: [FileUnitOfWork] StockPriceHistories blev skrevet til fil data\stock_price_history.psv
[2026-06-06 21:03:51] INFO: [StockMarket] Stock MSFT blev opdateret og pricehistory blev gemt
[2026-06-06 21:03:51] INFO: [OwnedStockFileDAO] Ownedstocks blev indlæst fra fil
[2026-06-06 21:03:51] INFO: [StockMarket] Stock: MSFT er meget høj: 474.23829168793816
[2026-06-06 21:03:51] INFO: [GameStateService] Stock: GOOGL | Price: 374,01 | State: Steady
[2026-06-06 21:03:51] INFO: [StockMarket] StockListenerService modtog update for: GOOGL
[2026-06-06 21:03:51] INFO: [StockListenerService] Transaction started
[2026-06-06 21:03:51] INFO: [FileUnitOfWork] Stock blev skrevet til fil data\stocks.psv
[2026-06-06 21:03:51] INFO: [FileUnitOfWork] StockPriceHistories blev skrevet til fil data\stock_price_history.psv
[2026-06-06 21:03:51] INFO: [StockMarket] Stock GOOGL blev opdateret og pricehistory blev gemt
[2026-06-06 21:03:51] INFO: [OwnedStockFileDAO] Ownedstocks blev indlæst fra fil
[2026-06-06 21:03:51] INFO: [StockMarket] Stock: GOOGL er meget høj: 374.0075605974365
[2026-06-06 21:03:51] INFO: [GameStateService] Stock: AMZN | Price: 273,53 | State: Steady
[2026-06-06 21:03:51] INFO: [StockMarket] StockListenerService modtog update for: AMZN
[2026-06-06 21:03:51] INFO: [StockListenerService] Transaction started
[2026-06-06 21:03:51] INFO: [FileUnitOfWork] Stock blev skrevet til fil data\stocks.psv
[2026-06-06 21:03:51] INFO: [FileUnitOfWork] StockPriceHistories blev skrevet til fil data\stock_price_history.psv
[2026-06-06 21:03:51] INFO: [StockMarket] Stock AMZN blev opdateret og pricehistory blev gemt
[2026-06-06 21:03:51] INFO: [OwnedStockFileDAO] Ownedstocks blev indlæst fra fil
[2026-06-06 21:03:51] INFO: [StockMarket] Stock: AMZN er meget høj: 273.5330004767982
[2026-06-06 21:03:51] INFO: [GameStateService] Stock: META | Price: 408,03 | State: Steady
[2026-06-06 21:03:51] INFO: [StockMarket] StockListenerService modtog update for: META
[2026-06-06 21:03:51] INFO: [StockListenerService] Transaction started
[2026-06-06 21:03:51] INFO: [FileUnitOfWork] Stock blev skrevet til fil data\stocks.psv
[2026-06-06 21:03:51] INFO: [FileUnitOfWork] StockPriceHistories blev skrevet til fil data\stock_price_history.psv
[2026-06-06 21:03:51] INFO: [StockMarket] Stock META blev opdateret og pricehistory blev gemt
[2026-06-06 21:03:51] INFO: [OwnedStockFileDAO] Ownedstocks blev indlæst fra fil
[2026-06-06 21:03:51] INFO: [StockMarket] Stock: META er meget høj: 408.0310561825429
[2026-06-06 21:03:51] INFO: [SteadyState] LiveStock GM changed state from Steady to: Rising
[2026-06-06 21:03:51] INFO: [GameStateService] Stock: GM | Price: 243,31 | State: Rising
[2026-06-06 21:03:51] INFO: [StockMarket] StockListenerService modtog update for: GM
[2026-06-06 21:03:51] INFO: [StockListenerService] Transaction started
[2026-06-06 21:03:51] INFO: [FileUnitOfWork] Stock blev skrevet til fil data\stocks.psv
[2026-06-06 21:03:51] INFO: [FileUnitOfWork] StockPriceHistories blev skrevet til fil data\stock_price_history.psv
[2026-06-06 21:03:51] INFO: [StockMarket] Stock GM blev opdateret og pricehistory blev gemt
[2026-06-06 21:03:51] INFO: [OwnedStockFileDAO] Ownedstocks blev indlæst fra fil
[2026-06-06 21:03:51] INFO: [StockMarket] Stock: GM er meget høj: 243.30755998274972
[2026-06-06 21:03:52] INFO: [MarketTickHandler] Game started
[2026-06-06 21:03:52] INFO: [Thread] Markedet blev opdateret
[2026-06-06 21:03:52] INFO: [MarketTickHandler] Updating stock market
[2026-06-06 21:03:52] INFO: [GameStateService] Stock: AAPL | Price: 215,27 | State: Steady
[2026-06-06 21:03:52] INFO: [StockMarket] StockListenerService modtog update for: AAPL
[2026-06-06 21:03:52] INFO: [StockListenerService] Transaction started
[2026-06-06 21:03:52] INFO: [FileUnitOfWork] Stock blev skrevet til fil data\stocks.psv
[2026-06-06 21:03:52] INFO: [FileUnitOfWork] StockPriceHistories blev skrevet til fil data\stock_price_history.psv
[2026-06-06 21:03:52] INFO: [StockMarket] Stock AAPL blev opdateret og pricehistory blev gemt
[2026-06-06 21:03:52] INFO: [OwnedStockFileDAO] Ownedstocks blev indlæst fra fil
[2026-06-06 21:03:52] INFO: [GameStateService] Stock: TSLA | Price: 120,11 | State: Steady
[2026-06-06 21:03:52] INFO: [StockMarket] StockListenerService modtog update for: TSLA
[2026-06-06 21:03:52] INFO: [StockListenerService] Transaction started
[2026-06-06 21:03:52] INFO: [FileUnitOfWork] Stock blev skrevet til fil data\stocks.psv
[2026-06-06 21:03:52] INFO: [FileUnitOfWork] StockPriceHistories blev skrevet til fil data\stock_price_history.psv
[2026-06-06 21:03:52] INFO: [StockMarket] Stock TSLA blev opdateret og pricehistory blev gemt
[2026-06-06 21:03:52] INFO: [OwnedStockFileDAO] Ownedstocks blev indlæst fra fil
[2026-06-06 21:03:52] INFO: [GameStateService] Stock: NVDA | Price: 117,48 | State: Steady
[2026-06-06 21:03:52] INFO: [StockMarket] StockListenerService modtog update for: NVDA
[2026-06-06 21:03:52] INFO: [StockListenerService] Transaction started
[2026-06-06 21:03:52] INFO: [FileUnitOfWork] Stock blev skrevet til fil data\stocks.psv
[2026-06-06 21:03:52] INFO: [FileUnitOfWork] StockPriceHistories blev skrevet til fil data\stock_price_history.psv
[2026-06-06 21:03:52] INFO: [StockMarket] Stock NVDA blev opdateret og pricehistory blev gemt
[2026-06-06 21:03:52] INFO: [OwnedStockFileDAO] Ownedstocks blev indlæst fra fil
[2026-06-06 21:03:52] INFO: [GameStateService] Stock: MSFT | Price: 474,79 | State: Steady
[2026-06-06 21:03:52] INFO: [StockMarket] StockListenerService modtog update for: MSFT
[2026-06-06 21:03:52] INFO: [StockListenerService] Transaction started
[2026-06-06 21:03:52] INFO: [FileUnitOfWork] Stock blev skrevet til fil data\stocks.psv
[2026-06-06 21:03:52] INFO: [FileUnitOfWork] StockPriceHistories blev skrevet til fil data\stock_price_history.psv
[2026-06-06 21:03:52] INFO: [StockMarket] Stock MSFT blev opdateret og pricehistory blev gemt
[2026-06-06 21:03:52] INFO: [OwnedStockFileDAO] Ownedstocks blev indlæst fra fil
[2026-06-06 21:03:52] INFO: [GameStateService] Stock: GOOGL | Price: 374,94 | State: Steady
[2026-06-06 21:03:52] INFO: [StockMarket] StockListenerService modtog update for: GOOGL
[2026-06-06 21:03:52] INFO: [StockListenerService] Transaction started
[2026-06-06 21:03:52] INFO: [FileUnitOfWork] Stock blev skrevet til fil data\stocks.psv
[2026-06-06 21:03:52] INFO: [FileUnitOfWork] StockPriceHistories blev skrevet til fil data\stock_price_history.psv
[2026-06-06 21:03:52] INFO: [StockMarket] Stock GOOGL blev opdateret og pricehistory blev gemt
[2026-06-06 21:03:52] INFO: [OwnedStockFileDAO] Ownedstocks blev indlæst fra fil
[2026-06-06 21:03:52] INFO: [SteadyState] LiveStock AMZN changed state from Steady to: Rising
[2026-06-06 21:03:52] INFO: [GameStateService] Stock: AMZN | Price: 273,88 | State: Rising
[2026-06-06 21:03:52] INFO: [StockMarket] StockListenerService modtog update for: AMZN
[2026-06-06 21:03:52] INFO: [StockListenerService] Transaction started
[2026-06-06 21:03:52] INFO: [FileUnitOfWork] Stock blev skrevet til fil data\stocks.psv
[2026-06-06 21:03:52] INFO: [FileUnitOfWork] StockPriceHistories blev skrevet til fil data\stock_price_history.psv
[2026-06-06 21:03:52] INFO: [StockMarket] Stock AMZN blev opdateret og pricehistory blev gemt
[2026-06-06 21:03:52] INFO: [OwnedStockFileDAO] Ownedstocks blev indlæst fra fil
[2026-06-06 21:03:52] INFO: [GameStateService] Stock: META | Price: 407,45 | State: Steady
[2026-06-06 21:03:52] INFO: [StockMarket] StockListenerService modtog update for: META
[2026-06-06 21:03:52] INFO: [StockListenerService] Transaction started
[2026-06-06 21:03:52] INFO: [FileUnitOfWork] Stock blev skrevet til fil data\stocks.psv
[2026-06-06 21:03:52] INFO: [FileUnitOfWork] StockPriceHistories blev skrevet til fil data\stock_price_history.psv
[2026-06-06 21:03:52] INFO: [StockMarket] Stock META blev opdateret og pricehistory blev gemt
[2026-06-06 21:03:52] INFO: [OwnedStockFileDAO] Ownedstocks blev indlæst fra fil
[2026-06-06 21:03:52] INFO: [GameStateService] Stock: GM | Price: 246,59 | State: Rising
[2026-06-06 21:03:52] INFO: [StockMarket] StockListenerService modtog update for: GM
[2026-06-06 21:03:52] INFO: [StockListenerService] Transaction started
[2026-06-06 21:03:52] INFO: [FileUnitOfWork] Stock blev skrevet til fil data\stocks.psv
[2026-06-06 21:03:52] INFO: [FileUnitOfWork] StockPriceHistories blev skrevet til fil data\stock_price_history.psv
[2026-06-06 21:03:52] INFO: [StockMarket] Stock GM blev opdateret og pricehistory blev gemt
[2026-06-06 21:03:52] INFO: [OwnedStockFileDAO] Ownedstocks blev indlæst fra fil
[2026-06-06 21:03:53] INFO: [MarketTickHandler] Game started
[2026-06-06 21:03:53] INFO: [Thread] Markedet blev opdateret
[2026-06-06 21:03:53] INFO: [MarketTickHandler] Updating stock market
[2026-06-06 21:03:53] INFO: [SteadyState] LiveStock AAPL changed state from Steady to: Rising
[2026-06-06 21:03:53] INFO: [GameStateService] Stock: AAPL | Price: 215,62 | State: Rising
[2026-06-06 21:03:53] INFO: [StockMarket] StockListenerService modtog update for: AAPL
[2026-06-06 21:03:53] INFO: [StockListenerService] Transaction started
[2026-06-06 21:03:53] INFO: [FileUnitOfWork] Stock blev skrevet til fil data\stocks.psv
[2026-06-06 21:03:53] INFO: [FileUnitOfWork] StockPriceHistories blev skrevet til fil data\stock_price_history.psv
[2026-06-06 21:03:53] INFO: [StockMarket] Stock AAPL blev opdateret og pricehistory blev gemt
[2026-06-06 21:03:53] INFO: [OwnedStockFileDAO] Ownedstocks blev indlæst fra fil
[2026-06-06 21:03:53] INFO: [GameStateService] Stock: TSLA | Price: 120,07 | State: Steady
[2026-06-06 21:03:53] INFO: [StockMarket] StockListenerService modtog update for: TSLA
[2026-06-06 21:03:53] INFO: [StockListenerService] Transaction started
[2026-06-06 21:03:53] INFO: [FileUnitOfWork] Stock blev skrevet til fil data\stocks.psv
[2026-06-06 21:03:53] INFO: [FileUnitOfWork] StockPriceHistories blev skrevet til fil data\stock_price_history.psv
[2026-06-06 21:03:53] INFO: [StockMarket] Stock TSLA blev opdateret og pricehistory blev gemt
[2026-06-06 21:03:53] INFO: [OwnedStockFileDAO] Ownedstocks blev indlæst fra fil
[2026-06-06 21:03:53] INFO: [GameStateService] Stock: NVDA | Price: 116,64 | State: Steady
[2026-06-06 21:03:53] INFO: [StockMarket] StockListenerService modtog update for: NVDA
[2026-06-06 21:03:53] INFO: [StockListenerService] Transaction started
[2026-06-06 21:03:53] INFO: [FileUnitOfWork] Stock blev skrevet til fil data\stocks.psv
[2026-06-06 21:03:53] INFO: [FileUnitOfWork] StockPriceHistories blev skrevet til fil data\stock_price_history.psv
[2026-06-06 21:03:53] INFO: [StockMarket] Stock NVDA blev opdateret og pricehistory blev gemt
[2026-06-06 21:03:53] INFO: [OwnedStockFileDAO] Ownedstocks blev indlæst fra fil
[2026-06-06 21:03:53] INFO: [GameStateService] Stock: MSFT | Price: 474,39 | State: Steady
[2026-06-06 21:03:53] INFO: [StockMarket] StockListenerService modtog update for: MSFT
[2026-06-06 21:03:53] INFO: [StockListenerService] Transaction started
[2026-06-06 21:03:53] INFO: [FileUnitOfWork] Stock blev skrevet til fil data\stocks.psv
[2026-06-06 21:03:53] INFO: [FileUnitOfWork] StockPriceHistories blev skrevet til fil data\stock_price_history.psv
[2026-06-06 21:03:53] INFO: [StockMarket] Stock MSFT blev opdateret og pricehistory blev gemt
[2026-06-06 21:03:53] INFO: [OwnedStockFileDAO] Ownedstocks blev indlæst fra fil
[2026-06-06 21:03:53] INFO: [GameStateService] Stock: GOOGL | Price: 374,08 | State: Steady
[2026-06-06 21:03:53] INFO: [StockMarket] StockListenerService modtog update for: GOOGL
[2026-06-06 21:03:53] INFO: [StockListenerService] Transaction started
[2026-06-06 21:03:53] INFO: [FileUnitOfWork] Stock blev skrevet til fil data\stocks.psv
[2026-06-06 21:03:53] INFO: [FileUnitOfWork] StockPriceHistories blev skrevet til fil data\stock_price_history.psv
[2026-06-06 21:03:53] INFO: [StockMarket] Stock GOOGL blev opdateret og pricehistory blev gemt
[2026-06-06 21:03:53] INFO: [OwnedStockFileDAO] Ownedstocks blev indlæst fra fil
[2026-06-06 21:03:53] INFO: [GameStateService] Stock: AMZN | Price: 274,29 | State: Rising
[2026-06-06 21:03:53] INFO: [StockMarket] StockListenerService modtog update for: AMZN
[2026-06-06 21:03:53] INFO: [StockListenerService] Transaction started
[2026-06-06 21:03:53] INFO: [FileUnitOfWork] Stock blev skrevet til fil data\stocks.psv
[2026-06-06 21:03:53] INFO: [FileUnitOfWork] StockPriceHistories blev skrevet til fil data\stock_price_history.psv
[2026-06-06 21:03:53] INFO: [StockMarket] Stock AMZN blev opdateret og pricehistory blev gemt
[2026-06-06 21:03:53] INFO: [OwnedStockFileDAO] Ownedstocks blev indlæst fra fil
[2026-06-06 21:03:53] INFO: [GameStateService] Stock: META | Price: 407,83 | State: Steady
[2026-06-06 21:03:53] INFO: [StockMarket] StockListenerService modtog update for: META
[2026-06-06 21:03:53] INFO: [StockListenerService] Transaction started
[2026-06-06 21:03:53] INFO: [FileUnitOfWork] Stock blev skrevet til fil data\stocks.psv
[2026-06-06 21:03:53] INFO: [FileUnitOfWork] StockPriceHistories blev skrevet til fil data\stock_price_history.psv
[2026-06-06 21:03:53] INFO: [StockMarket] Stock META blev opdateret og pricehistory blev gemt
[2026-06-06 21:03:53] INFO: [OwnedStockFileDAO] Ownedstocks blev indlæst fra fil
[2026-06-06 21:03:53] INFO: [GameStateService] Stock: GM | Price: 250,92 | State: Rising
[2026-06-06 21:03:53] INFO: [StockMarket] StockListenerService modtog update for: GM
[2026-06-06 21:03:53] INFO: [StockListenerService] Transaction started
[2026-06-06 21:03:53] INFO: [FileUnitOfWork] Stock blev skrevet til fil data\stocks.psv
[2026-06-06 21:03:53] INFO: [FileUnitOfWork] StockPriceHistories blev skrevet til fil data\stock_price_history.psv
[2026-06-06 21:03:53] INFO: [StockMarket] Stock GM blev opdateret og pricehistory blev gemt
[2026-06-06 21:03:53] INFO: [OwnedStockFileDAO] Ownedstocks blev indlæst fra fil
[2026-06-06 21:03:54] INFO: [MarketTickHandler] Game started
[2026-06-06 21:03:54] INFO: [Thread] Markedet blev opdateret
[2026-06-06 21:03:54] INFO: [MarketTickHandler] Updating stock market
[2026-06-06 21:03:54] INFO: [RisingState] LiveStock AAPL changed state from Rising to: Declining
[2026-06-06 21:03:54] INFO: [GameStateService] Stock: AAPL | Price: 218,53 | State: Declining
[2026-06-06 21:03:54] INFO: [StockMarket] StockListenerService modtog update for: AAPL
[2026-06-06 21:03:54] INFO: [StockListenerService] Transaction started
[2026-06-06 21:03:54] INFO: [FileUnitOfWork] Stock blev skrevet til fil data\stocks.psv
[2026-06-06 21:03:54] INFO: [FileUnitOfWork] StockPriceHistories blev skrevet til fil data\stock_price_history.psv
[2026-06-06 21:03:54] INFO: [StockMarket] Stock AAPL blev opdateret og pricehistory blev gemt
[2026-06-06 21:03:54] INFO: [OwnedStockFileDAO] Ownedstocks blev indlæst fra fil
[2026-06-06 21:03:54] INFO: [GameStateService] Stock: TSLA | Price: 120,50 | State: Steady
[2026-06-06 21:03:54] INFO: [StockMarket] StockListenerService modtog update for: TSLA
[2026-06-06 21:03:54] INFO: [StockListenerService] Transaction started
[2026-06-06 21:03:54] INFO: [FileUnitOfWork] Stock blev skrevet til fil data\stocks.psv
[2026-06-06 21:03:54] INFO: [FileUnitOfWork] StockPriceHistories blev skrevet til fil data\stock_price_history.psv
[2026-06-06 21:03:54] INFO: [StockMarket] Stock TSLA blev opdateret og pricehistory blev gemt
[2026-06-06 21:03:54] INFO: [OwnedStockFileDAO] Ownedstocks blev indlæst fra fil
[2026-06-06 21:03:54] INFO: [GameStateService] Stock: NVDA | Price: 116,94 | State: Steady
[2026-06-06 21:03:54] INFO: [StockMarket] StockListenerService modtog update for: NVDA
[2026-06-06 21:03:54] INFO: [StockListenerService] Transaction started
[2026-06-06 21:03:54] INFO: [FileUnitOfWork] Stock blev skrevet til fil data\stocks.psv
[2026-06-06 21:03:54] INFO: [FileUnitOfWork] StockPriceHistories blev skrevet til fil data\stock_price_history.psv
[2026-06-06 21:03:54] INFO: [StockMarket] Stock NVDA blev opdateret og pricehistory blev gemt
[2026-06-06 21:03:54] INFO: [OwnedStockFileDAO] Ownedstocks blev indlæst fra fil
[2026-06-06 21:03:54] INFO: [GameStateService] Stock: MSFT | Price: 475,34 | State: Steady
[2026-06-06 21:03:54] INFO: [StockMarket] StockListenerService modtog update for: MSFT
[2026-06-06 21:03:54] INFO: [StockListenerService] Transaction started
[2026-06-06 21:03:54] INFO: [FileUnitOfWork] Stock blev skrevet til fil data\stocks.psv
[2026-06-06 21:03:54] INFO: [FileUnitOfWork] StockPriceHistories blev skrevet til fil data\stock_price_history.psv
[2026-06-06 21:03:54] INFO: [StockMarket] Stock MSFT blev opdateret og pricehistory blev gemt
[2026-06-06 21:03:54] INFO: [OwnedStockFileDAO] Ownedstocks blev indlæst fra fil
[2026-06-06 21:03:54] INFO: [GameStateService] Stock: GOOGL | Price: 374,29 | State: Steady
[2026-06-06 21:03:54] INFO: [StockMarket] StockListenerService modtog update for: GOOGL
[2026-06-06 21:03:54] INFO: [StockListenerService] Transaction started
[2026-06-06 21:03:54] INFO: [FileUnitOfWork] Stock blev skrevet til fil data\stocks.psv
[2026-06-06 21:03:54] INFO: [FileUnitOfWork] StockPriceHistories blev skrevet til fil data\stock_price_history.psv
[2026-06-06 21:03:54] INFO: [StockMarket] Stock GOOGL blev opdateret og pricehistory blev gemt
[2026-06-06 21:03:54] INFO: [OwnedStockFileDAO] Ownedstocks blev indlæst fra fil
[2026-06-06 21:03:54] INFO: [GameStateService] Stock: AMZN | Price: 276,10 | State: Rising
[2026-06-06 21:03:54] INFO: [StockMarket] StockListenerService modtog update for: AMZN
[2026-06-06 21:03:54] INFO: [StockListenerService] Transaction started
[2026-06-06 21:03:54] INFO: [FileUnitOfWork] Stock blev skrevet til fil data\stocks.psv
[2026-06-06 21:03:54] INFO: [FileUnitOfWork] StockPriceHistories blev skrevet til fil data\stock_price_history.psv
[2026-06-06 21:03:54] INFO: [StockMarket] Stock AMZN blev opdateret og pricehistory blev gemt
[2026-06-06 21:03:54] INFO: [OwnedStockFileDAO] Ownedstocks blev indlæst fra fil
[2026-06-06 21:03:54] INFO: [SteadyState] LiveStock META changed state from Steady to: Declining
[2026-06-06 21:03:54] INFO: [GameStateService] Stock: META | Price: 407,45 | State: Declining
[2026-06-06 21:03:54] INFO: [StockMarket] StockListenerService modtog update for: META
[2026-06-06 21:03:54] INFO: [StockListenerService] Transaction started
[2026-06-06 21:03:54] INFO: [FileUnitOfWork] Stock blev skrevet til fil data\stocks.psv
[2026-06-06 21:03:54] INFO: [FileUnitOfWork] StockPriceHistories blev skrevet til fil data\stock_price_history.psv
[2026-06-06 21:03:54] INFO: [StockMarket] Stock META blev opdateret og pricehistory blev gemt
[2026-06-06 21:03:54] INFO: [OwnedStockFileDAO] Ownedstocks blev indlæst fra fil
[2026-06-06 21:03:54] INFO: [GameStateService] Stock: GM | Price: 253,90 | State: Rising
[2026-06-06 21:03:54] INFO: [StockMarket] StockListenerService modtog update for: GM
[2026-06-06 21:03:54] INFO: [StockListenerService] Transaction started
[2026-06-06 21:03:54] INFO: [FileUnitOfWork] Stock blev skrevet til fil data\stocks.psv
[2026-06-06 21:03:54] INFO: [FileUnitOfWork] StockPriceHistories blev skrevet til fil data\stock_price_history.psv
[2026-06-06 21:03:54] INFO: [StockMarket] Stock GM blev opdateret og pricehistory blev gemt
[2026-06-06 21:03:54] INFO: [OwnedStockFileDAO] Ownedstocks blev indlæst fra fil
[2026-06-06 21:03:55] INFO: [MarketTickHandler] Game started
[2026-06-06 21:03:55] INFO: [Thread] Markedet blev opdateret
[2026-06-06 21:03:55] INFO: [MarketTickHandler] Updating stock market
[2026-06-06 21:03:55] INFO: [GameStateService] Stock: AAPL | Price: 217,11 | State: Declining
[2026-06-06 21:03:55] INFO: [StockMarket] StockListenerService modtog update for: AAPL
[2026-06-06 21:03:55] INFO: [StockListenerService] Transaction started
[2026-06-06 21:03:55] INFO: [FileUnitOfWork] Stock blev skrevet til fil data\stocks.psv
[2026-06-06 21:03:55] INFO: [FileUnitOfWork] StockPriceHistories blev skrevet til fil data\stock_price_history.psv
[2026-06-06 21:03:55] INFO: [StockMarket] Stock AAPL blev opdateret og pricehistory blev gemt
[2026-06-06 21:03:55] INFO: [OwnedStockFileDAO] Ownedstocks blev indlæst fra fil
[2026-06-06 21:03:55] INFO: [GameStateService] Stock: TSLA | Price: 120,26 | State: Steady
[2026-06-06 21:03:55] INFO: [StockMarket] StockListenerService modtog update for: TSLA
[2026-06-06 21:03:55] INFO: [StockListenerService] Transaction started
[2026-06-06 21:03:55] INFO: [FileUnitOfWork] Stock blev skrevet til fil data\stocks.psv
[2026-06-06 21:03:55] INFO: [FileUnitOfWork] StockPriceHistories blev skrevet til fil data\stock_price_history.psv
[2026-06-06 21:03:55] INFO: [StockMarket] Stock TSLA blev opdateret og pricehistory blev gemt
[2026-06-06 21:03:55] INFO: [OwnedStockFileDAO] Ownedstocks blev indlæst fra fil
[2026-06-06 21:03:55] INFO: [GameStateService] Stock: NVDA | Price: 116,64 | State: Steady
[2026-06-06 21:03:55] INFO: [StockMarket] StockListenerService modtog update for: NVDA
[2026-06-06 21:03:55] INFO: [StockListenerService] Transaction started
[2026-06-06 21:03:55] INFO: [FileUnitOfWork] Stock blev skrevet til fil data\stocks.psv
[2026-06-06 21:03:55] INFO: [FileUnitOfWork] StockPriceHistories blev skrevet til fil data\stock_price_history.psv
[2026-06-06 21:03:55] INFO: [StockMarket] Stock NVDA blev opdateret og pricehistory blev gemt
[2026-06-06 21:03:55] INFO: [OwnedStockFileDAO] Ownedstocks blev indlæst fra fil
[2026-06-06 21:03:55] INFO: [SteadyState] LiveStock MSFT changed state from Steady to: Rising
[2026-06-06 21:03:55] INFO: [GameStateService] Stock: MSFT | Price: 475,53 | State: Rising
[2026-06-06 21:03:55] INFO: [StockMarket] StockListenerService modtog update for: MSFT
[2026-06-06 21:03:55] INFO: [StockListenerService] Transaction started
[2026-06-06 21:03:55] INFO: [FileUnitOfWork] Stock blev skrevet til fil data\stocks.psv
[2026-06-06 21:03:55] INFO: [FileUnitOfWork] StockPriceHistories blev skrevet til fil data\stock_price_history.psv
[2026-06-06 21:03:55] INFO: [StockMarket] Stock MSFT blev opdateret og pricehistory blev gemt
[2026-06-06 21:03:55] INFO: [OwnedStockFileDAO] Ownedstocks blev indlæst fra fil
[2026-06-06 21:03:55] INFO: [GameStateService] Stock: GOOGL | Price: 375,01 | State: Steady
[2026-06-06 21:03:55] INFO: [StockMarket] StockListenerService modtog update for: GOOGL
[2026-06-06 21:03:55] INFO: [StockListenerService] Transaction started
[2026-06-06 21:03:55] INFO: [FileUnitOfWork] Stock blev skrevet til fil data\stocks.psv
[2026-06-06 21:03:55] INFO: [FileUnitOfWork] StockPriceHistories blev skrevet til fil data\stock_price_history.psv
[2026-06-06 21:03:55] INFO: [StockMarket] Stock GOOGL blev opdateret og pricehistory blev gemt
[2026-06-06 21:03:55] INFO: [OwnedStockFileDAO] Ownedstocks blev indlæst fra fil
[2026-06-06 21:03:55] INFO: [GameStateService] Stock: AMZN | Price: 278,00 | State: Rising
[2026-06-06 21:03:55] INFO: [StockMarket] StockListenerService modtog update for: AMZN
[2026-06-06 21:03:55] INFO: [StockListenerService] Transaction started
[2026-06-06 21:03:55] INFO: [FileUnitOfWork] Stock blev skrevet til fil data\stocks.psv
[2026-06-06 21:03:55] INFO: [FileUnitOfWork] StockPriceHistories blev skrevet til fil data\stock_price_history.psv
[2026-06-06 21:03:55] INFO: [StockMarket] Stock AMZN blev opdateret og pricehistory blev gemt
[2026-06-06 21:03:55] INFO: [OwnedStockFileDAO] Ownedstocks blev indlæst fra fil
[2026-06-06 21:03:55] INFO: [GameStateService] Stock: META | Price: 406,01 | State: Declining
[2026-06-06 21:03:55] INFO: [StockMarket] StockListenerService modtog update for: META
[2026-06-06 21:03:55] INFO: [StockListenerService] Transaction started
[2026-06-06 21:03:55] INFO: [FileUnitOfWork] Stock blev skrevet til fil data\stocks.psv
[2026-06-06 21:03:55] INFO: [FileUnitOfWork] StockPriceHistories blev skrevet til fil data\stock_price_history.psv
[2026-06-06 21:03:55] INFO: [StockMarket] Stock META blev opdateret og pricehistory blev gemt
[2026-06-06 21:03:55] INFO: [OwnedStockFileDAO] Ownedstocks blev indlæst fra fil
[2026-06-06 21:03:55] INFO: [GameStateService] Stock: GM | Price: 255,36 | State: Rising
[2026-06-06 21:03:55] INFO: [StockMarket] StockListenerService modtog update for: GM
[2026-06-06 21:03:55] INFO: [StockListenerService] Transaction started
[2026-06-06 21:03:55] INFO: [FileUnitOfWork] Stock blev skrevet til fil data\stocks.psv
[2026-06-06 21:03:55] INFO: [FileUnitOfWork] StockPriceHistories blev skrevet til fil data\stock_price_history.psv
[2026-06-06 21:03:55] INFO: [StockMarket] Stock GM blev opdateret og pricehistory blev gemt
[2026-06-06 21:03:55] INFO: [OwnedStockFileDAO] Ownedstocks blev indlæst fra fil
[2026-06-06 21:03:56] INFO: [MarketTickHandler] Game started
[2026-06-06 21:03:56] INFO: [Thread] Markedet blev opdateret
[2026-06-06 21:03:56] INFO: [MarketTickHandler] Updating stock market
[2026-06-06 21:03:56] INFO: [GameStateService] Stock: AAPL | Price: 214,51 | State: Declining
[2026-06-06 21:03:56] INFO: [StockMarket] StockListenerService modtog update for: AAPL
[2026-06-06 21:03:56] INFO: [StockListenerService] Transaction started
[2026-06-06 21:03:56] INFO: [FileUnitOfWork] Stock blev skrevet til fil data\stocks.psv
[2026-06-06 21:03:56] INFO: [FileUnitOfWork] StockPriceHistories blev skrevet til fil data\stock_price_history.psv
[2026-06-06 21:03:56] INFO: [StockMarket] Stock AAPL blev opdateret og pricehistory blev gemt
[2026-06-06 21:03:56] INFO: [OwnedStockFileDAO] Ownedstocks blev indlæst fra fil
[2026-06-06 21:03:56] INFO: [GameStateService] Stock: TSLA | Price: 120,08 | State: Steady
[2026-06-06 21:03:56] INFO: [StockMarket] StockListenerService modtog update for: TSLA
[2026-06-06 21:03:56] INFO: [StockListenerService] Transaction started
[2026-06-06 21:03:56] INFO: [FileUnitOfWork] Stock blev skrevet til fil data\stocks.psv
[2026-06-06 21:03:56] INFO: [FileUnitOfWork] StockPriceHistories blev skrevet til fil data\stock_price_history.psv
[2026-06-06 21:03:56] INFO: [StockMarket] Stock TSLA blev opdateret og pricehistory blev gemt
[2026-06-06 21:03:56] INFO: [OwnedStockFileDAO] Ownedstocks blev indlæst fra fil
[2026-06-06 21:03:56] INFO: [GameStateService] Stock: NVDA | Price: 116,95 | State: Steady
[2026-06-06 21:03:56] INFO: [StockMarket] StockListenerService modtog update for: NVDA
[2026-06-06 21:03:56] INFO: [StockListenerService] Transaction started
[2026-06-06 21:03:56] INFO: [FileUnitOfWork] Stock blev skrevet til fil data\stocks.psv
[2026-06-06 21:03:56] INFO: [FileUnitOfWork] StockPriceHistories blev skrevet til fil data\stock_price_history.psv
[2026-06-06 21:03:56] INFO: [StockMarket] Stock NVDA blev opdateret og pricehistory blev gemt
[2026-06-06 21:03:56] INFO: [OwnedStockFileDAO] Ownedstocks blev indlæst fra fil
[2026-06-06 21:03:56] INFO: [RisingState] LiveStock MSFT changed state from Rising to: Steady
[2026-06-06 21:03:56] INFO: [GameStateService] Stock: MSFT | Price: 475,14 | State: Steady
[2026-06-06 21:03:56] INFO: [StockMarket] StockListenerService modtog update for: MSFT
[2026-06-06 21:03:56] INFO: [StockListenerService] Transaction started
[2026-06-06 21:03:56] INFO: [FileUnitOfWork] Stock blev skrevet til fil data\stocks.psv
[2026-06-06 21:03:56] INFO: [FileUnitOfWork] StockPriceHistories blev skrevet til fil data\stock_price_history.psv
[2026-06-06 21:03:56] INFO: [StockMarket] Stock MSFT blev opdateret og pricehistory blev gemt
[2026-06-06 21:03:56] INFO: [OwnedStockFileDAO] Ownedstocks blev indlæst fra fil
[2026-06-06 21:03:56] INFO: [GameStateService] Stock: GOOGL | Price: 374,27 | State: Steady
[2026-06-06 21:03:56] INFO: [StockMarket] StockListenerService modtog update for: GOOGL
[2026-06-06 21:03:56] INFO: [StockListenerService] Transaction started
[2026-06-06 21:03:56] INFO: [FileUnitOfWork] Stock blev skrevet til fil data\stocks.psv
[2026-06-06 21:03:56] INFO: [FileUnitOfWork] StockPriceHistories blev skrevet til fil data\stock_price_history.psv
[2026-06-06 21:03:56] INFO: [StockMarket] Stock GOOGL blev opdateret og pricehistory blev gemt
[2026-06-06 21:03:56] INFO: [OwnedStockFileDAO] Ownedstocks blev indlæst fra fil
[2026-06-06 21:03:56] INFO: [GameStateService] Stock: AMZN | Price: 281,09 | State: Rising
[2026-06-06 21:03:56] INFO: [StockMarket] StockListenerService modtog update for: AMZN
[2026-06-06 21:03:56] INFO: [StockListenerService] Transaction started
[2026-06-06 21:03:56] INFO: [FileUnitOfWork] Stock blev skrevet til fil data\stocks.psv
[2026-06-06 21:03:56] INFO: [FileUnitOfWork] StockPriceHistories blev skrevet til fil data\stock_price_history.psv
[2026-06-06 21:03:56] INFO: [StockMarket] Stock AMZN blev opdateret og pricehistory blev gemt
[2026-06-06 21:03:56] INFO: [OwnedStockFileDAO] Ownedstocks blev indlæst fra fil
[2026-06-06 21:03:56] INFO: [GameStateService] Stock: META | Price: 407,07 | State: Declining
[2026-06-06 21:03:56] INFO: [StockMarket] StockListenerService modtog update for: META
[2026-06-06 21:03:56] INFO: [StockListenerService] Transaction started
[2026-06-06 21:03:56] INFO: [FileUnitOfWork] Stock blev skrevet til fil data\stocks.psv
[2026-06-06 21:03:56] INFO: [FileUnitOfWork] StockPriceHistories blev skrevet til fil data\stock_price_history.psv
[2026-06-06 21:03:56] INFO: [StockMarket] Stock META blev opdateret og pricehistory blev gemt
[2026-06-06 21:03:56] INFO: [OwnedStockFileDAO] Ownedstocks blev indlæst fra fil
[2026-06-06 21:03:56] INFO: [GameStateService] Stock: GM | Price: 253,49 | State: Rising
[2026-06-06 21:03:56] INFO: [StockMarket] StockListenerService modtog update for: GM
[2026-06-06 21:03:56] INFO: [StockListenerService] Transaction started
[2026-06-06 21:03:56] INFO: [FileUnitOfWork] Stock blev skrevet til fil data\stocks.psv
[2026-06-06 21:03:56] INFO: [FileUnitOfWork] StockPriceHistories blev skrevet til fil data\stock_price_history.psv
[2026-06-06 21:03:56] INFO: [StockMarket] Stock GM blev opdateret og pricehistory blev gemt
[2026-06-06 21:03:56] INFO: [OwnedStockFileDAO] Ownedstocks blev indlæst fra fil
[2026-06-06 21:03:57] INFO: [MarketTickHandler] Game started
[2026-06-06 21:03:57] INFO: [Thread] Markedet blev opdateret
[2026-06-06 21:03:57] INFO: [MarketTickHandler] Updating stock market
[2026-06-06 21:03:57] INFO: [GameStateService] Stock: AAPL | Price: 212,41 | State: Declining
[2026-06-06 21:03:57] INFO: [StockMarket] StockListenerService modtog update for: AAPL
[2026-06-06 21:03:57] INFO: [StockListenerService] Transaction started
[2026-06-06 21:03:57] INFO: [FileUnitOfWork] Stock blev skrevet til fil data\stocks.psv
[2026-06-06 21:03:57] INFO: [FileUnitOfWork] StockPriceHistories blev skrevet til fil data\stock_price_history.psv
[2026-06-06 21:03:57] INFO: [StockMarket] Stock AAPL blev opdateret og pricehistory blev gemt
[2026-06-06 21:03:57] INFO: [OwnedStockFileDAO] Ownedstocks blev indlæst fra fil
[2026-06-06 21:03:57] INFO: [GameStateService] Stock: TSLA | Price: 120,07 | State: Steady
[2026-06-06 21:03:57] INFO: [StockMarket] StockListenerService modtog update for: TSLA
[2026-06-06 21:03:57] INFO: [StockListenerService] Transaction started
[2026-06-06 21:03:57] INFO: [FileUnitOfWork] Stock blev skrevet til fil data\stocks.psv
[2026-06-06 21:03:57] INFO: [FileUnitOfWork] StockPriceHistories blev skrevet til fil data\stock_price_history.psv
[2026-06-06 21:03:57] INFO: [StockMarket] Stock TSLA blev opdateret og pricehistory blev gemt
[2026-06-06 21:03:57] INFO: [OwnedStockFileDAO] Ownedstocks blev indlæst fra fil
[2026-06-06 21:03:57] INFO: [GameStateService] Stock: NVDA | Price: 117,55 | State: Steady
[2026-06-06 21:03:57] INFO: [StockMarket] StockListenerService modtog update for: NVDA
[2026-06-06 21:03:57] INFO: [StockListenerService] Transaction started
[2026-06-06 21:03:57] INFO: [FileUnitOfWork] Stock blev skrevet til fil data\stocks.psv
[2026-06-06 21:03:57] INFO: [FileUnitOfWork] StockPriceHistories blev skrevet til fil data\stock_price_history.psv
[2026-06-06 21:03:57] INFO: [StockMarket] Stock NVDA blev opdateret og pricehistory blev gemt
[2026-06-06 21:03:57] INFO: [OwnedStockFileDAO] Ownedstocks blev indlæst fra fil
[2026-06-06 21:03:57] INFO: [GameStateService] Stock: MSFT | Price: 475,79 | State: Steady
[2026-06-06 21:03:57] INFO: [StockMarket] StockListenerService modtog update for: MSFT
[2026-06-06 21:03:57] INFO: [StockListenerService] Transaction started
[2026-06-06 21:03:57] INFO: [FileUnitOfWork] Stock blev skrevet til fil data\stocks.psv
[2026-06-06 21:03:57] INFO: [FileUnitOfWork] StockPriceHistories blev skrevet til fil data\stock_price_history.psv
[2026-06-06 21:03:57] INFO: [StockMarket] Stock MSFT blev opdateret og pricehistory blev gemt
[2026-06-06 21:03:57] INFO: [OwnedStockFileDAO] Ownedstocks blev indlæst fra fil
[2026-06-06 21:03:57] INFO: [SteadyState] LiveStock GOOGL changed state from Steady to: Rising
[2026-06-06 21:03:57] INFO: [GameStateService] Stock: GOOGL | Price: 373,86 | State: Rising
[2026-06-06 21:03:57] INFO: [StockMarket] StockListenerService modtog update for: GOOGL
[2026-06-06 21:03:57] INFO: [StockListenerService] Transaction started
[2026-06-06 21:03:57] INFO: [FileUnitOfWork] Stock blev skrevet til fil data\stocks.psv
[2026-06-06 21:03:57] INFO: [FileUnitOfWork] StockPriceHistories blev skrevet til fil data\stock_price_history.psv
[2026-06-06 21:03:57] INFO: [StockMarket] Stock GOOGL blev opdateret og pricehistory blev gemt
[2026-06-06 21:03:57] INFO: [OwnedStockFileDAO] Ownedstocks blev indlæst fra fil
[2026-06-06 21:03:57] INFO: [RisingState] LiveStock AMZN changed state from Rising to: Declining
[2026-06-06 21:03:57] INFO: [GameStateService] Stock: AMZN | Price: 283,78 | State: Declining
[2026-06-06 21:03:57] INFO: [StockMarket] StockListenerService modtog update for: AMZN
[2026-06-06 21:03:57] INFO: [StockListenerService] Transaction started
[2026-06-06 21:03:57] INFO: [FileUnitOfWork] Stock blev skrevet til fil data\stocks.psv
[2026-06-06 21:03:57] INFO: [FileUnitOfWork] StockPriceHistories blev skrevet til fil data\stock_price_history.psv
[2026-06-06 21:03:57] INFO: [StockMarket] Stock AMZN blev opdateret og pricehistory blev gemt
[2026-06-06 21:03:57] INFO: [OwnedStockFileDAO] Ownedstocks blev indlæst fra fil
[2026-06-06 21:03:57] INFO: [GameStateService] Stock: META | Price: 407,60 | State: Declining
[2026-06-06 21:03:57] INFO: [StockMarket] StockListenerService modtog update for: META
[2026-06-06 21:03:57] INFO: [StockListenerService] Transaction started
[2026-06-06 21:03:57] INFO: [FileUnitOfWork] Stock blev skrevet til fil data\stocks.psv
[2026-06-06 21:03:57] INFO: [FileUnitOfWork] StockPriceHistories blev skrevet til fil data\stock_price_history.psv
[2026-06-06 21:03:57] INFO: [StockMarket] Stock META blev opdateret og pricehistory blev gemt
[2026-06-06 21:03:57] INFO: [OwnedStockFileDAO] Ownedstocks blev indlæst fra fil
[2026-06-06 21:03:57] INFO: [GameStateService] Stock: GM | Price: 257,55 | State: Rising
[2026-06-06 21:03:57] INFO: [StockMarket] StockListenerService modtog update for: GM
[2026-06-06 21:03:57] INFO: [StockListenerService] Transaction started
[2026-06-06 21:03:57] INFO: [FileUnitOfWork] Stock blev skrevet til fil data\stocks.psv
[2026-06-06 21:03:57] INFO: [FileUnitOfWork] StockPriceHistories blev skrevet til fil data\stock_price_history.psv
[2026-06-06 21:03:57] INFO: [StockMarket] Stock GM blev opdateret og pricehistory blev gemt
[2026-06-06 21:03:57] INFO: [OwnedStockFileDAO] Ownedstocks blev indlæst fra fil
[2026-06-06 21:03:57] INFO: [MarketTickHandler] Game started
[2026-06-06 21:03:57] INFO: [Thread] Markedet blev opdateret
[2026-06-06 21:03:57] INFO: [MarketTickHandler] Updating stock market
[2026-06-06 21:03:57] INFO: [GameStateService] Stock: AAPL | Price: 212,47 | State: Declining
[2026-06-06 21:03:57] INFO: [StockMarket] StockListenerService modtog update for: AAPL
[2026-06-06 21:03:57] INFO: [StockListenerService] Transaction started
[2026-06-06 21:03:57] INFO: [FileUnitOfWork] Stock blev skrevet til fil data\stocks.psv
[2026-06-06 21:03:57] INFO: [FileUnitOfWork] StockPriceHistories blev skrevet til fil data\stock_price_history.psv
[2026-06-06 21:03:57] INFO: [StockMarket] Stock AAPL blev opdateret og pricehistory blev gemt
[2026-06-06 21:03:57] INFO: [OwnedStockFileDAO] Ownedstocks blev indlæst fra fil
[2026-06-06 21:03:57] INFO: [GameStateService] Stock: TSLA | Price: 119,72 | State: Steady
[2026-06-06 21:03:57] INFO: [StockMarket] StockListenerService modtog update for: TSLA
[2026-06-06 21:03:57] INFO: [StockListenerService] Transaction started
[2026-06-06 21:03:57] INFO: [FileUnitOfWork] Stock blev skrevet til fil data\stocks.psv
[2026-06-06 21:03:57] INFO: [FileUnitOfWork] StockPriceHistories blev skrevet til fil data\stock_price_history.psv
[2026-06-06 21:03:57] INFO: [StockMarket] Stock TSLA blev opdateret og pricehistory blev gemt
[2026-06-06 21:03:57] INFO: [OwnedStockFileDAO] Ownedstocks blev indlæst fra fil
[2026-06-06 21:03:57] INFO: [GameStateService] Stock: NVDA | Price: 117,35 | State: Steady
[2026-06-06 21:03:57] INFO: [StockMarket] StockListenerService modtog update for: NVDA
[2026-06-06 21:03:57] INFO: [StockListenerService] Transaction started
[2026-06-06 21:03:57] INFO: [FileUnitOfWork] Stock blev skrevet til fil data\stocks.psv
[2026-06-06 21:03:57] INFO: [FileUnitOfWork] StockPriceHistories blev skrevet til fil data\stock_price_history.psv
[2026-06-06 21:03:57] INFO: [StockMarket] Stock NVDA blev opdateret og pricehistory blev gemt
[2026-06-06 21:03:57] INFO: [OwnedStockFileDAO] Ownedstocks blev indlæst fra fil
[2026-06-06 21:03:57] INFO: [GameStateService] Stock: MSFT | Price: 476,04 | State: Steady
[2026-06-06 21:03:57] INFO: [StockMarket] StockListenerService modtog update for: MSFT
[2026-06-06 21:03:57] INFO: [StockListenerService] Transaction started
[2026-06-06 21:03:57] INFO: [FileUnitOfWork] Stock blev skrevet til fil data\stocks.psv
[2026-06-06 21:03:57] INFO: [FileUnitOfWork] StockPriceHistories blev skrevet til fil data\stock_price_history.psv
[2026-06-06 21:03:57] INFO: [StockMarket] Stock MSFT blev opdateret og pricehistory blev gemt
[2026-06-06 21:03:57] INFO: [OwnedStockFileDAO] Ownedstocks blev indlæst fra fil
[2026-06-06 21:03:57] INFO: [GameStateService] Stock: GOOGL | Price: 374,93 | State: Rising
[2026-06-06 21:03:57] INFO: [StockMarket] StockListenerService modtog update for: GOOGL
[2026-06-06 21:03:57] INFO: [StockListenerService] Transaction started
[2026-06-06 21:03:57] INFO: [FileUnitOfWork] Stock blev skrevet til fil data\stocks.psv
[2026-06-06 21:03:57] INFO: [FileUnitOfWork] StockPriceHistories blev skrevet til fil data\stock_price_history.psv
[2026-06-06 21:03:57] INFO: [StockMarket] Stock GOOGL blev opdateret og pricehistory blev gemt
[2026-06-06 21:03:57] INFO: [OwnedStockFileDAO] Ownedstocks blev indlæst fra fil
[2026-06-06 21:03:57] INFO: [GameStateService] Stock: AMZN | Price: 285,06 | State: Declining
[2026-06-06 21:03:57] INFO: [StockMarket] StockListenerService modtog update for: AMZN
[2026-06-06 21:03:57] INFO: [StockListenerService] Transaction started
[2026-06-06 21:03:58] INFO: [FileUnitOfWork] Stock blev skrevet til fil data\stocks.psv
[2026-06-06 21:03:58] INFO: [FileUnitOfWork] StockPriceHistories blev skrevet til fil data\stock_price_history.psv
[2026-06-06 21:03:58] INFO: [StockMarket] Stock AMZN blev opdateret og pricehistory blev gemt
[2026-06-06 21:03:58] INFO: [OwnedStockFileDAO] Ownedstocks blev indlæst fra fil
[2026-06-06 21:03:58] INFO: [DecliningState] LiveStock META changed state from Declining to: Rising
[2026-06-06 21:03:58] INFO: [GameStateService] Stock: META | Price: 407,42 | State: Rising
[2026-06-06 21:03:58] INFO: [StockMarket] StockListenerService modtog update for: META
[2026-06-06 21:03:58] INFO: [StockListenerService] Transaction started
[2026-06-06 21:03:58] INFO: [FileUnitOfWork] Stock blev skrevet til fil data\stocks.psv
[2026-06-06 21:03:58] INFO: [FileUnitOfWork] StockPriceHistories blev skrevet til fil data\stock_price_history.psv
[2026-06-06 21:03:58] INFO: [StockMarket] Stock META blev opdateret og pricehistory blev gemt
[2026-06-06 21:03:58] INFO: [OwnedStockFileDAO] Ownedstocks blev indlæst fra fil
[2026-06-06 21:03:58] INFO: [RisingState] LiveStock GM changed state from Rising to: Steady
[2026-06-06 21:03:58] INFO: [GameStateService] Stock: GM | Price: 259,02 | State: Steady
[2026-06-06 21:03:58] INFO: [StockMarket] StockListenerService modtog update for: GM
[2026-06-06 21:03:58] INFO: [StockListenerService] Transaction started
[2026-06-06 21:03:58] INFO: [FileUnitOfWork] Stock blev skrevet til fil data\stocks.psv
[2026-06-06 21:03:58] INFO: [FileUnitOfWork] StockPriceHistories blev skrevet til fil data\stock_price_history.psv
[2026-06-06 21:03:58] INFO: [StockMarket] Stock GM blev opdateret og pricehistory blev gemt
[2026-06-06 21:03:58] INFO: [OwnedStockFileDAO] Ownedstocks blev indlæst fra fil
[2026-06-06 21:03:59] INFO: [MarketTickHandler] Game started
[2026-06-06 21:03:59] INFO: [Thread] Markedet blev opdateret
[2026-06-06 21:03:59] INFO: [MarketTickHandler] Updating stock market
[2026-06-06 21:03:59] INFO: [GameStateService] Stock: AAPL | Price: 213,85 | State: Declining
[2026-06-06 21:03:59] INFO: [StockMarket] StockListenerService modtog update for: AAPL
[2026-06-06 21:03:59] INFO: [StockListenerService] Transaction started
[2026-06-06 21:03:59] INFO: [FileUnitOfWork] Stock blev skrevet til fil data\stocks.psv
[2026-06-06 21:03:59] INFO: [FileUnitOfWork] StockPriceHistories blev skrevet til fil data\stock_price_history.psv
[2026-06-06 21:03:59] INFO: [StockMarket] Stock AAPL blev opdateret og pricehistory blev gemt
[2026-06-06 21:03:59] INFO: [OwnedStockFileDAO] Ownedstocks blev indlæst fra fil
[2026-06-06 21:03:59] INFO: [GameStateService] Stock: TSLA | Price: 119,33 | State: Steady
[2026-06-06 21:03:59] INFO: [StockMarket] StockListenerService modtog update for: TSLA
[2026-06-06 21:03:59] INFO: [StockListenerService] Transaction started
[2026-06-06 21:03:59] INFO: [FileUnitOfWork] Stock blev skrevet til fil data\stocks.psv
[2026-06-06 21:03:59] INFO: [FileUnitOfWork] StockPriceHistories blev skrevet til fil data\stock_price_history.psv
[2026-06-06 21:03:59] INFO: [StockMarket] Stock TSLA blev opdateret og pricehistory blev gemt
[2026-06-06 21:03:59] INFO: [OwnedStockFileDAO] Ownedstocks blev indlæst fra fil
[2026-06-06 21:03:59] INFO: [GameStateService] Stock: NVDA | Price: 116,54 | State: Steady
[2026-06-06 21:03:59] INFO: [StockMarket] StockListenerService modtog update for: NVDA
[2026-06-06 21:03:59] INFO: [StockListenerService] Transaction started
[2026-06-06 21:03:59] INFO: [FileUnitOfWork] Stock blev skrevet til fil data\stocks.psv
[2026-06-06 21:03:59] INFO: [FileUnitOfWork] StockPriceHistories blev skrevet til fil data\stock_price_history.psv
[2026-06-06 21:03:59] INFO: [StockMarket] Stock NVDA blev opdateret og pricehistory blev gemt
[2026-06-06 21:03:59] INFO: [OwnedStockFileDAO] Ownedstocks blev indlæst fra fil
[2026-06-06 21:03:59] INFO: [GameStateService] Stock: MSFT | Price: 476,15 | State: Steady
[2026-06-06 21:03:59] INFO: [StockMarket] StockListenerService modtog update for: MSFT
[2026-06-06 21:03:59] INFO: [StockListenerService] Transaction started
[2026-06-06 21:03:59] INFO: [FileUnitOfWork] Stock blev skrevet til fil data\stocks.psv
[2026-06-06 21:03:59] INFO: [FileUnitOfWork] StockPriceHistories blev skrevet til fil data\stock_price_history.psv
[2026-06-06 21:03:59] INFO: [StockMarket] Stock MSFT blev opdateret og pricehistory blev gemt
[2026-06-06 21:03:59] INFO: [OwnedStockFileDAO] Ownedstocks blev indlæst fra fil
[2026-06-06 21:03:59] INFO: [GameStateService] Stock: GOOGL | Price: 378,63 | State: Rising
[2026-06-06 21:03:59] INFO: [StockMarket] StockListenerService modtog update for: GOOGL
[2026-06-06 21:03:59] INFO: [StockListenerService] Transaction started
[2026-06-06 21:03:59] INFO: [FileUnitOfWork] Stock blev skrevet til fil data\stocks.psv
[2026-06-06 21:03:59] INFO: [FileUnitOfWork] StockPriceHistories blev skrevet til fil data\stock_price_history.psv
[2026-06-06 21:03:59] INFO: [StockMarket] Stock GOOGL blev opdateret og pricehistory blev gemt
[2026-06-06 21:03:59] INFO: [OwnedStockFileDAO] Ownedstocks blev indlæst fra fil
[2026-06-06 21:03:59] INFO: [DecliningState] LiveStock AMZN changed state from Declining to: Rising
[2026-06-06 21:03:59] INFO: [GameStateService] Stock: AMZN | Price: 283,51 | State: Rising
[2026-06-06 21:03:59] INFO: [StockMarket] StockListenerService modtog update for: AMZN
[2026-06-06 21:03:59] INFO: [StockListenerService] Transaction started
[2026-06-06 21:03:59] INFO: [FileUnitOfWork] Stock blev skrevet til fil data\stocks.psv
[2026-06-06 21:03:59] INFO: [FileUnitOfWork] StockPriceHistories blev skrevet til fil data\stock_price_history.psv
[2026-06-06 21:03:59] INFO: [StockMarket] Stock AMZN blev opdateret og pricehistory blev gemt
[2026-06-06 21:03:59] INFO: [OwnedStockFileDAO] Ownedstocks blev indlæst fra fil
[2026-06-06 21:03:59] INFO: [GameStateService] Stock: META | Price: 410,08 | State: Rising
[2026-06-06 21:03:59] INFO: [StockMarket] StockListenerService modtog update for: META
[2026-06-06 21:03:59] INFO: [StockListenerService] Transaction started
[2026-06-06 21:03:59] INFO: [FileUnitOfWork] Stock blev skrevet til fil data\stocks.psv
[2026-06-06 21:03:59] INFO: [FileUnitOfWork] StockPriceHistories blev skrevet til fil data\stock_price_history.psv
[2026-06-06 21:03:59] INFO: [StockMarket] Stock META blev opdateret og pricehistory blev gemt
[2026-06-06 21:03:59] INFO: [OwnedStockFileDAO] Ownedstocks blev indlæst fra fil
[2026-06-06 21:03:59] INFO: [GameStateService] Stock: GM | Price: 259,13 | State: Steady
[2026-06-06 21:03:59] INFO: [StockMarket] StockListenerService modtog update for: GM
[2026-06-06 21:03:59] INFO: [StockListenerService] Transaction started
[2026-06-06 21:03:59] INFO: [FileUnitOfWork] Stock blev skrevet til fil data\stocks.psv
[2026-06-06 21:03:59] INFO: [FileUnitOfWork] StockPriceHistories blev skrevet til fil data\stock_price_history.psv
[2026-06-06 21:03:59] INFO: [StockMarket] Stock GM blev opdateret og pricehistory blev gemt
[2026-06-06 21:03:59] INFO: [OwnedStockFileDAO] Ownedstocks blev indlæst fra fil
[2026-06-06 21:04:00] INFO: [MarketTickHandler] Game started
[2026-06-06 21:04:00] INFO: [Thread] Markedet blev opdateret
[2026-06-06 21:04:00] INFO: [MarketTickHandler] Updating stock market
[2026-06-06 21:04:00] INFO: [GameStateService] Stock: AAPL | Price: 212,21 | State: Declining
[2026-06-06 21:04:00] INFO: [StockMarket] StockListenerService modtog update for: AAPL
[2026-06-06 21:04:00] INFO: [StockListenerService] Transaction started
[2026-06-06 21:04:00] INFO: [FileUnitOfWork] Stock blev skrevet til fil data\stocks.psv
[2026-06-06 21:04:00] INFO: [FileUnitOfWork] StockPriceHistories blev skrevet til fil data\stock_price_history.psv
[2026-06-06 21:04:00] INFO: [StockMarket] Stock AAPL blev opdateret og pricehistory blev gemt
[2026-06-06 21:04:00] INFO: [OwnedStockFileDAO] Ownedstocks blev indlæst fra fil
[2026-06-06 21:04:00] INFO: [GameStateService] Stock: TSLA | Price: 120,33 | State: Steady
[2026-06-06 21:04:00] INFO: [StockMarket] StockListenerService modtog update for: TSLA
[2026-06-06 21:04:00] INFO: [StockListenerService] Transaction started
[2026-06-06 21:04:00] INFO: [FileUnitOfWork] Stock blev skrevet til fil data\stocks.psv
[2026-06-06 21:04:00] INFO: [FileUnitOfWork] StockPriceHistories blev skrevet til fil data\stock_price_history.psv
[2026-06-06 21:04:00] INFO: [StockMarket] Stock TSLA blev opdateret og pricehistory blev gemt
[2026-06-06 21:04:00] INFO: [OwnedStockFileDAO] Ownedstocks blev indlæst fra fil
[2026-06-06 21:04:00] INFO: [GameStateService] Stock: NVDA | Price: 115,81 | State: Steady
[2026-06-06 21:04:00] INFO: [StockMarket] StockListenerService modtog update for: NVDA
[2026-06-06 21:04:00] INFO: [StockListenerService] Transaction started
[2026-06-06 21:04:00] INFO: [FileUnitOfWork] Stock blev skrevet til fil data\stocks.psv
[2026-06-06 21:04:00] INFO: [FileUnitOfWork] StockPriceHistories blev skrevet til fil data\stock_price_history.psv
[2026-06-06 21:04:00] INFO: [StockMarket] Stock NVDA blev opdateret og pricehistory blev gemt
[2026-06-06 21:04:00] INFO: [OwnedStockFileDAO] Ownedstocks blev indlæst fra fil
[2026-06-06 21:04:00] INFO: [GameStateService] Stock: MSFT | Price: 476,14 | State: Steady
[2026-06-06 21:04:00] INFO: [StockMarket] StockListenerService modtog update for: MSFT
[2026-06-06 21:04:00] INFO: [StockListenerService] Transaction started
[2026-06-06 21:04:00] INFO: [FileUnitOfWork] Stock blev skrevet til fil data\stocks.psv
[2026-06-06 21:04:00] INFO: [FileUnitOfWork] StockPriceHistories blev skrevet til fil data\stock_price_history.psv
[2026-06-06 21:04:00] INFO: [StockMarket] Stock MSFT blev opdateret og pricehistory blev gemt
[2026-06-06 21:04:00] INFO: [OwnedStockFileDAO] Ownedstocks blev indlæst fra fil
[2026-06-06 21:04:00] INFO: [RisingState] LiveStock GOOGL changed state from Rising to: Declining
[2026-06-06 21:04:00] INFO: [GameStateService] Stock: GOOGL | Price: 380,61 | State: Declining
[2026-06-06 21:04:00] INFO: [StockMarket] StockListenerService modtog update for: GOOGL
[2026-06-06 21:04:00] INFO: [StockListenerService] Transaction started
[2026-06-06 21:04:00] INFO: [FileUnitOfWork] Stock blev skrevet til fil data\stocks.psv
[2026-06-06 21:04:00] INFO: [FileUnitOfWork] StockPriceHistories blev skrevet til fil data\stock_price_history.psv
[2026-06-06 21:04:00] INFO: [StockMarket] Stock GOOGL blev opdateret og pricehistory blev gemt
[2026-06-06 21:04:00] INFO: [OwnedStockFileDAO] Ownedstocks blev indlæst fra fil
[2026-06-06 21:04:00] INFO: [RisingState] LiveStock AMZN changed state from Rising to: Declining
[2026-06-06 21:04:00] INFO: [GameStateService] Stock: AMZN | Price: 284,02 | State: Declining
[2026-06-06 21:04:00] INFO: [StockMarket] StockListenerService modtog update for: AMZN
[2026-06-06 21:04:00] INFO: [StockListenerService] Transaction started
[2026-06-06 21:04:00] INFO: [FileUnitOfWork] Stock blev skrevet til fil data\stocks.psv
[2026-06-06 21:04:00] INFO: [FileUnitOfWork] StockPriceHistories blev skrevet til fil data\stock_price_history.psv
[2026-06-06 21:04:00] INFO: [StockMarket] Stock AMZN blev opdateret og pricehistory blev gemt
[2026-06-06 21:04:00] INFO: [OwnedStockFileDAO] Ownedstocks blev indlæst fra fil
[2026-06-06 21:04:00] INFO: [GameStateService] Stock: META | Price: 414,76 | State: Rising
[2026-06-06 21:04:00] INFO: [StockMarket] StockListenerService modtog update for: META
[2026-06-06 21:04:00] INFO: [StockListenerService] Transaction started
[2026-06-06 21:04:00] INFO: [FileUnitOfWork] Stock blev skrevet til fil data\stocks.psv
[2026-06-06 21:04:00] INFO: [FileUnitOfWork] StockPriceHistories blev skrevet til fil data\stock_price_history.psv
[2026-06-06 21:04:00] INFO: [StockMarket] Stock META blev opdateret og pricehistory blev gemt
[2026-06-06 21:04:00] INFO: [OwnedStockFileDAO] Ownedstocks blev indlæst fra fil
[2026-06-06 21:04:00] INFO: [GameStateService] Stock: GM | Price: 259,39 | State: Steady
[2026-06-06 21:04:00] INFO: [StockMarket] StockListenerService modtog update for: GM
[2026-06-06 21:04:00] INFO: [StockListenerService] Transaction started
[2026-06-06 21:04:00] INFO: [FileUnitOfWork] Stock blev skrevet til fil data\stocks.psv
[2026-06-06 21:04:00] INFO: [FileUnitOfWork] StockPriceHistories blev skrevet til fil data\stock_price_history.psv
[2026-06-06 21:04:00] INFO: [StockMarket] Stock GM blev opdateret og pricehistory blev gemt
[2026-06-06 21:04:00] INFO: [OwnedStockFileDAO] Ownedstocks blev indlæst fra fil
[2026-06-07 10:40:15] INFO: [BuyStocksViewModel] Fetching AvailableStocks
[2026-06-07 10:40:15] INFO: [BuyStocksViewModel] Fetching portfolio: e6f56e16-0f0a-40d4-a655-b91e689c4dd1
[2026-06-07 10:40:15] INFO: [OwnedStockFileDAO] Ownedstocks blev indlæst fra fil
[2026-06-07 10:40:15] INFO: [SellStocksViewModel] Fetching portfolio: e6f56e16-0f0a-40d4-a655-b91e689c4dd1
[2026-06-07 10:40:15] INFO: [GameStateService] Initializing stock market
[2026-06-07 10:40:15] INFO: [GameStateService] Loading existing stocks into stock market
[2026-06-07 10:40:15] INFO: [GameStateService] Eksisterende Stock tilføjet som LiveStock: AAPL
[2026-06-07 10:40:15] INFO: [GameStateService] Eksisterende Stock tilføjet som LiveStock: TSLA
[2026-06-07 10:40:15] INFO: [GameStateService] Eksisterende Stock tilføjet som LiveStock: NVDA
[2026-06-07 10:40:15] INFO: [GameStateService] Eksisterende Stock tilføjet som LiveStock: MSFT
[2026-06-07 10:40:15] INFO: [GameStateService] Eksisterende Stock tilføjet som LiveStock: GOOGL
[2026-06-07 10:40:15] INFO: [GameStateService] Eksisterende Stock tilføjet som LiveStock: AMZN
[2026-06-07 10:40:15] INFO: [GameStateService] Eksisterende Stock tilføjet som LiveStock: META
[2026-06-07 10:40:15] INFO: [GameStateService] Eksisterende Stock tilføjet som LiveStock: GM
[2026-06-07 10:40:15] INFO: [GameStateService] Stock market initialized
[2026-06-07 10:40:15] INFO: [ApplicationContext] Game started
[2026-06-07 10:40:15] INFO: [MarketTickHandler] Game started
[2026-06-07 10:40:15] INFO: [Thread] Markedet blev opdateret
[2026-06-07 10:40:15] INFO: [MarketTickHandler] Updating stock market
[2026-06-07 10:40:15] INFO: [GameStateService] Stock: AAPL | Price: 213,07 | State: Steady
[2026-06-07 10:40:15] INFO: [StockMarket] StockListenerService modtog update for: AAPL
[2026-06-07 10:40:15] INFO: [StockListenerService] Transaction started
[2026-06-07 10:40:15] INFO: [FileUnitOfWork] Stock blev skrevet til fil data\stocks.psv
[2026-06-07 10:40:16] INFO: [FileUnitOfWork] StockPriceHistories blev skrevet til fil data\stock_price_history.psv
[2026-06-07 10:40:16] INFO: [StockMarket] Stock AAPL blev opdateret og pricehistory blev gemt
[2026-06-07 10:40:16] INFO: [OwnedStockFileDAO] Ownedstocks blev indlæst fra fil
[2026-06-07 10:40:16] INFO: [StockMarket] Stock: AAPL er meget høj: 213.07253778232564
[2026-06-07 10:40:16] INFO: [SteadyState] LiveStock TSLA changed state from Steady to: Rising
[2026-06-07 10:40:16] INFO: [GameStateService] Stock: TSLA | Price: 119,62 | State: Rising
[2026-06-07 10:40:16] INFO: [StockMarket] StockListenerService modtog update for: TSLA
[2026-06-07 10:40:16] INFO: [StockListenerService] Transaction started
[2026-06-07 10:40:16] INFO: [FileUnitOfWork] Stock blev skrevet til fil data\stocks.psv
[2026-06-07 10:40:16] INFO: [FileUnitOfWork] StockPriceHistories blev skrevet til fil data\stock_price_history.psv
[2026-06-07 10:40:16] INFO: [StockMarket] Stock TSLA blev opdateret og pricehistory blev gemt
[2026-06-07 10:40:16] INFO: [OwnedStockFileDAO] Ownedstocks blev indlæst fra fil
[2026-06-07 10:40:16] INFO: [GameStateService] Stock: NVDA | Price: 114,93 | State: Steady
[2026-06-07 10:40:16] INFO: [StockMarket] StockListenerService modtog update for: NVDA
[2026-06-07 10:40:16] INFO: [StockListenerService] Transaction started
[2026-06-07 10:40:16] INFO: [FileUnitOfWork] Stock blev skrevet til fil data\stocks.psv
[2026-06-07 10:40:16] INFO: [FileUnitOfWork] StockPriceHistories blev skrevet til fil data\stock_price_history.psv
[2026-06-07 10:40:16] INFO: [StockMarket] Stock NVDA blev opdateret og pricehistory blev gemt
[2026-06-07 10:40:16] INFO: [OwnedStockFileDAO] Ownedstocks blev indlæst fra fil
[2026-06-07 10:40:16] INFO: [GameStateService] Stock: MSFT | Price: 475,17 | State: Steady
[2026-06-07 10:40:16] INFO: [StockMarket] StockListenerService modtog update for: MSFT
[2026-06-07 10:40:16] INFO: [StockListenerService] Transaction started
[2026-06-07 10:40:16] INFO: [FileUnitOfWork] Stock blev skrevet til fil data\stocks.psv
[2026-06-07 10:40:16] INFO: [FileUnitOfWork] StockPriceHistories blev skrevet til fil data\stock_price_history.psv
[2026-06-07 10:40:16] INFO: [StockMarket] Stock MSFT blev opdateret og pricehistory blev gemt
[2026-06-07 10:40:16] INFO: [OwnedStockFileDAO] Ownedstocks blev indlæst fra fil
[2026-06-07 10:40:16] INFO: [StockMarket] Stock: MSFT er meget høj: 475.1691777902822
[2026-06-07 10:40:16] INFO: [GameStateService] Stock: GOOGL | Price: 380,93 | State: Steady
[2026-06-07 10:40:16] INFO: [StockMarket] StockListenerService modtog update for: GOOGL
[2026-06-07 10:40:16] INFO: [StockListenerService] Transaction started
[2026-06-07 10:40:16] INFO: [FileUnitOfWork] Stock blev skrevet til fil data\stocks.psv
[2026-06-07 10:40:16] INFO: [FileUnitOfWork] StockPriceHistories blev skrevet til fil data\stock_price_history.psv
[2026-06-07 10:40:16] INFO: [StockMarket] Stock GOOGL blev opdateret og pricehistory blev gemt
[2026-06-07 10:40:16] INFO: [OwnedStockFileDAO] Ownedstocks blev indlæst fra fil
[2026-06-07 10:40:16] INFO: [StockMarket] Stock: GOOGL er meget høj: 380.92712806210227
[2026-06-07 10:40:16] INFO: [GameStateService] Stock: AMZN | Price: 284,38 | State: Steady
[2026-06-07 10:40:16] INFO: [StockMarket] StockListenerService modtog update for: AMZN
[2026-06-07 10:40:16] INFO: [StockListenerService] Transaction started
[2026-06-07 10:40:16] INFO: [FileUnitOfWork] Stock blev skrevet til fil data\stocks.psv
[2026-06-07 10:40:16] INFO: [FileUnitOfWork] StockPriceHistories blev skrevet til fil data\stock_price_history.psv
[2026-06-07 10:40:16] INFO: [StockMarket] Stock AMZN blev opdateret og pricehistory blev gemt
[2026-06-07 10:40:16] INFO: [OwnedStockFileDAO] Ownedstocks blev indlæst fra fil
[2026-06-07 10:40:16] INFO: [StockMarket] Stock: AMZN er meget høj: 284.38395491475893
[2026-06-07 10:40:16] INFO: [GameStateService] Stock: META | Price: 415,40 | State: Steady
[2026-06-07 10:40:16] INFO: [StockMarket] StockListenerService modtog update for: META
[2026-06-07 10:40:16] INFO: [StockListenerService] Transaction started
[2026-06-07 10:40:16] INFO: [FileUnitOfWork] Stock blev skrevet til fil data\stocks.psv
[2026-06-07 10:40:16] INFO: [FileUnitOfWork] StockPriceHistories blev skrevet til fil data\stock_price_history.psv
[2026-06-07 10:40:16] INFO: [StockMarket] Stock META blev opdateret og pricehistory blev gemt
[2026-06-07 10:40:16] INFO: [OwnedStockFileDAO] Ownedstocks blev indlæst fra fil
[2026-06-07 10:40:16] INFO: [StockMarket] Stock: META er meget høj: 415.39935951830154
[2026-06-07 10:40:16] INFO: [GameStateService] Stock: GM | Price: 259,15 | State: Steady
[2026-06-07 10:40:16] INFO: [StockMarket] StockListenerService modtog update for: GM
[2026-06-07 10:40:16] INFO: [StockListenerService] Transaction started
[2026-06-07 10:40:16] INFO: [FileUnitOfWork] Stock blev skrevet til fil data\stocks.psv
[2026-06-07 10:40:16] INFO: [FileUnitOfWork] StockPriceHistories blev skrevet til fil data\stock_price_history.psv
[2026-06-07 10:40:16] INFO: [StockMarket] Stock GM blev opdateret og pricehistory blev gemt
[2026-06-07 10:40:16] INFO: [OwnedStockFileDAO] Ownedstocks blev indlæst fra fil
[2026-06-07 10:40:16] INFO: [StockMarket] Stock: GM er meget høj: 259.1538795073975
[2026-06-07 10:40:17] INFO: [MarketTickHandler] Game started
[2026-06-07 10:40:17] INFO: [Thread] Markedet blev opdateret
[2026-06-07 10:40:17] INFO: [MarketTickHandler] Updating stock market
[2026-06-07 10:40:17] INFO: [GameStateService] Stock: AAPL | Price: 212,12 | State: Steady
[2026-06-07 10:40:17] INFO: [StockMarket] StockListenerService modtog update for: AAPL
[2026-06-07 10:40:17] INFO: [StockListenerService] Transaction started
[2026-06-07 10:40:17] INFO: [FileUnitOfWork] Stock blev skrevet til fil data\stocks.psv
[2026-06-07 10:40:17] INFO: [FileUnitOfWork] StockPriceHistories blev skrevet til fil data\stock_price_history.psv
[2026-06-07 10:40:17] INFO: [StockMarket] Stock AAPL blev opdateret og pricehistory blev gemt
[2026-06-07 10:40:17] INFO: [OwnedStockFileDAO] Ownedstocks blev indlæst fra fil
[2026-06-07 10:40:17] INFO: [RisingState] LiveStock TSLA changed state from Rising to: Declining
[2026-06-07 10:40:17] INFO: [GameStateService] Stock: TSLA | Price: 119,88 | State: Declining
[2026-06-07 10:40:17] INFO: [StockMarket] StockListenerService modtog update for: TSLA
[2026-06-07 10:40:17] INFO: [StockListenerService] Transaction started
[2026-06-07 10:40:17] INFO: [FileUnitOfWork] Stock blev skrevet til fil data\stocks.psv
[2026-06-07 10:40:17] INFO: [FileUnitOfWork] StockPriceHistories blev skrevet til fil data\stock_price_history.psv
[2026-06-07 10:40:17] INFO: [StockMarket] Stock TSLA blev opdateret og pricehistory blev gemt
[2026-06-07 10:40:17] INFO: [OwnedStockFileDAO] Ownedstocks blev indlæst fra fil
[2026-06-07 10:40:17] INFO: [GameStateService] Stock: NVDA | Price: 115,22 | State: Steady
[2026-06-07 10:40:17] INFO: [StockMarket] StockListenerService modtog update for: NVDA
[2026-06-07 10:40:17] INFO: [StockListenerService] Transaction started
[2026-06-07 10:40:17] INFO: [FileUnitOfWork] Stock blev skrevet til fil data\stocks.psv
[2026-06-07 10:40:17] INFO: [FileUnitOfWork] StockPriceHistories blev skrevet til fil data\stock_price_history.psv
[2026-06-07 10:40:17] INFO: [StockMarket] Stock NVDA blev opdateret og pricehistory blev gemt
[2026-06-07 10:40:17] INFO: [OwnedStockFileDAO] Ownedstocks blev indlæst fra fil
[2026-06-07 10:40:17] INFO: [GameStateService] Stock: MSFT | Price: 475,90 | State: Steady
[2026-06-07 10:40:17] INFO: [StockMarket] StockListenerService modtog update for: MSFT
[2026-06-07 10:40:17] INFO: [StockListenerService] Transaction started
[2026-06-07 10:40:17] INFO: [FileUnitOfWork] Stock blev skrevet til fil data\stocks.psv
[2026-06-07 10:40:17] INFO: [FileUnitOfWork] StockPriceHistories blev skrevet til fil data\stock_price_history.psv
[2026-06-07 10:40:17] INFO: [StockMarket] Stock MSFT blev opdateret og pricehistory blev gemt
[2026-06-07 10:40:17] INFO: [OwnedStockFileDAO] Ownedstocks blev indlæst fra fil
[2026-06-07 10:40:17] INFO: [GameStateService] Stock: GOOGL | Price: 381,59 | State: Steady
[2026-06-07 10:40:17] INFO: [StockMarket] StockListenerService modtog update for: GOOGL
[2026-06-07 10:40:17] INFO: [StockListenerService] Transaction started
[2026-06-07 10:40:17] INFO: [FileUnitOfWork] Stock blev skrevet til fil data\stocks.psv
[2026-06-07 10:40:17] INFO: [FileUnitOfWork] StockPriceHistories blev skrevet til fil data\stock_price_history.psv
[2026-06-07 10:40:17] INFO: [StockMarket] Stock GOOGL blev opdateret og pricehistory blev gemt
[2026-06-07 10:40:17] INFO: [OwnedStockFileDAO] Ownedstocks blev indlæst fra fil
[2026-06-07 10:40:17] INFO: [GameStateService] Stock: AMZN | Price: 283,76 | State: Steady
[2026-06-07 10:40:17] INFO: [StockMarket] StockListenerService modtog update for: AMZN
[2026-06-07 10:40:17] INFO: [StockListenerService] Transaction started
[2026-06-07 10:40:17] INFO: [FileUnitOfWork] Stock blev skrevet til fil data\stocks.psv
[2026-06-07 10:40:17] INFO: [FileUnitOfWork] StockPriceHistories blev skrevet til fil data\stock_price_history.psv
[2026-06-07 10:40:17] INFO: [StockMarket] Stock AMZN blev opdateret og pricehistory blev gemt
[2026-06-07 10:40:17] INFO: [OwnedStockFileDAO] Ownedstocks blev indlæst fra fil
[2026-06-07 10:40:17] INFO: [GameStateService] Stock: META | Price: 415,94 | State: Steady
[2026-06-07 10:40:17] INFO: [StockMarket] StockListenerService modtog update for: META
[2026-06-07 10:40:17] INFO: [StockListenerService] Transaction started
[2026-06-07 10:40:17] INFO: [FileUnitOfWork] Stock blev skrevet til fil data\stocks.psv
[2026-06-07 10:40:17] INFO: [FileUnitOfWork] StockPriceHistories blev skrevet til fil data\stock_price_history.psv
[2026-06-07 10:40:17] INFO: [StockMarket] Stock META blev opdateret og pricehistory blev gemt
[2026-06-07 10:40:17] INFO: [OwnedStockFileDAO] Ownedstocks blev indlæst fra fil
[2026-06-07 10:40:17] INFO: [GameStateService] Stock: GM | Price: 259,86 | State: Steady
[2026-06-07 10:40:17] INFO: [StockMarket] StockListenerService modtog update for: GM
[2026-06-07 10:40:17] INFO: [StockListenerService] Transaction started
[2026-06-07 10:40:17] INFO: [FileUnitOfWork] Stock blev skrevet til fil data\stocks.psv
[2026-06-07 10:40:17] INFO: [FileUnitOfWork] StockPriceHistories blev skrevet til fil data\stock_price_history.psv
[2026-06-07 10:40:17] INFO: [StockMarket] Stock GM blev opdateret og pricehistory blev gemt
[2026-06-07 10:40:17] INFO: [OwnedStockFileDAO] Ownedstocks blev indlæst fra fil
[2026-06-07 10:40:18] INFO: [MarketTickHandler] Game started
[2026-06-07 10:40:18] INFO: [Thread] Markedet blev opdateret
[2026-06-07 10:40:18] INFO: [MarketTickHandler] Updating stock market
[2026-06-07 10:40:18] INFO: [GameStateService] Stock: AAPL | Price: 212,01 | State: Steady
[2026-06-07 10:40:18] INFO: [StockMarket] StockListenerService modtog update for: AAPL
[2026-06-07 10:40:18] INFO: [StockListenerService] Transaction started
[2026-06-07 10:40:18] INFO: [FileUnitOfWork] Stock blev skrevet til fil data\stocks.psv
[2026-06-07 10:40:18] INFO: [FileUnitOfWork] StockPriceHistories blev skrevet til fil data\stock_price_history.psv
[2026-06-07 10:40:18] INFO: [StockMarket] Stock AAPL blev opdateret og pricehistory blev gemt
[2026-06-07 10:40:18] INFO: [OwnedStockFileDAO] Ownedstocks blev indlæst fra fil
[2026-06-07 10:40:18] INFO: [GameStateService] Stock: TSLA | Price: 120,74 | State: Declining
[2026-06-07 10:40:18] INFO: [StockMarket] StockListenerService modtog update for: TSLA
[2026-06-07 10:40:18] INFO: [StockListenerService] Transaction started
[2026-06-07 10:40:18] INFO: [FileUnitOfWork] Stock blev skrevet til fil data\stocks.psv
[2026-06-07 10:40:18] INFO: [FileUnitOfWork] StockPriceHistories blev skrevet til fil data\stock_price_history.psv
[2026-06-07 10:40:18] INFO: [StockMarket] Stock TSLA blev opdateret og pricehistory blev gemt
[2026-06-07 10:40:18] INFO: [OwnedStockFileDAO] Ownedstocks blev indlæst fra fil
[2026-06-07 10:40:18] INFO: [GameStateService] Stock: NVDA | Price: 114,33 | State: Steady
[2026-06-07 10:40:18] INFO: [StockMarket] StockListenerService modtog update for: NVDA
[2026-06-07 10:40:18] INFO: [StockListenerService] Transaction started
[2026-06-07 10:40:18] INFO: [FileUnitOfWork] Stock blev skrevet til fil data\stocks.psv
[2026-06-07 10:40:18] INFO: [FileUnitOfWork] StockPriceHistories blev skrevet til fil data\stock_price_history.psv
[2026-06-07 10:40:18] INFO: [StockMarket] Stock NVDA blev opdateret og pricehistory blev gemt
[2026-06-07 10:40:18] INFO: [OwnedStockFileDAO] Ownedstocks blev indlæst fra fil
[2026-06-07 10:40:18] INFO: [GameStateService] Stock: MSFT | Price: 476,75 | State: Steady
[2026-06-07 10:40:18] INFO: [StockMarket] StockListenerService modtog update for: MSFT
[2026-06-07 10:40:18] INFO: [StockListenerService] Transaction started
[2026-06-07 10:40:18] INFO: [FileUnitOfWork] Stock blev skrevet til fil data\stocks.psv
[2026-06-07 10:40:18] INFO: [FileUnitOfWork] StockPriceHistories blev skrevet til fil data\stock_price_history.psv
[2026-06-07 10:40:18] INFO: [StockMarket] Stock MSFT blev opdateret og pricehistory blev gemt
[2026-06-07 10:40:18] INFO: [OwnedStockFileDAO] Ownedstocks blev indlæst fra fil
[2026-06-07 10:40:18] INFO: [GameStateService] Stock: GOOGL | Price: 382,44 | State: Steady
[2026-06-07 10:40:18] INFO: [StockMarket] StockListenerService modtog update for: GOOGL
[2026-06-07 10:40:18] INFO: [StockListenerService] Transaction started
[2026-06-07 10:40:18] INFO: [FileUnitOfWork] Stock blev skrevet til fil data\stocks.psv
[2026-06-07 10:40:18] INFO: [FileUnitOfWork] StockPriceHistories blev skrevet til fil data\stock_price_history.psv
[2026-06-07 10:40:18] INFO: [StockMarket] Stock GOOGL blev opdateret og pricehistory blev gemt
[2026-06-07 10:40:18] INFO: [OwnedStockFileDAO] Ownedstocks blev indlæst fra fil
[2026-06-07 10:40:18] INFO: [GameStateService] Stock: AMZN | Price: 283,70 | State: Steady
[2026-06-07 10:40:18] INFO: [StockMarket] StockListenerService modtog update for: AMZN
[2026-06-07 10:40:18] INFO: [StockListenerService] Transaction started
[2026-06-07 10:40:18] INFO: [FileUnitOfWork] Stock blev skrevet til fil data\stocks.psv
[2026-06-07 10:40:18] INFO: [FileUnitOfWork] StockPriceHistories blev skrevet til fil data\stock_price_history.psv
[2026-06-07 10:40:18] INFO: [StockMarket] Stock AMZN blev opdateret og pricehistory blev gemt
[2026-06-07 10:40:18] INFO: [OwnedStockFileDAO] Ownedstocks blev indlæst fra fil
[2026-06-07 10:40:18] INFO: [GameStateService] Stock: META | Price: 415,79 | State: Steady
[2026-06-07 10:40:18] INFO: [StockMarket] StockListenerService modtog update for: META
[2026-06-07 10:40:18] INFO: [StockListenerService] Transaction started
[2026-06-07 10:40:18] INFO: [FileUnitOfWork] Stock blev skrevet til fil data\stocks.psv
[2026-06-07 10:40:18] INFO: [FileUnitOfWork] StockPriceHistories blev skrevet til fil data\stock_price_history.psv
[2026-06-07 10:40:18] INFO: [StockMarket] Stock META blev opdateret og pricehistory blev gemt
[2026-06-07 10:40:18] INFO: [OwnedStockFileDAO] Ownedstocks blev indlæst fra fil
[2026-06-07 10:40:18] INFO: [GameStateService] Stock: GM | Price: 259,94 | State: Steady
[2026-06-07 10:40:18] INFO: [StockMarket] StockListenerService modtog update for: GM
[2026-06-07 10:40:18] INFO: [StockListenerService] Transaction started
[2026-06-07 10:40:18] INFO: [FileUnitOfWork] Stock blev skrevet til fil data\stocks.psv
[2026-06-07 10:40:18] INFO: [FileUnitOfWork] StockPriceHistories blev skrevet til fil data\stock_price_history.psv
[2026-06-07 10:40:18] INFO: [StockMarket] Stock GM blev opdateret og pricehistory blev gemt
[2026-06-07 10:40:18] INFO: [OwnedStockFileDAO] Ownedstocks blev indlæst fra fil
[2026-06-07 10:40:19] INFO: [MarketTickHandler] Game started
[2026-06-07 10:40:19] INFO: [Thread] Markedet blev opdateret
[2026-06-07 10:40:19] INFO: [MarketTickHandler] Updating stock market
[2026-06-07 10:40:19] INFO: [SteadyState] LiveStock AAPL changed state from Steady to: Rising
[2026-06-07 10:40:19] INFO: [GameStateService] Stock: AAPL | Price: 212,76 | State: Rising
[2026-06-07 10:40:19] INFO: [StockMarket] StockListenerService modtog update for: AAPL
[2026-06-07 10:40:19] INFO: [StockListenerService] Transaction started
[2026-06-07 10:40:19] INFO: [FileUnitOfWork] Stock blev skrevet til fil data\stocks.psv
[2026-06-07 10:40:19] INFO: [FileUnitOfWork] StockPriceHistories blev skrevet til fil data\stock_price_history.psv
[2026-06-07 10:40:19] INFO: [StockMarket] Stock AAPL blev opdateret og pricehistory blev gemt
[2026-06-07 10:40:19] INFO: [OwnedStockFileDAO] Ownedstocks blev indlæst fra fil
[2026-06-07 10:40:19] INFO: [DecliningState] LiveStock TSLA changed state from Declining to: Rising
[2026-06-07 10:40:19] INFO: [GameStateService] Stock: TSLA | Price: 120,63 | State: Rising
[2026-06-07 10:40:19] INFO: [StockMarket] StockListenerService modtog update for: TSLA
[2026-06-07 10:40:19] INFO: [StockListenerService] Transaction started
[2026-06-07 10:40:19] INFO: [FileUnitOfWork] Stock blev skrevet til fil data\stocks.psv
[2026-06-07 10:40:19] INFO: [FileUnitOfWork] StockPriceHistories blev skrevet til fil data\stock_price_history.psv
[2026-06-07 10:40:19] INFO: [StockMarket] Stock TSLA blev opdateret og pricehistory blev gemt
[2026-06-07 10:40:19] INFO: [OwnedStockFileDAO] Ownedstocks blev indlæst fra fil
[2026-06-07 10:40:19] INFO: [SteadyState] LiveStock NVDA changed state from Steady to: Rising
[2026-06-07 10:40:19] INFO: [GameStateService] Stock: NVDA | Price: 115,18 | State: Rising
[2026-06-07 10:40:19] INFO: [StockMarket] StockListenerService modtog update for: NVDA
[2026-06-07 10:40:19] INFO: [StockListenerService] Transaction started
[2026-06-07 10:40:19] INFO: [FileUnitOfWork] Stock blev skrevet til fil data\stocks.psv
[2026-06-07 10:40:19] INFO: [FileUnitOfWork] StockPriceHistories blev skrevet til fil data\stock_price_history.psv
[2026-06-07 10:40:19] INFO: [StockMarket] Stock NVDA blev opdateret og pricehistory blev gemt
[2026-06-07 10:40:19] INFO: [OwnedStockFileDAO] Ownedstocks blev indlæst fra fil
[2026-06-07 10:40:19] INFO: [GameStateService] Stock: MSFT | Price: 476,41 | State: Steady
[2026-06-07 10:40:19] INFO: [StockMarket] StockListenerService modtog update for: MSFT
[2026-06-07 10:40:19] INFO: [StockListenerService] Transaction started
[2026-06-07 10:40:19] INFO: [FileUnitOfWork] Stock blev skrevet til fil data\stocks.psv
[2026-06-07 10:40:19] INFO: [FileUnitOfWork] StockPriceHistories blev skrevet til fil data\stock_price_history.psv
[2026-06-07 10:40:19] INFO: [StockMarket] Stock MSFT blev opdateret og pricehistory blev gemt
[2026-06-07 10:40:19] INFO: [OwnedStockFileDAO] Ownedstocks blev indlæst fra fil
[2026-06-07 10:40:19] INFO: [GameStateService] Stock: GOOGL | Price: 382,14 | State: Steady
[2026-06-07 10:40:19] INFO: [StockMarket] StockListenerService modtog update for: GOOGL
[2026-06-07 10:40:19] INFO: [StockListenerService] Transaction started
[2026-06-07 10:40:19] INFO: [FileUnitOfWork] Stock blev skrevet til fil data\stocks.psv
[2026-06-07 10:40:19] INFO: [FileUnitOfWork] StockPriceHistories blev skrevet til fil data\stock_price_history.psv
[2026-06-07 10:40:19] INFO: [StockMarket] Stock GOOGL blev opdateret og pricehistory blev gemt
[2026-06-07 10:40:19] INFO: [OwnedStockFileDAO] Ownedstocks blev indlæst fra fil
[2026-06-07 10:40:19] INFO: [GameStateService] Stock: AMZN | Price: 284,37 | State: Steady
[2026-06-07 10:40:19] INFO: [StockMarket] StockListenerService modtog update for: AMZN
[2026-06-07 10:40:19] INFO: [StockListenerService] Transaction started
[2026-06-07 10:40:19] INFO: [FileUnitOfWork] Stock blev skrevet til fil data\stocks.psv
[2026-06-07 10:40:19] INFO: [FileUnitOfWork] StockPriceHistories blev skrevet til fil data\stock_price_history.psv
[2026-06-07 10:40:19] INFO: [StockMarket] Stock AMZN blev opdateret og pricehistory blev gemt
[2026-06-07 10:40:19] INFO: [OwnedStockFileDAO] Ownedstocks blev indlæst fra fil
[2026-06-07 10:40:19] INFO: [GameStateService] Stock: META | Price: 414,92 | State: Steady
[2026-06-07 10:40:19] INFO: [StockMarket] StockListenerService modtog update for: META
[2026-06-07 10:40:19] INFO: [StockListenerService] Transaction started
[2026-06-07 10:40:19] INFO: [FileUnitOfWork] Stock blev skrevet til fil data\stocks.psv
[2026-06-07 10:40:20] INFO: [FileUnitOfWork] StockPriceHistories blev skrevet til fil data\stock_price_history.psv
[2026-06-07 10:40:20] INFO: [StockMarket] Stock META blev opdateret og pricehistory blev gemt
[2026-06-07 10:40:20] INFO: [OwnedStockFileDAO] Ownedstocks blev indlæst fra fil
[2026-06-07 10:40:20] INFO: [GameStateService] Stock: GM | Price: 259,39 | State: Steady
[2026-06-07 10:40:20] INFO: [StockMarket] StockListenerService modtog update for: GM
[2026-06-07 10:40:20] INFO: [StockListenerService] Transaction started
[2026-06-07 10:40:20] INFO: [FileUnitOfWork] Stock blev skrevet til fil data\stocks.psv
[2026-06-07 10:40:20] INFO: [FileUnitOfWork] StockPriceHistories blev skrevet til fil data\stock_price_history.psv
[2026-06-07 10:40:20] INFO: [StockMarket] Stock GM blev opdateret og pricehistory blev gemt
[2026-06-07 10:40:20] INFO: [OwnedStockFileDAO] Ownedstocks blev indlæst fra fil
[2026-06-07 10:40:21] INFO: [MarketTickHandler] Game started
[2026-06-07 10:40:21] INFO: [Thread] Markedet blev opdateret
[2026-06-07 10:40:21] INFO: [MarketTickHandler] Updating stock market
[2026-06-07 10:40:21] INFO: [GameStateService] Stock: AAPL | Price: 216,16 | State: Rising
[2026-06-07 10:40:21] INFO: [StockMarket] StockListenerService modtog update for: AAPL
[2026-06-07 10:40:21] INFO: [StockListenerService] Transaction started
[2026-06-07 10:40:21] INFO: [FileUnitOfWork] Stock blev skrevet til fil data\stocks.psv
[2026-06-07 10:40:21] INFO: [FileUnitOfWork] StockPriceHistories blev skrevet til fil data\stock_price_history.psv
[2026-06-07 10:40:21] INFO: [StockMarket] Stock AAPL blev opdateret og pricehistory blev gemt
[2026-06-07 10:40:21] INFO: [OwnedStockFileDAO] Ownedstocks blev indlæst fra fil
[2026-06-07 10:40:21] INFO: [RisingState] LiveStock TSLA changed state from Rising to: Declining
[2026-06-07 10:40:21] INFO: [GameStateService] Stock: TSLA | Price: 120,60 | State: Declining
[2026-06-07 10:40:21] INFO: [StockMarket] StockListenerService modtog update for: TSLA
[2026-06-07 10:40:21] INFO: [StockListenerService] Transaction started
[2026-06-07 10:40:21] INFO: [FileUnitOfWork] Stock blev skrevet til fil data\stocks.psv
[2026-06-07 10:40:21] INFO: [FileUnitOfWork] StockPriceHistories blev skrevet til fil data\stock_price_history.psv
[2026-06-07 10:40:21] INFO: [StockMarket] Stock TSLA blev opdateret og pricehistory blev gemt
[2026-06-07 10:40:21] INFO: [OwnedStockFileDAO] Ownedstocks blev indlæst fra fil
[2026-06-07 10:40:21] INFO: [GameStateService] Stock: NVDA | Price: 119,42 | State: Rising
[2026-06-07 10:40:21] INFO: [StockMarket] StockListenerService modtog update for: NVDA
[2026-06-07 10:40:21] INFO: [StockListenerService] Transaction started
[2026-06-07 10:40:21] INFO: [FileUnitOfWork] Stock blev skrevet til fil data\stocks.psv
[2026-06-07 10:40:21] INFO: [FileUnitOfWork] StockPriceHistories blev skrevet til fil data\stock_price_history.psv
[2026-06-07 10:40:21] INFO: [StockMarket] Stock NVDA blev opdateret og pricehistory blev gemt
[2026-06-07 10:40:21] INFO: [OwnedStockFileDAO] Ownedstocks blev indlæst fra fil
[2026-06-07 10:40:21] INFO: [GameStateService] Stock: MSFT | Price: 476,81 | State: Steady
[2026-06-07 10:40:21] INFO: [StockMarket] StockListenerService modtog update for: MSFT
[2026-06-07 10:40:21] INFO: [StockListenerService] Transaction started
[2026-06-07 10:40:21] INFO: [FileUnitOfWork] Stock blev skrevet til fil data\stocks.psv
[2026-06-07 10:40:21] INFO: [FileUnitOfWork] StockPriceHistories blev skrevet til fil data\stock_price_history.psv
[2026-06-07 10:40:21] INFO: [StockMarket] Stock MSFT blev opdateret og pricehistory blev gemt
[2026-06-07 10:40:21] INFO: [OwnedStockFileDAO] Ownedstocks blev indlæst fra fil
[2026-06-07 10:40:21] INFO: [GameStateService] Stock: GOOGL | Price: 381,56 | State: Steady
[2026-06-07 10:40:21] INFO: [StockMarket] StockListenerService modtog update for: GOOGL
[2026-06-07 10:40:21] INFO: [StockListenerService] Transaction started
[2026-06-07 10:40:21] INFO: [FileUnitOfWork] Stock blev skrevet til fil data\stocks.psv
[2026-06-07 10:40:21] INFO: [FileUnitOfWork] StockPriceHistories blev skrevet til fil data\stock_price_history.psv
[2026-06-07 10:40:21] INFO: [StockMarket] Stock GOOGL blev opdateret og pricehistory blev gemt
[2026-06-07 10:40:21] INFO: [OwnedStockFileDAO] Ownedstocks blev indlæst fra fil
[2026-06-07 10:40:21] INFO: [GameStateService] Stock: AMZN | Price: 283,71 | State: Steady
[2026-06-07 10:40:21] INFO: [StockMarket] StockListenerService modtog update for: AMZN
[2026-06-07 10:40:21] INFO: [StockListenerService] Transaction started
[2026-06-07 10:40:21] INFO: [FileUnitOfWork] Stock blev skrevet til fil data\stocks.psv
[2026-06-07 10:40:21] INFO: [FileUnitOfWork] StockPriceHistories blev skrevet til fil data\stock_price_history.psv
[2026-06-07 10:40:21] INFO: [StockMarket] Stock AMZN blev opdateret og pricehistory blev gemt
[2026-06-07 10:40:21] INFO: [OwnedStockFileDAO] Ownedstocks blev indlæst fra fil
[2026-06-07 10:40:21] INFO: [GameStateService] Stock: META | Price: 415,85 | State: Steady
[2026-06-07 10:40:21] INFO: [StockMarket] StockListenerService modtog update for: META
[2026-06-07 10:40:21] INFO: [StockListenerService] Transaction started
[2026-06-07 10:40:21] INFO: [FileUnitOfWork] Stock blev skrevet til fil data\stocks.psv
[2026-06-07 10:40:21] INFO: [FileUnitOfWork] StockPriceHistories blev skrevet til fil data\stock_price_history.psv
[2026-06-07 10:40:21] INFO: [StockMarket] Stock META blev opdateret og pricehistory blev gemt
[2026-06-07 10:40:21] INFO: [OwnedStockFileDAO] Ownedstocks blev indlæst fra fil
[2026-06-07 10:40:21] INFO: [GameStateService] Stock: GM | Price: 260,30 | State: Steady
[2026-06-07 10:40:21] INFO: [StockMarket] StockListenerService modtog update for: GM
[2026-06-07 10:40:21] INFO: [StockListenerService] Transaction started
[2026-06-07 10:40:21] INFO: [FileUnitOfWork] Stock blev skrevet til fil data\stocks.psv
[2026-06-07 10:40:21] INFO: [FileUnitOfWork] StockPriceHistories blev skrevet til fil data\stock_price_history.psv
[2026-06-07 10:40:21] INFO: [StockMarket] Stock GM blev opdateret og pricehistory blev gemt
[2026-06-07 10:40:21] INFO: [OwnedStockFileDAO] Ownedstocks blev indlæst fra fil
[2026-06-07 10:40:22] INFO: [MarketTickHandler] Game started
[2026-06-07 10:40:22] INFO: [Thread] Markedet blev opdateret
[2026-06-07 10:40:22] INFO: [MarketTickHandler] Updating stock market
[2026-06-07 10:40:22] INFO: [GameStateService] Stock: AAPL | Price: 215,83 | State: Rising
[2026-06-07 10:40:22] INFO: [StockMarket] StockListenerService modtog update for: AAPL
[2026-06-07 10:40:22] INFO: [StockListenerService] Transaction started
[2026-06-07 10:40:22] INFO: [FileUnitOfWork] Stock blev skrevet til fil data\stocks.psv
[2026-06-07 10:40:22] INFO: [FileUnitOfWork] StockPriceHistories blev skrevet til fil data\stock_price_history.psv
[2026-06-07 10:40:22] INFO: [StockMarket] Stock AAPL blev opdateret og pricehistory blev gemt
[2026-06-07 10:40:22] INFO: [OwnedStockFileDAO] Ownedstocks blev indlæst fra fil
[2026-06-07 10:40:22] INFO: [GameStateService] Stock: TSLA | Price: 122,40 | State: Declining
[2026-06-07 10:40:22] INFO: [StockMarket] StockListenerService modtog update for: TSLA
[2026-06-07 10:40:22] INFO: [StockListenerService] Transaction started
[2026-06-07 10:40:22] INFO: [FileUnitOfWork] Stock blev skrevet til fil data\stocks.psv
[2026-06-07 10:40:22] INFO: [FileUnitOfWork] StockPriceHistories blev skrevet til fil data\stock_price_history.psv
[2026-06-07 10:40:22] INFO: [StockMarket] Stock TSLA blev opdateret og pricehistory blev gemt
[2026-06-07 10:40:22] INFO: [OwnedStockFileDAO] Ownedstocks blev indlæst fra fil
[2026-06-07 10:40:22] INFO: [RisingState] LiveStock NVDA changed state from Rising to: Declining
[2026-06-07 10:40:22] INFO: [GameStateService] Stock: NVDA | Price: 122,80 | State: Declining
[2026-06-07 10:40:22] INFO: [StockMarket] StockListenerService modtog update for: NVDA
[2026-06-07 10:40:22] INFO: [StockListenerService] Transaction started
[2026-06-07 10:40:22] INFO: [FileUnitOfWork] Stock blev skrevet til fil data\stocks.psv
[2026-06-07 10:40:22] INFO: [FileUnitOfWork] StockPriceHistories blev skrevet til fil data\stock_price_history.psv
[2026-06-07 10:40:22] INFO: [StockMarket] Stock NVDA blev opdateret og pricehistory blev gemt
[2026-06-07 10:40:22] INFO: [OwnedStockFileDAO] Ownedstocks blev indlæst fra fil
[2026-06-07 10:40:22] INFO: [GameStateService] Stock: MSFT | Price: 477,73 | State: Steady
[2026-06-07 10:40:22] INFO: [StockMarket] StockListenerService modtog update for: MSFT
[2026-06-07 10:40:22] INFO: [StockListenerService] Transaction started
[2026-06-07 10:40:22] INFO: [FileUnitOfWork] Stock blev skrevet til fil data\stocks.psv
[2026-06-07 10:40:22] INFO: [FileUnitOfWork] StockPriceHistories blev skrevet til fil data\stock_price_history.psv
[2026-06-07 10:40:22] INFO: [StockMarket] Stock MSFT blev opdateret og pricehistory blev gemt
[2026-06-07 10:40:22] INFO: [OwnedStockFileDAO] Ownedstocks blev indlæst fra fil
[2026-06-07 10:40:22] INFO: [GameStateService] Stock: GOOGL | Price: 380,85 | State: Steady
[2026-06-07 10:40:22] INFO: [StockMarket] StockListenerService modtog update for: GOOGL
[2026-06-07 10:40:22] INFO: [StockListenerService] Transaction started
[2026-06-07 10:40:22] INFO: [FileUnitOfWork] Stock blev skrevet til fil data\stocks.psv
[2026-06-07 10:40:22] INFO: [FileUnitOfWork] StockPriceHistories blev skrevet til fil data\stock_price_history.psv
[2026-06-07 10:40:22] INFO: [StockMarket] Stock GOOGL blev opdateret og pricehistory blev gemt
[2026-06-07 10:40:22] INFO: [OwnedStockFileDAO] Ownedstocks blev indlæst fra fil
[2026-06-07 10:40:22] INFO: [SteadyState] LiveStock AMZN changed state from Steady to: Rising
[2026-06-07 10:40:22] INFO: [GameStateService] Stock: AMZN | Price: 284,13 | State: Rising
[2026-06-07 10:40:22] INFO: [StockMarket] StockListenerService modtog update for: AMZN
[2026-06-07 10:40:22] INFO: [StockListenerService] Transaction started
[2026-06-07 10:40:22] INFO: [FileUnitOfWork] Stock blev skrevet til fil data\stocks.psv
[2026-06-07 10:40:22] INFO: [FileUnitOfWork] StockPriceHistories blev skrevet til fil data\stock_price_history.psv
[2026-06-07 10:40:22] INFO: [StockMarket] Stock AMZN blev opdateret og pricehistory blev gemt
[2026-06-07 10:40:22] INFO: [OwnedStockFileDAO] Ownedstocks blev indlæst fra fil
[2026-06-07 10:40:22] INFO: [GameStateService] Stock: META | Price: 415,94 | State: Steady
[2026-06-07 10:40:22] INFO: [StockMarket] StockListenerService modtog update for: META
[2026-06-07 10:40:22] INFO: [StockListenerService] Transaction started
[2026-06-07 10:40:22] INFO: [FileUnitOfWork] Stock blev skrevet til fil data\stocks.psv
[2026-06-07 10:40:22] INFO: [FileUnitOfWork] StockPriceHistories blev skrevet til fil data\stock_price_history.psv
[2026-06-07 10:40:22] INFO: [StockMarket] Stock META blev opdateret og pricehistory blev gemt
[2026-06-07 10:40:22] INFO: [OwnedStockFileDAO] Ownedstocks blev indlæst fra fil
[2026-06-07 10:40:22] INFO: [GameStateService] Stock: GM | Price: 260,24 | State: Steady
[2026-06-07 10:40:22] INFO: [StockMarket] StockListenerService modtog update for: GM
[2026-06-07 10:40:22] INFO: [StockListenerService] Transaction started
[2026-06-07 10:40:22] INFO: [FileUnitOfWork] Stock blev skrevet til fil data\stocks.psv
[2026-06-07 10:40:22] INFO: [FileUnitOfWork] StockPriceHistories blev skrevet til fil data\stock_price_history.psv
[2026-06-07 10:40:22] INFO: [StockMarket] Stock GM blev opdateret og pricehistory blev gemt
[2026-06-07 10:40:22] INFO: [OwnedStockFileDAO] Ownedstocks blev indlæst fra fil
[2026-06-07 10:40:23] INFO: [MarketTickHandler] Game started
[2026-06-07 10:40:23] INFO: [Thread] Markedet blev opdateret
[2026-06-07 10:40:23] INFO: [MarketTickHandler] Updating stock market
[2026-06-07 10:40:23] INFO: [GameStateService] Stock: AAPL | Price: 217,95 | State: Rising
[2026-06-07 10:40:23] INFO: [StockMarket] StockListenerService modtog update for: AAPL
[2026-06-07 10:40:23] INFO: [StockListenerService] Transaction started
[2026-06-07 10:40:23] INFO: [FileUnitOfWork] Stock blev skrevet til fil data\stocks.psv
[2026-06-07 10:40:23] INFO: [FileUnitOfWork] StockPriceHistories blev skrevet til fil data\stock_price_history.psv
[2026-06-07 10:40:23] INFO: [StockMarket] Stock AAPL blev opdateret og pricehistory blev gemt
[2026-06-07 10:40:23] INFO: [OwnedStockFileDAO] Ownedstocks blev indlæst fra fil
[2026-06-07 10:40:23] INFO: [DecliningState] LiveStock TSLA changed state from Declining to: Steady
[2026-06-07 10:40:23] INFO: [GameStateService] Stock: TSLA | Price: 121,63 | State: Steady
[2026-06-07 10:40:23] INFO: [StockMarket] StockListenerService modtog update for: TSLA
[2026-06-07 10:40:23] INFO: [StockListenerService] Transaction started
[2026-06-07 10:40:23] INFO: [FileUnitOfWork] Stock blev skrevet til fil data\stocks.psv
[2026-06-07 10:40:23] INFO: [FileUnitOfWork] StockPriceHistories blev skrevet til fil data\stock_price_history.psv
[2026-06-07 10:40:23] INFO: [StockMarket] Stock TSLA blev opdateret og pricehistory blev gemt
[2026-06-07 10:40:23] INFO: [OwnedStockFileDAO] Ownedstocks blev indlæst fra fil
[2026-06-07 10:40:23] INFO: [GameStateService] Stock: NVDA | Price: 119,26 | State: Declining
[2026-06-07 10:40:23] INFO: [StockMarket] StockListenerService modtog update for: NVDA
[2026-06-07 10:40:23] INFO: [StockListenerService] Transaction started
[2026-06-07 10:40:23] INFO: [FileUnitOfWork] Stock blev skrevet til fil data\stocks.psv
[2026-06-07 10:40:23] INFO: [FileUnitOfWork] StockPriceHistories blev skrevet til fil data\stock_price_history.psv
[2026-06-07 10:40:23] INFO: [StockMarket] Stock NVDA blev opdateret og pricehistory blev gemt
[2026-06-07 10:40:23] INFO: [OwnedStockFileDAO] Ownedstocks blev indlæst fra fil
[2026-06-07 10:40:23] INFO: [GameStateService] Stock: MSFT | Price: 478,52 | State: Steady
[2026-06-07 10:40:23] INFO: [StockMarket] StockListenerService modtog update for: MSFT
[2026-06-07 10:40:23] INFO: [StockListenerService] Transaction started
[2026-06-07 10:40:23] INFO: [FileUnitOfWork] Stock blev skrevet til fil data\stocks.psv
[2026-06-07 10:40:23] INFO: [FileUnitOfWork] StockPriceHistories blev skrevet til fil data\stock_price_history.psv
[2026-06-07 10:40:23] INFO: [StockMarket] Stock MSFT blev opdateret og pricehistory blev gemt
[2026-06-07 10:40:23] INFO: [OwnedStockFileDAO] Ownedstocks blev indlæst fra fil
[2026-06-07 10:40:23] INFO: [GameStateService] Stock: GOOGL | Price: 380,10 | State: Steady
[2026-06-07 10:40:23] INFO: [StockMarket] StockListenerService modtog update for: GOOGL
[2026-06-07 10:40:23] INFO: [StockListenerService] Transaction started
[2026-06-07 10:40:23] INFO: [FileUnitOfWork] Stock blev skrevet til fil data\stocks.psv
[2026-06-07 10:40:23] INFO: [FileUnitOfWork] StockPriceHistories blev skrevet til fil data\stock_price_history.psv
[2026-06-07 10:40:23] INFO: [StockMarket] Stock GOOGL blev opdateret og pricehistory blev gemt
[2026-06-07 10:40:23] INFO: [OwnedStockFileDAO] Ownedstocks blev indlæst fra fil
[2026-06-07 10:40:23] INFO: [RisingState] LiveStock AMZN changed state from Rising to: Steady
[2026-06-07 10:40:23] INFO: [GameStateService] Stock: AMZN | Price: 285,84 | State: Steady
[2026-06-07 10:40:23] INFO: [StockMarket] StockListenerService modtog update for: AMZN
[2026-06-07 10:40:23] INFO: [StockListenerService] Transaction started
[2026-06-07 10:40:23] INFO: [FileUnitOfWork] Stock blev skrevet til fil data\stocks.psv
[2026-06-07 10:40:23] INFO: [FileUnitOfWork] StockPriceHistories blev skrevet til fil data\stock_price_history.psv
[2026-06-07 10:40:23] INFO: [StockMarket] Stock AMZN blev opdateret og pricehistory blev gemt
[2026-06-07 10:40:23] INFO: [OwnedStockFileDAO] Ownedstocks blev indlæst fra fil
[2026-06-07 10:40:23] INFO: [GameStateService] Stock: META | Price: 416,62 | State: Steady
[2026-06-07 10:40:23] INFO: [StockMarket] StockListenerService modtog update for: META
[2026-06-07 10:40:23] INFO: [StockListenerService] Transaction started
[2026-06-07 10:40:23] INFO: [FileUnitOfWork] Stock blev skrevet til fil data\stocks.psv
[2026-06-07 10:40:23] INFO: [FileUnitOfWork] StockPriceHistories blev skrevet til fil data\stock_price_history.psv
[2026-06-07 10:40:23] INFO: [StockMarket] Stock META blev opdateret og pricehistory blev gemt
[2026-06-07 10:40:23] INFO: [OwnedStockFileDAO] Ownedstocks blev indlæst fra fil
[2026-06-07 10:40:23] INFO: [GameStateService] Stock: GM | Price: 260,35 | State: Steady
[2026-06-07 10:40:23] INFO: [StockMarket] StockListenerService modtog update for: GM
[2026-06-07 10:40:23] INFO: [StockListenerService] Transaction started
[2026-06-07 10:40:23] INFO: [FileUnitOfWork] Stock blev skrevet til fil data\stocks.psv
[2026-06-07 10:40:23] INFO: [FileUnitOfWork] StockPriceHistories blev skrevet til fil data\stock_price_history.psv
[2026-06-07 10:40:23] INFO: [StockMarket] Stock GM blev opdateret og pricehistory blev gemt
[2026-06-07 10:40:23] INFO: [OwnedStockFileDAO] Ownedstocks blev indlæst fra fil
[2026-06-07 10:40:24] INFO: [MarketTickHandler] Game started
[2026-06-07 10:40:24] INFO: [Thread] Markedet blev opdateret
[2026-06-07 10:40:24] INFO: [MarketTickHandler] Updating stock market
[2026-06-07 10:40:24] INFO: [RisingState] LiveStock AAPL changed state from Rising to: Steady
[2026-06-07 10:40:24] INFO: [GameStateService] Stock: AAPL | Price: 222,35 | State: Steady
[2026-06-07 10:40:24] INFO: [StockMarket] StockListenerService modtog update for: AAPL
[2026-06-07 10:40:24] INFO: [StockListenerService] Transaction started
[2026-06-07 10:40:24] INFO: [FileUnitOfWork] Stock blev skrevet til fil data\stocks.psv
[2026-06-07 10:40:24] INFO: [FileUnitOfWork] StockPriceHistories blev skrevet til fil data\stock_price_history.psv
[2026-06-07 10:40:24] INFO: [StockMarket] Stock AAPL blev opdateret og pricehistory blev gemt
[2026-06-07 10:40:24] INFO: [OwnedStockFileDAO] Ownedstocks blev indlæst fra fil
[2026-06-07 10:40:24] INFO: [GameStateService] Stock: TSLA | Price: 121,46 | State: Steady
[2026-06-07 10:40:24] INFO: [StockMarket] StockListenerService modtog update for: TSLA
[2026-06-07 10:40:24] INFO: [StockListenerService] Transaction started
[2026-06-07 10:40:24] INFO: [FileUnitOfWork] Stock blev skrevet til fil data\stocks.psv
[2026-06-07 10:40:24] INFO: [FileUnitOfWork] StockPriceHistories blev skrevet til fil data\stock_price_history.psv
[2026-06-07 10:40:24] INFO: [StockMarket] Stock TSLA blev opdateret og pricehistory blev gemt
[2026-06-07 10:40:24] INFO: [OwnedStockFileDAO] Ownedstocks blev indlæst fra fil
[2026-06-07 10:40:24] INFO: [GameStateService] Stock: NVDA | Price: 119,94 | State: Declining
[2026-06-07 10:40:24] INFO: [StockMarket] StockListenerService modtog update for: NVDA
[2026-06-07 10:40:24] INFO: [StockListenerService] Transaction started
[2026-06-07 10:40:24] INFO: [FileUnitOfWork] Stock blev skrevet til fil data\stocks.psv
[2026-06-07 10:40:24] INFO: [FileUnitOfWork] StockPriceHistories blev skrevet til fil data\stock_price_history.psv
[2026-06-07 10:40:24] INFO: [StockMarket] Stock NVDA blev opdateret og pricehistory blev gemt
[2026-06-07 10:40:24] INFO: [OwnedStockFileDAO] Ownedstocks blev indlæst fra fil
[2026-06-07 10:40:24] INFO: [GameStateService] Stock: MSFT | Price: 478,78 | State: Steady
[2026-06-07 10:40:24] INFO: [StockMarket] StockListenerService modtog update for: MSFT
[2026-06-07 10:40:24] INFO: [StockListenerService] Transaction started
[2026-06-07 10:40:24] INFO: [FileUnitOfWork] Stock blev skrevet til fil data\stocks.psv
[2026-06-07 10:40:24] INFO: [FileUnitOfWork] StockPriceHistories blev skrevet til fil data\stock_price_history.psv
[2026-06-07 10:40:24] INFO: [StockMarket] Stock MSFT blev opdateret og pricehistory blev gemt
[2026-06-07 10:40:24] INFO: [OwnedStockFileDAO] Ownedstocks blev indlæst fra fil
[2026-06-07 10:40:24] INFO: [SteadyState] LiveStock GOOGL changed state from Steady to: Declining
[2026-06-07 10:40:24] INFO: [GameStateService] Stock: GOOGL | Price: 380,98 | State: Declining
[2026-06-07 10:40:24] INFO: [StockMarket] StockListenerService modtog update for: GOOGL
[2026-06-07 10:40:24] INFO: [StockListenerService] Transaction started
[2026-06-07 10:40:24] INFO: [FileUnitOfWork] Stock blev skrevet til fil data\stocks.psv
[2026-06-07 10:40:24] INFO: [FileUnitOfWork] StockPriceHistories blev skrevet til fil data\stock_price_history.psv
[2026-06-07 10:40:24] INFO: [StockMarket] Stock GOOGL blev opdateret og pricehistory blev gemt
[2026-06-07 10:40:24] INFO: [OwnedStockFileDAO] Ownedstocks blev indlæst fra fil
[2026-06-07 10:40:24] INFO: [GameStateService] Stock: AMZN | Price: 285,64 | State: Steady
[2026-06-07 10:40:24] INFO: [StockMarket] StockListenerService modtog update for: AMZN
[2026-06-07 10:40:24] INFO: [StockListenerService] Transaction started
[2026-06-07 10:40:24] INFO: [FileUnitOfWork] Stock blev skrevet til fil data\stocks.psv
[2026-06-07 10:40:24] INFO: [FileUnitOfWork] StockPriceHistories blev skrevet til fil data\stock_price_history.psv
[2026-06-07 10:40:24] INFO: [StockMarket] Stock AMZN blev opdateret og pricehistory blev gemt
[2026-06-07 10:40:24] INFO: [OwnedStockFileDAO] Ownedstocks blev indlæst fra fil
[2026-06-07 10:40:24] INFO: [SteadyState] LiveStock META changed state from Steady to: Declining
[2026-06-07 10:40:24] INFO: [GameStateService] Stock: META | Price: 415,94 | State: Declining
[2026-06-07 10:40:24] INFO: [StockMarket] StockListenerService modtog update for: META
[2026-06-07 10:40:24] INFO: [StockListenerService] Transaction started
[2026-06-07 10:40:24] INFO: [FileUnitOfWork] Stock blev skrevet til fil data\stocks.psv
[2026-06-07 10:40:24] INFO: [FileUnitOfWork] StockPriceHistories blev skrevet til fil data\stock_price_history.psv
[2026-06-07 10:40:24] INFO: [StockMarket] Stock META blev opdateret og pricehistory blev gemt
[2026-06-07 10:40:24] INFO: [OwnedStockFileDAO] Ownedstocks blev indlæst fra fil
[2026-06-07 10:40:24] INFO: [GameStateService] Stock: GM | Price: 260,47 | State: Steady
[2026-06-07 10:40:24] INFO: [StockMarket] StockListenerService modtog update for: GM
[2026-06-07 10:40:24] INFO: [StockListenerService] Transaction started
[2026-06-07 10:40:24] INFO: [FileUnitOfWork] Stock blev skrevet til fil data\stocks.psv
[2026-06-07 10:40:24] INFO: [FileUnitOfWork] StockPriceHistories blev skrevet til fil data\stock_price_history.psv
[2026-06-07 10:40:24] INFO: [StockMarket] Stock GM blev opdateret og pricehistory blev gemt
[2026-06-07 10:40:24] INFO: [OwnedStockFileDAO] Ownedstocks blev indlæst fra fil
[2026-06-07 10:40:24] INFO: [PortfolioViewModel] Fetching portfolio: e6f56e16-0f0a-40d4-a655-b91e689c4dd1
[2026-06-07 10:40:24] INFO: [PortfolioViewModel] Fetching TransactionHistory: e6f56e16-0f0a-40d4-a655-b91e689c4dd1
[2026-06-07 10:40:24] INFO: [PortfolioController] Portfolio loaded for id: e6f56e16-0f0a-40d4-a655-b91e689c4dd1
[2026-06-07 10:40:25] INFO: [MarketTickHandler] Game started
[2026-06-07 10:40:25] INFO: [Thread] Markedet blev opdateret
[2026-06-07 10:40:25] INFO: [MarketTickHandler] Updating stock market
[2026-06-07 10:40:25] INFO: [GameStateService] Stock: AAPL | Price: 223,12 | State: Steady
[2026-06-07 10:40:25] INFO: [StockMarket] StockListenerService modtog update for: AAPL
[2026-06-07 10:40:25] INFO: [StockListenerService] Transaction started
[2026-06-07 10:40:25] INFO: [FileUnitOfWork] Stock blev skrevet til fil data\stocks.psv
[2026-06-07 10:40:25] INFO: [FileUnitOfWork] StockPriceHistories blev skrevet til fil data\stock_price_history.psv
[2026-06-07 10:40:25] INFO: [StockMarket] Stock AAPL blev opdateret og pricehistory blev gemt
[2026-06-07 10:40:25] INFO: [OwnedStockFileDAO] Ownedstocks blev indlæst fra fil
[2026-06-07 10:40:25] INFO: [SteadyState] LiveStock TSLA changed state from Steady to: Rising
[2026-06-07 10:40:25] INFO: [GameStateService] Stock: TSLA | Price: 121,29 | State: Rising
[2026-06-07 10:40:25] INFO: [StockMarket] StockListenerService modtog update for: TSLA
[2026-06-07 10:40:25] INFO: [StockListenerService] Transaction started
[2026-06-07 10:40:25] INFO: [FileUnitOfWork] Stock blev skrevet til fil data\stocks.psv
[2026-06-07 10:40:25] INFO: [FileUnitOfWork] StockPriceHistories blev skrevet til fil data\stock_price_history.psv
[2026-06-07 10:40:25] INFO: [StockMarket] Stock TSLA blev opdateret og pricehistory blev gemt
[2026-06-07 10:40:25] INFO: [OwnedStockFileDAO] Ownedstocks blev indlæst fra fil
[2026-06-07 10:40:25] INFO: [GameStateService] Stock: NVDA | Price: 116,45 | State: Declining
[2026-06-07 10:40:25] INFO: [StockMarket] StockListenerService modtog update for: NVDA
[2026-06-07 10:40:25] INFO: [StockListenerService] Transaction started
[2026-06-07 10:40:25] INFO: [FileUnitOfWork] Stock blev skrevet til fil data\stocks.psv
[2026-06-07 10:40:25] INFO: [FileUnitOfWork] StockPriceHistories blev skrevet til fil data\stock_price_history.psv
[2026-06-07 10:40:25] INFO: [StockMarket] Stock NVDA blev opdateret og pricehistory blev gemt
[2026-06-07 10:40:25] INFO: [OwnedStockFileDAO] Ownedstocks blev indlæst fra fil
[2026-06-07 10:40:25] INFO: [GameStateService] Stock: MSFT | Price: 477,88 | State: Steady
[2026-06-07 10:40:25] INFO: [StockMarket] StockListenerService modtog update for: MSFT
[2026-06-07 10:40:25] INFO: [StockListenerService] Transaction started
[2026-06-07 10:40:25] INFO: [FileUnitOfWork] Stock blev skrevet til fil data\stocks.psv
[2026-06-07 10:40:25] INFO: [FileUnitOfWork] StockPriceHistories blev skrevet til fil data\stock_price_history.psv
[2026-06-07 10:40:25] INFO: [StockMarket] Stock MSFT blev opdateret og pricehistory blev gemt
[2026-06-07 10:40:25] INFO: [OwnedStockFileDAO] Ownedstocks blev indlæst fra fil
[2026-06-07 10:40:25] INFO: [GameStateService] Stock: GOOGL | Price: 376,92 | State: Declining
[2026-06-07 10:40:25] INFO: [StockMarket] StockListenerService modtog update for: GOOGL
[2026-06-07 10:40:25] INFO: [StockListenerService] Transaction started
[2026-06-07 10:40:25] INFO: [FileUnitOfWork] Stock blev skrevet til fil data\stocks.psv
[2026-06-07 10:40:25] INFO: [FileUnitOfWork] StockPriceHistories blev skrevet til fil data\stock_price_history.psv
[2026-06-07 10:40:25] INFO: [StockMarket] Stock GOOGL blev opdateret og pricehistory blev gemt
[2026-06-07 10:40:25] INFO: [OwnedStockFileDAO] Ownedstocks blev indlæst fra fil
[2026-06-07 10:40:25] INFO: [GameStateService] Stock: AMZN | Price: 285,26 | State: Steady
[2026-06-07 10:40:25] INFO: [StockMarket] StockListenerService modtog update for: AMZN
[2026-06-07 10:40:25] INFO: [StockListenerService] Transaction started
[2026-06-07 10:40:25] INFO: [FileUnitOfWork] Stock blev skrevet til fil data\stocks.psv
[2026-06-07 10:40:25] INFO: [FileUnitOfWork] StockPriceHistories blev skrevet til fil data\stock_price_history.psv
[2026-06-07 10:40:25] INFO: [StockMarket] Stock AMZN blev opdateret og pricehistory blev gemt
[2026-06-07 10:40:25] INFO: [OwnedStockFileDAO] Ownedstocks blev indlæst fra fil
[2026-06-07 10:40:25] INFO: [GameStateService] Stock: META | Price: 417,23 | State: Declining
[2026-06-07 10:40:25] INFO: [StockMarket] StockListenerService modtog update for: META
[2026-06-07 10:40:25] INFO: [StockListenerService] Transaction started
[2026-06-07 10:40:25] INFO: [FileUnitOfWork] Stock blev skrevet til fil data\stocks.psv
[2026-06-07 10:40:25] INFO: [FileUnitOfWork] StockPriceHistories blev skrevet til fil data\stock_price_history.psv
[2026-06-07 10:40:25] INFO: [StockMarket] Stock META blev opdateret og pricehistory blev gemt
[2026-06-07 10:40:25] INFO: [OwnedStockFileDAO] Ownedstocks blev indlæst fra fil
[2026-06-07 10:40:25] INFO: [GameStateService] Stock: GM | Price: 259,49 | State: Steady
[2026-06-07 10:40:25] INFO: [StockMarket] StockListenerService modtog update for: GM
[2026-06-07 10:40:25] INFO: [StockListenerService] Transaction started
[2026-06-07 10:40:25] INFO: [FileUnitOfWork] Stock blev skrevet til fil data\stocks.psv
[2026-06-07 10:40:25] INFO: [FileUnitOfWork] StockPriceHistories blev skrevet til fil data\stock_price_history.psv
[2026-06-07 10:40:25] INFO: [StockMarket] Stock GM blev opdateret og pricehistory blev gemt
[2026-06-07 10:40:25] INFO: [OwnedStockFileDAO] Ownedstocks blev indlæst fra fil
[2026-06-07 10:40:26] INFO: [MarketTickHandler] Game started
[2026-06-07 10:40:26] INFO: [Thread] Markedet blev opdateret
[2026-06-07 10:40:26] INFO: [MarketTickHandler] Updating stock market
[2026-06-07 10:40:26] INFO: [GameStateService] Stock: AAPL | Price: 222,96 | State: Steady
[2026-06-07 10:40:26] INFO: [StockMarket] StockListenerService modtog update for: AAPL
[2026-06-07 10:40:26] INFO: [StockListenerService] Transaction started
[2026-06-07 10:40:26] INFO: [FileUnitOfWork] Stock blev skrevet til fil data\stocks.psv
[2026-06-07 10:40:26] INFO: [FileUnitOfWork] StockPriceHistories blev skrevet til fil data\stock_price_history.psv
[2026-06-07 10:40:26] INFO: [StockMarket] Stock AAPL blev opdateret og pricehistory blev gemt
[2026-06-07 10:40:26] INFO: [OwnedStockFileDAO] Ownedstocks blev indlæst fra fil
[2026-06-07 10:40:26] INFO: [RisingState] LiveStock TSLA changed state from Rising to: Declining
[2026-06-07 10:40:26] INFO: [GameStateService] Stock: TSLA | Price: 121,73 | State: Declining
[2026-06-07 10:40:26] INFO: [StockMarket] StockListenerService modtog update for: TSLA
[2026-06-07 10:40:26] INFO: [StockListenerService] Transaction started
[2026-06-07 10:40:26] INFO: [FileUnitOfWork] Stock blev skrevet til fil data\stocks.psv
[2026-06-07 10:40:26] INFO: [FileUnitOfWork] StockPriceHistories blev skrevet til fil data\stock_price_history.psv
[2026-06-07 10:40:26] INFO: [StockMarket] Stock TSLA blev opdateret og pricehistory blev gemt
[2026-06-07 10:40:26] INFO: [OwnedStockFileDAO] Ownedstocks blev indlæst fra fil
[2026-06-07 10:40:26] INFO: [GameStateService] Stock: NVDA | Price: 118,40 | State: Declining
[2026-06-07 10:40:26] INFO: [StockMarket] StockListenerService modtog update for: NVDA
[2026-06-07 10:40:26] INFO: [StockListenerService] Transaction started
[2026-06-07 10:40:26] INFO: [FileUnitOfWork] Stock blev skrevet til fil data\stocks.psv
[2026-06-07 10:40:26] INFO: [FileUnitOfWork] StockPriceHistories blev skrevet til fil data\stock_price_history.psv
[2026-06-07 10:40:26] INFO: [StockMarket] Stock NVDA blev opdateret og pricehistory blev gemt
[2026-06-07 10:40:26] INFO: [OwnedStockFileDAO] Ownedstocks blev indlæst fra fil
[2026-06-07 10:40:26] INFO: [GameStateService] Stock: MSFT | Price: 477,22 | State: Steady
[2026-06-07 10:40:26] INFO: [StockMarket] StockListenerService modtog update for: MSFT
[2026-06-07 10:40:26] INFO: [StockListenerService] Transaction started
[2026-06-07 10:40:26] INFO: [FileUnitOfWork] Stock blev skrevet til fil data\stocks.psv
[2026-06-07 10:40:26] INFO: [FileUnitOfWork] StockPriceHistories blev skrevet til fil data\stock_price_history.psv
[2026-06-07 10:40:26] INFO: [StockMarket] Stock MSFT blev opdateret og pricehistory blev gemt
[2026-06-07 10:40:26] INFO: [OwnedStockFileDAO] Ownedstocks blev indlæst fra fil
[2026-06-07 10:40:26] INFO: [GameStateService] Stock: GOOGL | Price: 374,01 | State: Declining
[2026-06-07 10:40:26] INFO: [StockMarket] StockListenerService modtog update for: GOOGL
[2026-06-07 10:40:26] INFO: [StockListenerService] Transaction started
[2026-06-07 10:40:26] INFO: [FileUnitOfWork] Stock blev skrevet til fil data\stocks.psv
[2026-06-07 10:40:26] INFO: [FileUnitOfWork] StockPriceHistories blev skrevet til fil data\stock_price_history.psv
[2026-06-07 10:40:26] INFO: [StockMarket] Stock GOOGL blev opdateret og pricehistory blev gemt
[2026-06-07 10:40:26] INFO: [OwnedStockFileDAO] Ownedstocks blev indlæst fra fil
[2026-06-07 10:40:26] INFO: [GameStateService] Stock: AMZN | Price: 284,48 | State: Steady
[2026-06-07 10:40:26] INFO: [StockMarket] StockListenerService modtog update for: AMZN
[2026-06-07 10:40:26] INFO: [StockListenerService] Transaction started
[2026-06-07 10:40:26] INFO: [FileUnitOfWork] Stock blev skrevet til fil data\stocks.psv
[2026-06-07 10:40:26] INFO: [FileUnitOfWork] StockPriceHistories blev skrevet til fil data\stock_price_history.psv
[2026-06-07 10:40:26] INFO: [StockMarket] Stock AMZN blev opdateret og pricehistory blev gemt
[2026-06-07 10:40:26] INFO: [OwnedStockFileDAO] Ownedstocks blev indlæst fra fil
[2026-06-07 10:40:26] INFO: [GameStateService] Stock: META | Price: 417,30 | State: Declining
[2026-06-07 10:40:26] INFO: [StockMarket] StockListenerService modtog update for: META
[2026-06-07 10:40:26] INFO: [StockListenerService] Transaction started
[2026-06-07 10:40:26] INFO: [FileUnitOfWork] Stock blev skrevet til fil data\stocks.psv
[2026-06-07 10:40:26] INFO: [FileUnitOfWork] StockPriceHistories blev skrevet til fil data\stock_price_history.psv
[2026-06-07 10:40:26] INFO: [StockMarket] Stock META blev opdateret og pricehistory blev gemt
[2026-06-07 10:40:26] INFO: [OwnedStockFileDAO] Ownedstocks blev indlæst fra fil
[2026-06-07 10:40:26] INFO: [GameStateService] Stock: GM | Price: 259,42 | State: Steady
[2026-06-07 10:40:26] INFO: [StockMarket] StockListenerService modtog update for: GM
[2026-06-07 10:40:26] INFO: [StockListenerService] Transaction started
[2026-06-07 10:40:26] INFO: [FileUnitOfWork] Stock blev skrevet til fil data\stocks.psv
[2026-06-07 10:40:26] INFO: [FileUnitOfWork] StockPriceHistories blev skrevet til fil data\stock_price_history.psv
[2026-06-07 10:40:26] INFO: [StockMarket] Stock GM blev opdateret og pricehistory blev gemt
[2026-06-07 10:40:26] INFO: [OwnedStockFileDAO] Ownedstocks blev indlæst fra fil
[2026-06-07 10:40:27] INFO: [MarketTickHandler] Game started
[2026-06-07 10:40:27] INFO: [Thread] Markedet blev opdateret
[2026-06-07 10:40:27] INFO: [MarketTickHandler] Updating stock market
[2026-06-07 10:40:27] INFO: [GameStateService] Stock: AAPL | Price: 222,96 | State: Steady
[2026-06-07 10:40:27] INFO: [StockMarket] StockListenerService modtog update for: AAPL
[2026-06-07 10:40:27] INFO: [StockListenerService] Transaction started
[2026-06-07 10:40:27] INFO: [FileUnitOfWork] Stock blev skrevet til fil data\stocks.psv
[2026-06-07 10:40:27] INFO: [FileUnitOfWork] StockPriceHistories blev skrevet til fil data\stock_price_history.psv
[2026-06-07 10:40:27] INFO: [StockMarket] Stock AAPL blev opdateret og pricehistory blev gemt
[2026-06-07 10:40:27] INFO: [OwnedStockFileDAO] Ownedstocks blev indlæst fra fil
[2026-06-07 10:40:27] INFO: [GameStateService] Stock: TSLA | Price: 119,71 | State: Declining
[2026-06-07 10:40:27] INFO: [StockMarket] StockListenerService modtog update for: TSLA
[2026-06-07 10:40:27] INFO: [StockListenerService] Transaction started
[2026-06-07 10:40:27] INFO: [FileUnitOfWork] Stock blev skrevet til fil data\stocks.psv
[2026-06-07 10:40:27] INFO: [FileUnitOfWork] StockPriceHistories blev skrevet til fil data\stock_price_history.psv
[2026-06-07 10:40:27] INFO: [StockMarket] Stock TSLA blev opdateret og pricehistory blev gemt
[2026-06-07 10:40:27] INFO: [OwnedStockFileDAO] Ownedstocks blev indlæst fra fil
[2026-06-07 10:40:27] INFO: [GameStateService] Stock: NVDA | Price: 119,62 | State: Declining
[2026-06-07 10:40:27] INFO: [StockMarket] StockListenerService modtog update for: NVDA
[2026-06-07 10:40:27] INFO: [StockListenerService] Transaction started
[2026-06-07 10:40:27] INFO: [FileUnitOfWork] Stock blev skrevet til fil data\stocks.psv
[2026-06-07 10:40:27] INFO: [FileUnitOfWork] StockPriceHistories blev skrevet til fil data\stock_price_history.psv
[2026-06-07 10:40:27] INFO: [StockMarket] Stock NVDA blev opdateret og pricehistory blev gemt
[2026-06-07 10:40:27] INFO: [OwnedStockFileDAO] Ownedstocks blev indlæst fra fil
[2026-06-07 10:40:27] INFO: [GameStateService] Stock: MSFT | Price: 476,44 | State: Steady
[2026-06-07 10:40:27] INFO: [StockMarket] StockListenerService modtog update for: MSFT
[2026-06-07 10:40:27] INFO: [StockListenerService] Transaction started
[2026-06-07 10:40:27] INFO: [FileUnitOfWork] Stock blev skrevet til fil data\stocks.psv
[2026-06-07 10:40:27] INFO: [FileUnitOfWork] StockPriceHistories blev skrevet til fil data\stock_price_history.psv
[2026-06-07 10:40:27] INFO: [StockMarket] Stock MSFT blev opdateret og pricehistory blev gemt
[2026-06-07 10:40:27] INFO: [OwnedStockFileDAO] Ownedstocks blev indlæst fra fil
[2026-06-07 10:40:27] INFO: [GameStateService] Stock: GOOGL | Price: 371,38 | State: Declining
[2026-06-07 10:40:27] INFO: [StockMarket] StockListenerService modtog update for: GOOGL
[2026-06-07 10:40:27] INFO: [StockListenerService] Transaction started
[2026-06-07 10:40:27] INFO: [FileUnitOfWork] Stock blev skrevet til fil data\stocks.psv
[2026-06-07 10:40:27] INFO: [FileUnitOfWork] StockPriceHistories blev skrevet til fil data\stock_price_history.psv
[2026-06-07 10:40:27] INFO: [StockMarket] Stock GOOGL blev opdateret og pricehistory blev gemt
[2026-06-07 10:40:27] INFO: [OwnedStockFileDAO] Ownedstocks blev indlæst fra fil
[2026-06-07 10:40:27] INFO: [GameStateService] Stock: AMZN | Price: 284,97 | State: Steady
[2026-06-07 10:40:27] INFO: [StockMarket] StockListenerService modtog update for: AMZN
[2026-06-07 10:40:27] INFO: [StockListenerService] Transaction started
[2026-06-07 10:40:27] INFO: [FileUnitOfWork] Stock blev skrevet til fil data\stocks.psv
[2026-06-07 10:40:27] INFO: [FileUnitOfWork] StockPriceHistories blev skrevet til fil data\stock_price_history.psv
[2026-06-07 10:40:27] INFO: [StockMarket] Stock AMZN blev opdateret og pricehistory blev gemt
[2026-06-07 10:40:27] INFO: [OwnedStockFileDAO] Ownedstocks blev indlæst fra fil
[2026-06-07 10:40:27] INFO: [GameStateService] Stock: META | Price: 413,16 | State: Declining
[2026-06-07 10:40:27] INFO: [StockMarket] StockListenerService modtog update for: META
[2026-06-07 10:40:27] INFO: [StockListenerService] Transaction started
[2026-06-07 10:40:28] INFO: [FileUnitOfWork] Stock blev skrevet til fil data\stocks.psv
[2026-06-07 10:40:28] INFO: [FileUnitOfWork] StockPriceHistories blev skrevet til fil data\stock_price_history.psv
[2026-06-07 10:40:28] INFO: [StockMarket] Stock META blev opdateret og pricehistory blev gemt
[2026-06-07 10:40:28] INFO: [OwnedStockFileDAO] Ownedstocks blev indlæst fra fil
[2026-06-07 10:40:28] INFO: [GameStateService] Stock: GM | Price: 260,39 | State: Steady
[2026-06-07 10:40:28] INFO: [StockMarket] StockListenerService modtog update for: GM
[2026-06-07 10:40:28] INFO: [StockListenerService] Transaction started
[2026-06-07 10:40:28] INFO: [FileUnitOfWork] Stock blev skrevet til fil data\stocks.psv
[2026-06-07 10:40:28] INFO: [FileUnitOfWork] StockPriceHistories blev skrevet til fil data\stock_price_history.psv
[2026-06-07 10:40:28] INFO: [StockMarket] Stock GM blev opdateret og pricehistory blev gemt
[2026-06-07 10:40:28] INFO: [OwnedStockFileDAO] Ownedstocks blev indlæst fra fil
[2026-06-07 10:40:29] INFO: [MarketTickHandler] Game started
[2026-06-07 10:40:29] INFO: [Thread] Markedet blev opdateret
[2026-06-07 10:40:29] INFO: [MarketTickHandler] Updating stock market
[2026-06-07 10:40:29] INFO: [GameStateService] Stock: AAPL | Price: 222,95 | State: Steady
[2026-06-07 10:40:29] INFO: [StockMarket] StockListenerService modtog update for: AAPL
[2026-06-07 10:40:29] INFO: [StockListenerService] Transaction started
[2026-06-07 10:40:29] INFO: [FileUnitOfWork] Stock blev skrevet til fil data\stocks.psv
[2026-06-07 10:40:29] INFO: [FileUnitOfWork] StockPriceHistories blev skrevet til fil data\stock_price_history.psv
[2026-06-07 10:40:29] INFO: [StockMarket] Stock AAPL blev opdateret og pricehistory blev gemt
[2026-06-07 10:40:29] INFO: [OwnedStockFileDAO] Ownedstocks blev indlæst fra fil
[2026-06-07 10:40:29] INFO: [GameStateService] Stock: TSLA | Price: 117,03 | State: Declining
[2026-06-07 10:40:29] INFO: [StockMarket] StockListenerService modtog update for: TSLA
[2026-06-07 10:40:29] INFO: [StockListenerService] Transaction started
[2026-06-07 10:40:29] INFO: [FileUnitOfWork] Stock blev skrevet til fil data\stocks.psv
[2026-06-07 10:40:29] INFO: [FileUnitOfWork] StockPriceHistories blev skrevet til fil data\stock_price_history.psv
[2026-06-07 10:40:29] INFO: [StockMarket] Stock TSLA blev opdateret og pricehistory blev gemt
[2026-06-07 10:40:29] INFO: [OwnedStockFileDAO] Ownedstocks blev indlæst fra fil
[2026-06-07 10:40:29] INFO: [GameStateService] Stock: NVDA | Price: 120,00 | State: Declining
[2026-06-07 10:40:29] INFO: [StockMarket] StockListenerService modtog update for: NVDA
[2026-06-07 10:40:29] INFO: [StockListenerService] Transaction started
[2026-06-07 10:40:29] INFO: [FileUnitOfWork] Stock blev skrevet til fil data\stocks.psv
[2026-06-07 10:40:29] INFO: [FileUnitOfWork] StockPriceHistories blev skrevet til fil data\stock_price_history.psv
[2026-06-07 10:40:29] INFO: [StockMarket] Stock NVDA blev opdateret og pricehistory blev gemt
[2026-06-07 10:40:29] INFO: [OwnedStockFileDAO] Ownedstocks blev indlæst fra fil
[2026-06-07 10:40:29] INFO: [GameStateService] Stock: MSFT | Price: 476,21 | State: Steady
[2026-06-07 10:40:29] INFO: [StockMarket] StockListenerService modtog update for: MSFT
[2026-06-07 10:40:29] INFO: [StockListenerService] Transaction started
[2026-06-07 10:40:29] INFO: [FileUnitOfWork] Stock blev skrevet til fil data\stocks.psv
[2026-06-07 10:40:29] INFO: [FileUnitOfWork] StockPriceHistories blev skrevet til fil data\stock_price_history.psv
[2026-06-07 10:40:29] INFO: [StockMarket] Stock MSFT blev opdateret og pricehistory blev gemt
[2026-06-07 10:40:29] INFO: [OwnedStockFileDAO] Ownedstocks blev indlæst fra fil
[2026-06-07 10:40:29] INFO: [GameStateService] Stock: GOOGL | Price: 372,06 | State: Declining
[2026-06-07 10:40:29] INFO: [StockMarket] StockListenerService modtog update for: GOOGL
[2026-06-07 10:40:29] INFO: [StockListenerService] Transaction started
[2026-06-07 10:40:29] INFO: [FileUnitOfWork] Stock blev skrevet til fil data\stocks.psv
[2026-06-07 10:40:29] INFO: [FileUnitOfWork] StockPriceHistories blev skrevet til fil data\stock_price_history.psv
[2026-06-07 10:40:29] INFO: [StockMarket] Stock GOOGL blev opdateret og pricehistory blev gemt
[2026-06-07 10:40:29] INFO: [OwnedStockFileDAO] Ownedstocks blev indlæst fra fil
[2026-06-07 10:40:29] INFO: [SteadyState] LiveStock AMZN changed state from Steady to: Rising
[2026-06-07 10:40:29] INFO: [GameStateService] Stock: AMZN | Price: 285,02 | State: Rising
[2026-06-07 10:40:29] INFO: [StockMarket] StockListenerService modtog update for: AMZN
[2026-06-07 10:40:29] INFO: [StockListenerService] Transaction started
[2026-06-07 10:40:29] INFO: [FileUnitOfWork] Stock blev skrevet til fil data\stocks.psv
[2026-06-07 10:40:29] INFO: [FileUnitOfWork] StockPriceHistories blev skrevet til fil data\stock_price_history.psv
[2026-06-07 10:40:29] INFO: [StockMarket] Stock AMZN blev opdateret og pricehistory blev gemt
[2026-06-07 10:40:29] INFO: [OwnedStockFileDAO] Ownedstocks blev indlæst fra fil
[2026-06-07 10:40:29] INFO: [GameStateService] Stock: META | Price: 408,85 | State: Declining
[2026-06-07 10:40:29] INFO: [StockMarket] StockListenerService modtog update for: META
[2026-06-07 10:40:29] INFO: [StockListenerService] Transaction started
[2026-06-07 10:40:29] INFO: [FileUnitOfWork] Stock blev skrevet til fil data\stocks.psv
[2026-06-07 10:40:29] INFO: [FileUnitOfWork] StockPriceHistories blev skrevet til fil data\stock_price_history.psv
[2026-06-07 10:40:29] INFO: [StockMarket] Stock META blev opdateret og pricehistory blev gemt
[2026-06-07 10:40:29] INFO: [OwnedStockFileDAO] Ownedstocks blev indlæst fra fil
[2026-06-07 10:40:29] INFO: [GameStateService] Stock: GM | Price: 260,58 | State: Steady
[2026-06-07 10:40:29] INFO: [StockMarket] StockListenerService modtog update for: GM
[2026-06-07 10:40:29] INFO: [StockListenerService] Transaction started
[2026-06-07 10:40:29] INFO: [FileUnitOfWork] Stock blev skrevet til fil data\stocks.psv
[2026-06-07 10:40:29] INFO: [FileUnitOfWork] StockPriceHistories blev skrevet til fil data\stock_price_history.psv
[2026-06-07 10:40:29] INFO: [StockMarket] Stock GM blev opdateret og pricehistory blev gemt
[2026-06-07 10:40:29] INFO: [OwnedStockFileDAO] Ownedstocks blev indlæst fra fil
[2026-06-07 10:40:30] INFO: [MarketTickHandler] Game started
[2026-06-07 10:40:30] INFO: [Thread] Markedet blev opdateret
[2026-06-07 10:40:30] INFO: [MarketTickHandler] Updating stock market
[2026-06-07 10:40:30] INFO: [SteadyState] LiveStock AAPL changed state from Steady to: Rising
[2026-06-07 10:40:30] INFO: [GameStateService] Stock: AAPL | Price: 222,10 | State: Rising
[2026-06-07 10:40:30] INFO: [StockMarket] StockListenerService modtog update for: AAPL
[2026-06-07 10:40:30] INFO: [StockListenerService] Transaction started
[2026-06-07 10:40:30] INFO: [FileUnitOfWork] Stock blev skrevet til fil data\stocks.psv
[2026-06-07 10:40:30] INFO: [FileUnitOfWork] StockPriceHistories blev skrevet til fil data\stock_price_history.psv
[2026-06-07 10:40:30] INFO: [StockMarket] Stock AAPL blev opdateret og pricehistory blev gemt
[2026-06-07 10:40:30] INFO: [OwnedStockFileDAO] Ownedstocks blev indlæst fra fil
[2026-06-07 10:40:30] INFO: [GameStateService] Stock: TSLA | Price: 113,85 | State: Declining
[2026-06-07 10:40:30] INFO: [StockMarket] StockListenerService modtog update for: TSLA
[2026-06-07 10:40:30] INFO: [StockListenerService] Transaction started
[2026-06-07 10:40:30] INFO: [FileUnitOfWork] Stock blev skrevet til fil data\stocks.psv
[2026-06-07 10:40:30] INFO: [FileUnitOfWork] StockPriceHistories blev skrevet til fil data\stock_price_history.psv
[2026-06-07 10:40:30] INFO: [StockMarket] Stock TSLA blev opdateret og pricehistory blev gemt
[2026-06-07 10:40:30] INFO: [OwnedStockFileDAO] Ownedstocks blev indlæst fra fil
[2026-06-07 10:40:30] INFO: [GameStateService] Stock: NVDA | Price: 116,96 | State: Declining
[2026-06-07 10:40:30] INFO: [StockMarket] StockListenerService modtog update for: NVDA
[2026-06-07 10:40:30] INFO: [StockListenerService] Transaction started
[2026-06-07 10:40:30] INFO: [FileUnitOfWork] Stock blev skrevet til fil data\stocks.psv
[2026-06-07 10:40:30] INFO: [FileUnitOfWork] StockPriceHistories blev skrevet til fil data\stock_price_history.psv
[2026-06-07 10:40:30] INFO: [StockMarket] Stock NVDA blev opdateret og pricehistory blev gemt
[2026-06-07 10:40:30] INFO: [OwnedStockFileDAO] Ownedstocks blev indlæst fra fil
[2026-06-07 10:40:30] INFO: [GameStateService] Stock: MSFT | Price: 476,19 | State: Steady
[2026-06-07 10:40:30] INFO: [StockMarket] StockListenerService modtog update for: MSFT
[2026-06-07 10:40:30] INFO: [StockListenerService] Transaction started
[2026-06-07 10:40:30] INFO: [FileUnitOfWork] Stock blev skrevet til fil data\stocks.psv
[2026-06-07 10:40:30] INFO: [FileUnitOfWork] StockPriceHistories blev skrevet til fil data\stock_price_history.psv
[2026-06-07 10:40:30] INFO: [StockMarket] Stock MSFT blev opdateret og pricehistory blev gemt
[2026-06-07 10:40:30] INFO: [OwnedStockFileDAO] Ownedstocks blev indlæst fra fil
[2026-06-07 10:40:30] INFO: [GameStateService] Stock: GOOGL | Price: 373,91 | State: Declining
[2026-06-07 10:40:30] INFO: [StockMarket] StockListenerService modtog update for: GOOGL
[2026-06-07 10:40:30] INFO: [StockListenerService] Transaction started
[2026-06-07 10:40:30] INFO: [FileUnitOfWork] Stock blev skrevet til fil data\stocks.psv
[2026-06-07 10:40:30] INFO: [FileUnitOfWork] StockPriceHistories blev skrevet til fil data\stock_price_history.psv
[2026-06-07 10:40:30] INFO: [StockMarket] Stock GOOGL blev opdateret og pricehistory blev gemt
[2026-06-07 10:40:30] INFO: [OwnedStockFileDAO] Ownedstocks blev indlæst fra fil
[2026-06-07 10:40:30] INFO: [RisingState] LiveStock AMZN changed state from Rising to: Declining
[2026-06-07 10:40:30] INFO: [GameStateService] Stock: AMZN | Price: 285,28 | State: Declining
[2026-06-07 10:40:30] INFO: [StockMarket] StockListenerService modtog update for: AMZN
[2026-06-07 10:40:30] INFO: [StockListenerService] Transaction started
[2026-06-07 10:40:30] INFO: [FileUnitOfWork] Stock blev skrevet til fil data\stocks.psv
[2026-06-07 10:40:30] INFO: [FileUnitOfWork] StockPriceHistories blev skrevet til fil data\stock_price_history.psv
[2026-06-07 10:40:30] INFO: [StockMarket] Stock AMZN blev opdateret og pricehistory blev gemt
[2026-06-07 10:40:30] INFO: [OwnedStockFileDAO] Ownedstocks blev indlæst fra fil
[2026-06-07 10:40:30] INFO: [GameStateService] Stock: META | Price: 409,31 | State: Declining
[2026-06-07 10:40:30] INFO: [StockMarket] StockListenerService modtog update for: META
[2026-06-07 10:40:30] INFO: [StockListenerService] Transaction started
[2026-06-07 10:40:30] INFO: [FileUnitOfWork] Stock blev skrevet til fil data\stocks.psv
[2026-06-07 10:40:30] INFO: [FileUnitOfWork] StockPriceHistories blev skrevet til fil data\stock_price_history.psv
[2026-06-07 10:40:30] INFO: [StockMarket] Stock META blev opdateret og pricehistory blev gemt
[2026-06-07 10:40:30] INFO: [OwnedStockFileDAO] Ownedstocks blev indlæst fra fil
[2026-06-07 10:40:30] INFO: [GameStateService] Stock: GM | Price: 260,20 | State: Steady
[2026-06-07 10:40:30] INFO: [StockMarket] StockListenerService modtog update for: GM
[2026-06-07 10:40:30] INFO: [StockListenerService] Transaction started
[2026-06-07 10:40:30] INFO: [FileUnitOfWork] Stock blev skrevet til fil data\stocks.psv
[2026-06-07 10:40:30] INFO: [FileUnitOfWork] StockPriceHistories blev skrevet til fil data\stock_price_history.psv
[2026-06-07 10:40:30] INFO: [StockMarket] Stock GM blev opdateret og pricehistory blev gemt
[2026-06-07 10:40:30] INFO: [OwnedStockFileDAO] Ownedstocks blev indlæst fra fil
[2026-06-07 10:40:30] INFO: [MarketTickHandler] Game started
[2026-06-07 10:40:30] INFO: [Thread] Markedet blev opdateret
[2026-06-07 10:40:30] INFO: [MarketTickHandler] Updating stock market
[2026-06-07 10:40:30] INFO: [GameStateService] Stock: AAPL | Price: 222,90 | State: Rising
[2026-06-07 10:40:30] INFO: [StockMarket] StockListenerService modtog update for: AAPL
[2026-06-07 10:40:30] INFO: [StockListenerService] Transaction started
[2026-06-07 10:40:30] INFO: [FileUnitOfWork] Stock blev skrevet til fil data\stocks.psv
[2026-06-07 10:40:30] INFO: [FileUnitOfWork] StockPriceHistories blev skrevet til fil data\stock_price_history.psv
[2026-06-07 10:40:30] INFO: [StockMarket] Stock AAPL blev opdateret og pricehistory blev gemt
[2026-06-07 10:40:30] INFO: [OwnedStockFileDAO] Ownedstocks blev indlæst fra fil
[2026-06-07 10:40:30] INFO: [DecliningState] LiveStock TSLA changed state from Declining to: Rising
[2026-06-07 10:40:30] INFO: [GameStateService] Stock: TSLA | Price: 109,14 | State: Rising
[2026-06-07 10:40:30] INFO: [StockMarket] StockListenerService modtog update for: TSLA
[2026-06-07 10:40:30] INFO: [StockListenerService] Transaction started
[2026-06-07 10:40:30] INFO: [FileUnitOfWork] Stock blev skrevet til fil data\stocks.psv
[2026-06-07 10:40:30] INFO: [FileUnitOfWork] StockPriceHistories blev skrevet til fil data\stock_price_history.psv
[2026-06-07 10:40:30] INFO: [StockMarket] Stock TSLA blev opdateret og pricehistory blev gemt
[2026-06-07 10:40:30] INFO: [OwnedStockFileDAO] Ownedstocks blev indlæst fra fil
[2026-06-07 10:40:30] INFO: [GameStateService] Stock: NVDA | Price: 112,13 | State: Declining
[2026-06-07 10:40:30] INFO: [StockMarket] StockListenerService modtog update for: NVDA
[2026-06-07 10:40:30] INFO: [StockListenerService] Transaction started
[2026-06-07 10:40:30] INFO: [FileUnitOfWork] Stock blev skrevet til fil data\stocks.psv
[2026-06-07 10:40:30] INFO: [FileUnitOfWork] StockPriceHistories blev skrevet til fil data\stock_price_history.psv
[2026-06-07 10:40:30] INFO: [StockMarket] Stock NVDA blev opdateret og pricehistory blev gemt
[2026-06-07 10:40:30] INFO: [OwnedStockFileDAO] Ownedstocks blev indlæst fra fil
[2026-06-07 10:40:30] INFO: [SteadyState] LiveStock MSFT changed state from Steady to: Rising
[2026-06-07 10:40:30] INFO: [GameStateService] Stock: MSFT | Price: 476,67 | State: Rising
[2026-06-07 10:40:30] INFO: [StockMarket] StockListenerService modtog update for: MSFT
[2026-06-07 10:40:30] INFO: [StockListenerService] Transaction started
[2026-06-07 10:40:30] INFO: [FileUnitOfWork] Stock blev skrevet til fil data\stocks.psv
[2026-06-07 10:40:30] INFO: [FileUnitOfWork] StockPriceHistories blev skrevet til fil data\stock_price_history.psv
[2026-06-07 10:40:30] INFO: [StockMarket] Stock MSFT blev opdateret og pricehistory blev gemt
[2026-06-07 10:40:30] INFO: [OwnedStockFileDAO] Ownedstocks blev indlæst fra fil
[2026-06-07 10:40:30] INFO: [GameStateService] Stock: GOOGL | Price: 370,69 | State: Declining
[2026-06-07 10:40:30] INFO: [StockMarket] StockListenerService modtog update for: GOOGL
[2026-06-07 10:40:30] INFO: [StockListenerService] Transaction started
[2026-06-07 10:40:30] INFO: [FileUnitOfWork] Stock blev skrevet til fil data\stocks.psv
[2026-06-07 10:40:30] INFO: [FileUnitOfWork] StockPriceHistories blev skrevet til fil data\stock_price_history.psv
[2026-06-07 10:40:30] INFO: [StockMarket] Stock GOOGL blev opdateret og pricehistory blev gemt
[2026-06-07 10:40:30] INFO: [OwnedStockFileDAO] Ownedstocks blev indlæst fra fil
[2026-06-07 10:40:30] INFO: [DecliningState] LiveStock AMZN changed state from Declining to: Steady
[2026-06-07 10:40:30] INFO: [GameStateService] Stock: AMZN | Price: 280,73 | State: Steady
[2026-06-07 10:40:30] INFO: [StockMarket] StockListenerService modtog update for: AMZN
[2026-06-07 10:40:30] INFO: [StockListenerService] Transaction started
[2026-06-07 10:40:30] INFO: [FileUnitOfWork] Stock blev skrevet til fil data\stocks.psv
[2026-06-07 10:40:30] INFO: [FileUnitOfWork] StockPriceHistories blev skrevet til fil data\stock_price_history.psv
[2026-06-07 10:40:30] INFO: [StockMarket] Stock AMZN blev opdateret og pricehistory blev gemt
[2026-06-07 10:40:30] INFO: [OwnedStockFileDAO] Ownedstocks blev indlæst fra fil
[2026-06-07 10:40:30] INFO: [GameStateService] Stock: META | Price: 405,86 | State: Declining
[2026-06-07 10:40:30] INFO: [StockMarket] StockListenerService modtog update for: META
[2026-06-07 10:40:30] INFO: [StockListenerService] Transaction started
[2026-06-07 10:40:30] INFO: [FileUnitOfWork] Stock blev skrevet til fil data\stocks.psv
[2026-06-07 10:40:30] INFO: [FileUnitOfWork] StockPriceHistories blev skrevet til fil data\stock_price_history.psv
[2026-06-07 10:40:30] INFO: [StockMarket] Stock META blev opdateret og pricehistory blev gemt
[2026-06-07 10:40:30] INFO: [OwnedStockFileDAO] Ownedstocks blev indlæst fra fil
[2026-06-07 10:40:30] INFO: [GameStateService] Stock: GM | Price: 260,55 | State: Steady
[2026-06-07 10:40:30] INFO: [StockMarket] StockListenerService modtog update for: GM
[2026-06-07 10:40:30] INFO: [StockListenerService] Transaction started
[2026-06-07 10:40:30] INFO: [FileUnitOfWork] Stock blev skrevet til fil data\stocks.psv
[2026-06-07 10:40:30] INFO: [FileUnitOfWork] StockPriceHistories blev skrevet til fil data\stock_price_history.psv
[2026-06-07 10:40:30] INFO: [StockMarket] Stock GM blev opdateret og pricehistory blev gemt
[2026-06-07 10:40:30] INFO: [OwnedStockFileDAO] Ownedstocks blev indlæst fra fil
[2026-06-07 10:40:31] INFO: [MarketTickHandler] Game started
[2026-06-07 10:40:31] INFO: [Thread] Markedet blev opdateret
[2026-06-07 10:40:31] INFO: [MarketTickHandler] Updating stock market
[2026-06-07 10:40:31] INFO: [GameStateService] Stock: AAPL | Price: 225,43 | State: Rising
[2026-06-07 10:40:31] INFO: [StockMarket] StockListenerService modtog update for: AAPL
[2026-06-07 10:40:31] INFO: [StockListenerService] Transaction started
[2026-06-07 10:40:31] INFO: [FileUnitOfWork] Stock blev skrevet til fil data\stocks.psv
[2026-06-07 10:40:31] INFO: [FileUnitOfWork] StockPriceHistories blev skrevet til fil data\stock_price_history.psv
[2026-06-07 10:40:31] INFO: [StockMarket] Stock AAPL blev opdateret og pricehistory blev gemt
[2026-06-07 10:40:31] INFO: [OwnedStockFileDAO] Ownedstocks blev indlæst fra fil
[2026-06-07 10:40:31] INFO: [GameStateService] Stock: TSLA | Price: 111,76 | State: Rising
[2026-06-07 10:40:31] INFO: [StockMarket] StockListenerService modtog update for: TSLA
[2026-06-07 10:40:31] INFO: [StockListenerService] Transaction started
[2026-06-07 10:40:31] INFO: [FileUnitOfWork] Stock blev skrevet til fil data\stocks.psv
[2026-06-07 10:40:31] INFO: [FileUnitOfWork] StockPriceHistories blev skrevet til fil data\stock_price_history.psv
[2026-06-07 10:40:31] INFO: [StockMarket] Stock TSLA blev opdateret og pricehistory blev gemt
[2026-06-07 10:40:31] INFO: [OwnedStockFileDAO] Ownedstocks blev indlæst fra fil
[2026-06-07 10:40:31] INFO: [DecliningState] LiveStock NVDA changed state from Declining to: Rising
[2026-06-07 10:40:31] INFO: [GameStateService] Stock: NVDA | Price: 110,60 | State: Rising
[2026-06-07 10:40:31] INFO: [StockMarket] StockListenerService modtog update for: NVDA
[2026-06-07 10:40:31] INFO: [StockListenerService] Transaction started
[2026-06-07 10:40:31] INFO: [FileUnitOfWork] Stock blev skrevet til fil data\stocks.psv
[2026-06-07 10:40:31] INFO: [FileUnitOfWork] StockPriceHistories blev skrevet til fil data\stock_price_history.psv
[2026-06-07 10:40:31] INFO: [StockMarket] Stock NVDA blev opdateret og pricehistory blev gemt
[2026-06-07 10:40:31] INFO: [OwnedStockFileDAO] Ownedstocks blev indlæst fra fil
[2026-06-07 10:40:31] INFO: [RisingState] LiveStock MSFT changed state from Rising to: Declining
[2026-06-07 10:40:31] INFO: [GameStateService] Stock: MSFT | Price: 476,80 | State: Declining
[2026-06-07 10:40:31] INFO: [StockMarket] StockListenerService modtog update for: MSFT
[2026-06-07 10:40:31] INFO: [StockListenerService] Transaction started
[2026-06-07 10:40:31] INFO: [FileUnitOfWork] Stock blev skrevet til fil data\stocks.psv
[2026-06-07 10:40:31] INFO: [FileUnitOfWork] StockPriceHistories blev skrevet til fil data\stock_price_history.psv
[2026-06-07 10:40:31] INFO: [StockMarket] Stock MSFT blev opdateret og pricehistory blev gemt
[2026-06-07 10:40:31] INFO: [OwnedStockFileDAO] Ownedstocks blev indlæst fra fil
[2026-06-07 10:40:31] INFO: [GameStateService] Stock: GOOGL | Price: 372,12 | State: Declining
[2026-06-07 10:40:31] INFO: [StockMarket] StockListenerService modtog update for: GOOGL
[2026-06-07 10:40:31] INFO: [StockListenerService] Transaction started
[2026-06-07 10:40:31] INFO: [FileUnitOfWork] Stock blev skrevet til fil data\stocks.psv
[2026-06-07 10:40:31] INFO: [FileUnitOfWork] StockPriceHistories blev skrevet til fil data\stock_price_history.psv
[2026-06-07 10:40:31] INFO: [StockMarket] Stock GOOGL blev opdateret og pricehistory blev gemt
[2026-06-07 10:40:31] INFO: [OwnedStockFileDAO] Ownedstocks blev indlæst fra fil
[2026-06-07 10:40:31] INFO: [GameStateService] Stock: AMZN | Price: 280,62 | State: Steady
[2026-06-07 10:40:31] INFO: [StockMarket] StockListenerService modtog update for: AMZN
[2026-06-07 10:40:31] INFO: [StockListenerService] Transaction started
[2026-06-07 10:40:31] INFO: [FileUnitOfWork] Stock blev skrevet til fil data\stocks.psv
[2026-06-07 10:40:31] INFO: [FileUnitOfWork] StockPriceHistories blev skrevet til fil data\stock_price_history.psv
[2026-06-07 10:40:31] INFO: [StockMarket] Stock AMZN blev opdateret og pricehistory blev gemt
[2026-06-07 10:40:31] INFO: [OwnedStockFileDAO] Ownedstocks blev indlæst fra fil
[2026-06-07 10:40:31] INFO: [GameStateService] Stock: META | Price: 406,03 | State: Declining
[2026-06-07 10:40:31] INFO: [StockMarket] StockListenerService modtog update for: META
[2026-06-07 10:40:31] INFO: [StockListenerService] Transaction started
[2026-06-07 10:40:31] INFO: [FileUnitOfWork] Stock blev skrevet til fil data\stocks.psv
[2026-06-07 10:40:31] INFO: [FileUnitOfWork] StockPriceHistories blev skrevet til fil data\stock_price_history.psv
[2026-06-07 10:40:31] INFO: [StockMarket] Stock META blev opdateret og pricehistory blev gemt
[2026-06-07 10:40:31] INFO: [OwnedStockFileDAO] Ownedstocks blev indlæst fra fil
[2026-06-07 10:40:31] INFO: [SteadyState] LiveStock GM changed state from Steady to: Declining
[2026-06-07 10:40:31] INFO: [GameStateService] Stock: GM | Price: 259,99 | State: Declining
[2026-06-07 10:40:31] INFO: [StockMarket] StockListenerService modtog update for: GM
[2026-06-07 10:40:31] INFO: [StockListenerService] Transaction started
[2026-06-07 10:40:31] INFO: [FileUnitOfWork] Stock blev skrevet til fil data\stocks.psv
[2026-06-07 10:40:31] INFO: [FileUnitOfWork] StockPriceHistories blev skrevet til fil data\stock_price_history.psv
[2026-06-07 10:40:31] INFO: [StockMarket] Stock GM blev opdateret og pricehistory blev gemt
[2026-06-07 10:40:31] INFO: [OwnedStockFileDAO] Ownedstocks blev indlæst fra fil
[2026-06-07 10:40:32] INFO: [MarketTickHandler] Game started
[2026-06-07 10:40:32] INFO: [Thread] Markedet blev opdateret
[2026-06-07 10:40:32] INFO: [MarketTickHandler] Updating stock market
[2026-06-07 10:40:32] INFO: [RisingState] LiveStock AAPL changed state from Rising to: Declining
[2026-06-07 10:40:32] INFO: [GameStateService] Stock: AAPL | Price: 228,29 | State: Declining
[2026-06-07 10:40:32] INFO: [StockMarket] StockListenerService modtog update for: AAPL
[2026-06-07 10:40:32] INFO: [StockListenerService] Transaction started
[2026-06-07 10:40:32] INFO: [FileUnitOfWork] Stock blev skrevet til fil data\stocks.psv
[2026-06-07 10:40:32] INFO: [FileUnitOfWork] StockPriceHistories blev skrevet til fil data\stock_price_history.psv
[2026-06-07 10:40:32] INFO: [StockMarket] Stock AAPL blev opdateret og pricehistory blev gemt
[2026-06-07 10:40:32] INFO: [OwnedStockFileDAO] Ownedstocks blev indlæst fra fil
[2026-06-07 10:40:32] INFO: [GameStateService] Stock: TSLA | Price: 112,69 | State: Rising
[2026-06-07 10:40:32] INFO: [StockMarket] StockListenerService modtog update for: TSLA
[2026-06-07 10:40:32] INFO: [StockListenerService] Transaction started
[2026-06-07 10:40:32] INFO: [FileUnitOfWork] Stock blev skrevet til fil data\stocks.psv
[2026-06-07 10:40:32] INFO: [FileUnitOfWork] StockPriceHistories blev skrevet til fil data\stock_price_history.psv
[2026-06-07 10:40:32] INFO: [StockMarket] Stock TSLA blev opdateret og pricehistory blev gemt
[2026-06-07 10:40:32] INFO: [OwnedStockFileDAO] Ownedstocks blev indlæst fra fil
[2026-06-07 10:40:32] INFO: [GameStateService] Stock: NVDA | Price: 114,28 | State: Rising
[2026-06-07 10:40:32] INFO: [StockMarket] StockListenerService modtog update for: NVDA
[2026-06-07 10:40:32] INFO: [StockListenerService] Transaction started
[2026-06-07 10:40:32] INFO: [FileUnitOfWork] Stock blev skrevet til fil data\stocks.psv
[2026-06-07 10:40:32] INFO: [FileUnitOfWork] StockPriceHistories blev skrevet til fil data\stock_price_history.psv
[2026-06-07 10:40:32] INFO: [StockMarket] Stock NVDA blev opdateret og pricehistory blev gemt
[2026-06-07 10:40:32] INFO: [OwnedStockFileDAO] Ownedstocks blev indlæst fra fil
[2026-06-07 10:40:32] INFO: [GameStateService] Stock: MSFT | Price: 477,58 | State: Declining
[2026-06-07 10:40:32] INFO: [StockMarket] StockListenerService modtog update for: MSFT
[2026-06-07 10:40:32] INFO: [StockListenerService] Transaction started
[2026-06-07 10:40:32] INFO: [FileUnitOfWork] Stock blev skrevet til fil data\stocks.psv
[2026-06-07 10:40:32] INFO: [FileUnitOfWork] StockPriceHistories blev skrevet til fil data\stock_price_history.psv
[2026-06-07 10:40:32] INFO: [StockMarket] Stock MSFT blev opdateret og pricehistory blev gemt
[2026-06-07 10:40:32] INFO: [OwnedStockFileDAO] Ownedstocks blev indlæst fra fil
[2026-06-07 10:40:32] INFO: [GameStateService] Stock: GOOGL | Price: 372,20 | State: Declining
[2026-06-07 10:40:32] INFO: [StockMarket] StockListenerService modtog update for: GOOGL
[2026-06-07 10:40:32] INFO: [StockListenerService] Transaction started
[2026-06-07 10:40:32] INFO: [FileUnitOfWork] Stock blev skrevet til fil data\stocks.psv
[2026-06-07 10:40:32] INFO: [FileUnitOfWork] StockPriceHistories blev skrevet til fil data\stock_price_history.psv
[2026-06-07 10:40:32] INFO: [StockMarket] Stock GOOGL blev opdateret og pricehistory blev gemt
[2026-06-07 10:40:32] INFO: [OwnedStockFileDAO] Ownedstocks blev indlæst fra fil
[2026-06-07 10:40:32] INFO: [GameStateService] Stock: AMZN | Price: 279,66 | State: Steady
[2026-06-07 10:40:32] INFO: [StockMarket] StockListenerService modtog update for: AMZN
[2026-06-07 10:40:32] INFO: [StockListenerService] Transaction started
[2026-06-07 10:40:32] INFO: [FileUnitOfWork] Stock blev skrevet til fil data\stocks.psv
[2026-06-07 10:40:32] INFO: [FileUnitOfWork] StockPriceHistories blev skrevet til fil data\stock_price_history.psv
[2026-06-07 10:40:32] INFO: [StockMarket] Stock AMZN blev opdateret og pricehistory blev gemt
[2026-06-07 10:40:32] INFO: [OwnedStockFileDAO] Ownedstocks blev indlæst fra fil
[2026-06-07 10:40:32] INFO: [GameStateService] Stock: META | Price: 407,95 | State: Declining
[2026-06-07 10:40:32] INFO: [StockMarket] StockListenerService modtog update for: META
[2026-06-07 10:40:32] INFO: [StockListenerService] Transaction started
[2026-06-07 10:40:32] INFO: [FileUnitOfWork] Stock blev skrevet til fil data\stocks.psv
[2026-06-07 10:40:32] INFO: [FileUnitOfWork] StockPriceHistories blev skrevet til fil data\stock_price_history.psv
[2026-06-07 10:40:32] INFO: [StockMarket] Stock META blev opdateret og pricehistory blev gemt
[2026-06-07 10:40:32] INFO: [OwnedStockFileDAO] Ownedstocks blev indlæst fra fil
[2026-06-07 10:40:32] INFO: [GameStateService] Stock: GM | Price: 257,44 | State: Declining
[2026-06-07 10:40:32] INFO: [StockMarket] StockListenerService modtog update for: GM
[2026-06-07 10:40:32] INFO: [StockListenerService] Transaction started
[2026-06-07 10:40:32] INFO: [FileUnitOfWork] Stock blev skrevet til fil data\stocks.psv
[2026-06-07 10:40:32] INFO: [FileUnitOfWork] StockPriceHistories blev skrevet til fil data\stock_price_history.psv
[2026-06-07 10:40:32] INFO: [StockMarket] Stock GM blev opdateret og pricehistory blev gemt
[2026-06-07 10:40:32] INFO: [OwnedStockFileDAO] Ownedstocks blev indlæst fra fil
[2026-06-07 10:40:33] INFO: [MarketTickHandler] Game started
[2026-06-07 10:40:33] INFO: [Thread] Markedet blev opdateret
[2026-06-07 10:40:33] INFO: [MarketTickHandler] Updating stock market
[2026-06-07 10:40:33] INFO: [GameStateService] Stock: AAPL | Price: 229,11 | State: Declining
[2026-06-07 10:40:33] INFO: [StockMarket] StockListenerService modtog update for: AAPL
[2026-06-07 10:40:33] INFO: [StockListenerService] Transaction started
[2026-06-07 10:40:33] INFO: [FileUnitOfWork] Stock blev skrevet til fil data\stocks.psv
[2026-06-07 10:40:33] INFO: [FileUnitOfWork] StockPriceHistories blev skrevet til fil data\stock_price_history.psv
[2026-06-07 10:40:33] INFO: [StockMarket] Stock AAPL blev opdateret og pricehistory blev gemt
[2026-06-07 10:40:33] INFO: [OwnedStockFileDAO] Ownedstocks blev indlæst fra fil
[2026-06-07 10:40:33] INFO: [RisingState] LiveStock TSLA changed state from Rising to: Declining
[2026-06-07 10:40:33] INFO: [GameStateService] Stock: TSLA | Price: 114,61 | State: Declining
[2026-06-07 10:40:33] INFO: [StockMarket] StockListenerService modtog update for: TSLA
[2026-06-07 10:40:33] INFO: [StockListenerService] Transaction started
[2026-06-07 10:40:33] INFO: [FileUnitOfWork] Stock blev skrevet til fil data\stocks.psv
[2026-06-07 10:40:33] INFO: [FileUnitOfWork] StockPriceHistories blev skrevet til fil data\stock_price_history.psv
[2026-06-07 10:40:33] INFO: [StockMarket] Stock TSLA blev opdateret og pricehistory blev gemt
[2026-06-07 10:40:33] INFO: [OwnedStockFileDAO] Ownedstocks blev indlæst fra fil
[2026-06-07 10:40:33] INFO: [GameStateService] Stock: NVDA | Price: 114,64 | State: Rising
[2026-06-07 10:40:33] INFO: [StockMarket] StockListenerService modtog update for: NVDA
[2026-06-07 10:40:33] INFO: [StockListenerService] Transaction started
[2026-06-07 10:40:33] INFO: [FileUnitOfWork] Stock blev skrevet til fil data\stocks.psv
[2026-06-07 10:40:33] INFO: [FileUnitOfWork] StockPriceHistories blev skrevet til fil data\stock_price_history.psv
[2026-06-07 10:40:33] INFO: [StockMarket] Stock NVDA blev opdateret og pricehistory blev gemt
[2026-06-07 10:40:33] INFO: [OwnedStockFileDAO] Ownedstocks blev indlæst fra fil
[2026-06-07 10:40:33] INFO: [GameStateService] Stock: MSFT | Price: 478,51 | State: Declining
[2026-06-07 10:40:33] INFO: [StockMarket] StockListenerService modtog update for: MSFT
[2026-06-07 10:40:33] INFO: [StockListenerService] Transaction started
[2026-06-07 10:40:33] INFO: [FileUnitOfWork] Stock blev skrevet til fil data\stocks.psv
[2026-06-07 10:40:33] INFO: [FileUnitOfWork] StockPriceHistories blev skrevet til fil data\stock_price_history.psv
[2026-06-07 10:40:33] INFO: [StockMarket] Stock MSFT blev opdateret og pricehistory blev gemt
[2026-06-07 10:40:33] INFO: [OwnedStockFileDAO] Ownedstocks blev indlæst fra fil
[2026-06-07 10:40:33] INFO: [GameStateService] Stock: GOOGL | Price: 370,25 | State: Declining
[2026-06-07 10:40:33] INFO: [StockMarket] StockListenerService modtog update for: GOOGL
[2026-06-07 10:40:33] INFO: [StockListenerService] Transaction started
[2026-06-07 10:40:33] INFO: [FileUnitOfWork] Stock blev skrevet til fil data\stocks.psv
[2026-06-07 10:40:33] INFO: [FileUnitOfWork] StockPriceHistories blev skrevet til fil data\stock_price_history.psv
[2026-06-07 10:40:33] INFO: [StockMarket] Stock GOOGL blev opdateret og pricehistory blev gemt
[2026-06-07 10:40:33] INFO: [OwnedStockFileDAO] Ownedstocks blev indlæst fra fil
[2026-06-07 10:40:33] INFO: [GameStateService] Stock: AMZN | Price: 280,41 | State: Steady
[2026-06-07 10:40:33] INFO: [StockMarket] StockListenerService modtog update for: AMZN
[2026-06-07 10:40:33] INFO: [StockListenerService] Transaction started
[2026-06-07 10:40:33] INFO: [FileUnitOfWork] Stock blev skrevet til fil data\stocks.psv
[2026-06-07 10:40:33] INFO: [FileUnitOfWork] StockPriceHistories blev skrevet til fil data\stock_price_history.psv
[2026-06-07 10:40:33] INFO: [StockMarket] Stock AMZN blev opdateret og pricehistory blev gemt
[2026-06-07 10:40:33] INFO: [OwnedStockFileDAO] Ownedstocks blev indlæst fra fil
[2026-06-07 10:40:33] INFO: [GameStateService] Stock: META | Price: 409,17 | State: Declining
[2026-06-07 10:40:33] INFO: [StockMarket] StockListenerService modtog update for: META
[2026-06-07 10:40:33] INFO: [StockListenerService] Transaction started
[2026-06-07 10:40:33] INFO: [FileUnitOfWork] Stock blev skrevet til fil data\stocks.psv
[2026-06-07 10:40:33] INFO: [FileUnitOfWork] StockPriceHistories blev skrevet til fil data\stock_price_history.psv
[2026-06-07 10:40:33] INFO: [StockMarket] Stock META blev opdateret og pricehistory blev gemt
[2026-06-07 10:40:33] INFO: [OwnedStockFileDAO] Ownedstocks blev indlæst fra fil
[2026-06-07 10:40:33] INFO: [GameStateService] Stock: GM | Price: 258,40 | State: Declining
[2026-06-07 10:40:33] INFO: [StockMarket] StockListenerService modtog update for: GM
[2026-06-07 10:40:33] INFO: [StockListenerService] Transaction started
[2026-06-07 10:40:33] INFO: [FileUnitOfWork] Stock blev skrevet til fil data\stocks.psv
[2026-06-07 10:40:33] INFO: [FileUnitOfWork] StockPriceHistories blev skrevet til fil data\stock_price_history.psv
[2026-06-07 10:40:33] INFO: [StockMarket] Stock GM blev opdateret og pricehistory blev gemt
[2026-06-07 10:40:33] INFO: [OwnedStockFileDAO] Ownedstocks blev indlæst fra fil
[2026-06-07 10:40:33] INFO: [BuyStocksViewModel] Fetching portfolio: e6f56e16-0f0a-40d4-a655-b91e689c4dd1
[2026-06-07 10:40:33] INFO: [BuyStocksViewModel] Fetching AvailableStocks
[2026-06-07 10:40:35] INFO: [MarketTickHandler] Game started
[2026-06-07 10:40:35] INFO: [Thread] Markedet blev opdateret
[2026-06-07 10:40:35] INFO: [MarketTickHandler] Updating stock market
[2026-06-07 10:40:35] INFO: [GameStateService] Stock: AAPL | Price: 229,27 | State: Declining
[2026-06-07 10:40:35] INFO: [StockMarket] StockListenerService modtog update for: AAPL
[2026-06-07 10:40:35] INFO: [StockListenerService] Transaction started
[2026-06-07 10:40:35] INFO: [FileUnitOfWork] Stock blev skrevet til fil data\stocks.psv
[2026-06-07 10:40:35] INFO: [FileUnitOfWork] StockPriceHistories blev skrevet til fil data\stock_price_history.psv
[2026-06-07 10:40:35] INFO: [StockMarket] Stock AAPL blev opdateret og pricehistory blev gemt
[2026-06-07 10:40:35] INFO: [OwnedStockFileDAO] Ownedstocks blev indlæst fra fil
[2026-06-07 10:40:35] INFO: [GameStateService] Stock: TSLA | Price: 112,92 | State: Declining
[2026-06-07 10:40:35] INFO: [StockMarket] StockListenerService modtog update for: TSLA
[2026-06-07 10:40:35] INFO: [StockListenerService] Transaction started
[2026-06-07 10:40:35] INFO: [FileUnitOfWork] Stock blev skrevet til fil data\stocks.psv
[2026-06-07 10:40:35] INFO: [FileUnitOfWork] StockPriceHistories blev skrevet til fil data\stock_price_history.psv
[2026-06-07 10:40:35] INFO: [StockMarket] Stock TSLA blev opdateret og pricehistory blev gemt
[2026-06-07 10:40:35] INFO: [OwnedStockFileDAO] Ownedstocks blev indlæst fra fil
[2026-06-07 10:40:35] INFO: [GameStateService] Stock: NVDA | Price: 113,74 | State: Rising
[2026-06-07 10:40:35] INFO: [StockMarket] StockListenerService modtog update for: NVDA
[2026-06-07 10:40:35] INFO: [StockListenerService] Transaction started
[2026-06-07 10:40:35] INFO: [FileUnitOfWork] Stock blev skrevet til fil data\stocks.psv
[2026-06-07 10:40:35] INFO: [FileUnitOfWork] StockPriceHistories blev skrevet til fil data\stock_price_history.psv
[2026-06-07 10:40:35] INFO: [StockMarket] Stock NVDA blev opdateret og pricehistory blev gemt
[2026-06-07 10:40:35] INFO: [OwnedStockFileDAO] Ownedstocks blev indlæst fra fil
[2026-06-07 10:40:35] INFO: [DecliningState] LiveStock MSFT changed state from Declining to: Steady
[2026-06-07 10:40:35] INFO: [GameStateService] Stock: MSFT | Price: 478,30 | State: Steady
[2026-06-07 10:40:35] INFO: [StockMarket] StockListenerService modtog update for: MSFT
[2026-06-07 10:40:35] INFO: [StockListenerService] Transaction started
[2026-06-07 10:40:35] INFO: [FileUnitOfWork] Stock blev skrevet til fil data\stocks.psv
[2026-06-07 10:40:35] INFO: [FileUnitOfWork] StockPriceHistories blev skrevet til fil data\stock_price_history.psv
[2026-06-07 10:40:35] INFO: [StockMarket] Stock MSFT blev opdateret og pricehistory blev gemt
[2026-06-07 10:40:35] INFO: [OwnedStockFileDAO] Ownedstocks blev indlæst fra fil
[2026-06-07 10:40:35] INFO: [GameStateService] Stock: GOOGL | Price: 365,37 | State: Declining
[2026-06-07 10:40:35] INFO: [StockMarket] StockListenerService modtog update for: GOOGL
[2026-06-07 10:40:35] INFO: [StockListenerService] Transaction started
[2026-06-07 10:40:35] INFO: [FileUnitOfWork] Stock blev skrevet til fil data\stocks.psv
[2026-06-07 10:40:35] INFO: [FileUnitOfWork] StockPriceHistories blev skrevet til fil data\stock_price_history.psv
[2026-06-07 10:40:35] INFO: [StockMarket] Stock GOOGL blev opdateret og pricehistory blev gemt
[2026-06-07 10:40:35] INFO: [OwnedStockFileDAO] Ownedstocks blev indlæst fra fil
[2026-06-07 10:40:35] INFO: [GameStateService] Stock: AMZN | Price: 281,31 | State: Steady
[2026-06-07 10:40:35] INFO: [StockMarket] StockListenerService modtog update for: AMZN
[2026-06-07 10:40:35] INFO: [StockListenerService] Transaction started
[2026-06-07 10:40:35] INFO: [FileUnitOfWork] Stock blev skrevet til fil data\stocks.psv
[2026-06-07 10:40:35] INFO: [FileUnitOfWork] StockPriceHistories blev skrevet til fil data\stock_price_history.psv
[2026-06-07 10:40:35] INFO: [StockMarket] Stock AMZN blev opdateret og pricehistory blev gemt
[2026-06-07 10:40:35] INFO: [OwnedStockFileDAO] Ownedstocks blev indlæst fra fil
[2026-06-07 10:40:35] INFO: [DecliningState] LiveStock META changed state from Declining to: Rising
[2026-06-07 10:40:35] INFO: [GameStateService] Stock: META | Price: 405,67 | State: Rising
[2026-06-07 10:40:35] INFO: [StockMarket] StockListenerService modtog update for: META
[2026-06-07 10:40:35] INFO: [StockListenerService] Transaction started
[2026-06-07 10:40:35] INFO: [FileUnitOfWork] Stock blev skrevet til fil data\stocks.psv
[2026-06-07 10:40:35] INFO: [FileUnitOfWork] StockPriceHistories blev skrevet til fil data\stock_price_history.psv
[2026-06-07 10:40:35] INFO: [StockMarket] Stock META blev opdateret og pricehistory blev gemt
[2026-06-07 10:40:35] INFO: [OwnedStockFileDAO] Ownedstocks blev indlæst fra fil
[2026-06-07 10:40:35] INFO: [GameStateService] Stock: GM | Price: 258,78 | State: Declining
[2026-06-07 10:40:35] INFO: [StockMarket] StockListenerService modtog update for: GM
[2026-06-07 10:40:35] INFO: [StockListenerService] Transaction started
[2026-06-07 10:40:35] INFO: [FileUnitOfWork] Stock blev skrevet til fil data\stocks.psv
[2026-06-07 10:40:35] INFO: [FileUnitOfWork] StockPriceHistories blev skrevet til fil data\stock_price_history.psv
[2026-06-07 10:40:35] INFO: [StockMarket] Stock GM blev opdateret og pricehistory blev gemt
[2026-06-07 10:40:35] INFO: [OwnedStockFileDAO] Ownedstocks blev indlæst fra fil
[2026-06-07 10:40:36] INFO: [MarketTickHandler] Game started
[2026-06-07 10:40:36] INFO: [Thread] Markedet blev opdateret
[2026-06-07 10:40:36] INFO: [MarketTickHandler] Updating stock market
[2026-06-07 10:40:36] INFO: [GameStateService] Stock: AAPL | Price: 225,04 | State: Declining
[2026-06-07 10:40:36] INFO: [StockMarket] StockListenerService modtog update for: AAPL
[2026-06-07 10:40:36] INFO: [StockListenerService] Transaction started
[2026-06-07 10:40:36] INFO: [FileUnitOfWork] Stock blev skrevet til fil data\stocks.psv
[2026-06-07 10:40:36] INFO: [FileUnitOfWork] StockPriceHistories blev skrevet til fil data\stock_price_history.psv
[2026-06-07 10:40:36] INFO: [StockMarket] Stock AAPL blev opdateret og pricehistory blev gemt
[2026-06-07 10:40:36] INFO: [OwnedStockFileDAO] Ownedstocks blev indlæst fra fil
[2026-06-07 10:40:36] INFO: [GameStateService] Stock: TSLA | Price: 112,07 | State: Declining
[2026-06-07 10:40:36] INFO: [StockMarket] StockListenerService modtog update for: TSLA
[2026-06-07 10:40:36] INFO: [StockListenerService] Transaction started
[2026-06-07 10:40:36] INFO: [FileUnitOfWork] Stock blev skrevet til fil data\stocks.psv
[2026-06-07 10:40:36] INFO: [FileUnitOfWork] StockPriceHistories blev skrevet til fil data\stock_price_history.psv
[2026-06-07 10:40:36] INFO: [StockMarket] Stock TSLA blev opdateret og pricehistory blev gemt
[2026-06-07 10:40:36] INFO: [OwnedStockFileDAO] Ownedstocks blev indlæst fra fil
[2026-06-07 10:40:36] INFO: [RisingState] LiveStock NVDA changed state from Rising to: Steady
[2026-06-07 10:40:36] INFO: [GameStateService] Stock: NVDA | Price: 117,30 | State: Steady
[2026-06-07 10:40:36] INFO: [StockMarket] StockListenerService modtog update for: NVDA
[2026-06-07 10:40:36] INFO: [StockListenerService] Transaction started
[2026-06-07 10:40:36] INFO: [FileUnitOfWork] Stock blev skrevet til fil data\stocks.psv
[2026-06-07 10:40:36] INFO: [FileUnitOfWork] StockPriceHistories blev skrevet til fil data\stock_price_history.psv
[2026-06-07 10:40:36] INFO: [StockMarket] Stock NVDA blev opdateret og pricehistory blev gemt
[2026-06-07 10:40:36] INFO: [OwnedStockFileDAO] Ownedstocks blev indlæst fra fil
[2026-06-07 10:40:36] INFO: [GameStateService] Stock: MSFT | Price: 478,56 | State: Steady
[2026-06-07 10:40:36] INFO: [StockMarket] StockListenerService modtog update for: MSFT
[2026-06-07 10:40:36] INFO: [StockListenerService] Transaction started
[2026-06-07 10:40:36] INFO: [FileUnitOfWork] Stock blev skrevet til fil data\stocks.psv
[2026-06-07 10:40:36] INFO: [FileUnitOfWork] StockPriceHistories blev skrevet til fil data\stock_price_history.psv
[2026-06-07 10:40:36] INFO: [StockMarket] Stock MSFT blev opdateret og pricehistory blev gemt
[2026-06-07 10:40:36] INFO: [OwnedStockFileDAO] Ownedstocks blev indlæst fra fil
[2026-06-07 10:40:36] INFO: [GameStateService] Stock: GOOGL | Price: 363,08 | State: Declining
[2026-06-07 10:40:36] INFO: [StockMarket] StockListenerService modtog update for: GOOGL
[2026-06-07 10:40:36] INFO: [StockListenerService] Transaction started
[2026-06-07 10:40:36] INFO: [FileUnitOfWork] Stock blev skrevet til fil data\stocks.psv
[2026-06-07 10:40:36] INFO: [FileUnitOfWork] StockPriceHistories blev skrevet til fil data\stock_price_history.psv
[2026-06-07 10:40:36] INFO: [StockMarket] Stock GOOGL blev opdateret og pricehistory blev gemt
[2026-06-07 10:40:36] INFO: [OwnedStockFileDAO] Ownedstocks blev indlæst fra fil
[2026-06-07 10:40:36] INFO: [GameStateService] Stock: AMZN | Price: 281,46 | State: Steady
[2026-06-07 10:40:36] INFO: [StockMarket] StockListenerService modtog update for: AMZN
[2026-06-07 10:40:36] INFO: [StockListenerService] Transaction started
[2026-06-07 10:40:36] INFO: [FileUnitOfWork] Stock blev skrevet til fil data\stocks.psv
[2026-06-07 10:40:36] INFO: [FileUnitOfWork] StockPriceHistories blev skrevet til fil data\stock_price_history.psv
[2026-06-07 10:40:36] INFO: [StockMarket] Stock AMZN blev opdateret og pricehistory blev gemt
[2026-06-07 10:40:36] INFO: [OwnedStockFileDAO] Ownedstocks blev indlæst fra fil
[2026-06-07 10:40:36] INFO: [GameStateService] Stock: META | Price: 410,48 | State: Rising
[2026-06-07 10:40:36] INFO: [StockMarket] StockListenerService modtog update for: META
[2026-06-07 10:40:36] INFO: [StockListenerService] Transaction started
[2026-06-07 10:40:36] INFO: [FileUnitOfWork] Stock blev skrevet til fil data\stocks.psv
[2026-06-07 10:40:36] INFO: [FileUnitOfWork] StockPriceHistories blev skrevet til fil data\stock_price_history.psv
[2026-06-07 10:40:36] INFO: [StockMarket] Stock META blev opdateret og pricehistory blev gemt
[2026-06-07 10:40:36] INFO: [OwnedStockFileDAO] Ownedstocks blev indlæst fra fil
[2026-06-07 10:40:36] INFO: [GameStateService] Stock: GM | Price: 253,90 | State: Declining
[2026-06-07 10:40:36] INFO: [StockMarket] StockListenerService modtog update for: GM
[2026-06-07 10:40:36] INFO: [StockListenerService] Transaction started
[2026-06-07 10:40:36] INFO: [FileUnitOfWork] Stock blev skrevet til fil data\stocks.psv
[2026-06-07 10:40:36] INFO: [FileUnitOfWork] StockPriceHistories blev skrevet til fil data\stock_price_history.psv
[2026-06-07 10:40:36] INFO: [StockMarket] Stock GM blev opdateret og pricehistory blev gemt
[2026-06-07 10:40:36] INFO: [OwnedStockFileDAO] Ownedstocks blev indlæst fra fil
[2026-06-07 10:40:37] INFO: [BuyStocksViewModel] Fetching portfolio: e6f56e16-0f0a-40d4-a655-b91e689c4dd1
[2026-06-07 10:40:37] INFO: [BuyStocksViewModel] Fetching portfolio: e6f56e16-0f0a-40d4-a655-b91e689c4dd1
[2026-06-07 10:40:37] INFO: [MarketTickHandler] Game started
[2026-06-07 10:40:37] INFO: [Thread] Markedet blev opdateret
[2026-06-07 10:40:37] INFO: [MarketTickHandler] Updating stock market
[2026-06-07 10:40:37] INFO: [GameStateService] Stock: AAPL | Price: 225,95 | State: Declining
[2026-06-07 10:40:37] INFO: [StockMarket] StockListenerService modtog update for: AAPL
[2026-06-07 10:40:37] INFO: [StockListenerService] Transaction started
[2026-06-07 10:40:37] INFO: [FileUnitOfWork] Stock blev skrevet til fil data\stocks.psv
[2026-06-07 10:40:37] INFO: [FileUnitOfWork] StockPriceHistories blev skrevet til fil data\stock_price_history.psv
[2026-06-07 10:40:37] INFO: [StockMarket] Stock AAPL blev opdateret og pricehistory blev gemt
[2026-06-07 10:40:37] INFO: [OwnedStockFileDAO] Ownedstocks blev indlæst fra fil
[2026-06-07 10:40:37] INFO: [GameStateService] Stock: TSLA | Price: 113,60 | State: Declining
[2026-06-07 10:40:37] INFO: [StockMarket] StockListenerService modtog update for: TSLA
[2026-06-07 10:40:37] INFO: [StockListenerService] Transaction started
[2026-06-07 10:40:37] INFO: [FileUnitOfWork] Stock blev skrevet til fil data\stocks.psv
[2026-06-07 10:40:37] INFO: [FileUnitOfWork] StockPriceHistories blev skrevet til fil data\stock_price_history.psv
[2026-06-07 10:40:37] INFO: [StockMarket] Stock TSLA blev opdateret og pricehistory blev gemt
[2026-06-07 10:40:37] INFO: [OwnedStockFileDAO] Ownedstocks blev indlæst fra fil
[2026-06-07 10:40:37] INFO: [GameStateService] Stock: NVDA | Price: 118,21 | State: Steady
[2026-06-07 10:40:37] INFO: [StockMarket] StockListenerService modtog update for: NVDA
[2026-06-07 10:40:37] INFO: [StockListenerService] Transaction started
[2026-06-07 10:40:37] INFO: [FileUnitOfWork] Stock blev skrevet til fil data\stocks.psv
[2026-06-07 10:40:37] INFO: [FileUnitOfWork] StockPriceHistories blev skrevet til fil data\stock_price_history.psv
[2026-06-07 10:40:37] INFO: [StockMarket] Stock NVDA blev opdateret og pricehistory blev gemt
[2026-06-07 10:40:37] INFO: [OwnedStockFileDAO] Ownedstocks blev indlæst fra fil
[2026-06-07 10:40:37] INFO: [GameStateService] Stock: MSFT | Price: 478,42 | State: Steady
[2026-06-07 10:40:37] INFO: [StockMarket] StockListenerService modtog update for: MSFT
[2026-06-07 10:40:37] INFO: [StockListenerService] Transaction started
[2026-06-07 10:40:37] INFO: [FileUnitOfWork] Stock blev skrevet til fil data\stocks.psv
[2026-06-07 10:40:37] INFO: [FileUnitOfWork] StockPriceHistories blev skrevet til fil data\stock_price_history.psv
[2026-06-07 10:40:37] INFO: [StockMarket] Stock MSFT blev opdateret og pricehistory blev gemt
[2026-06-07 10:40:37] INFO: [OwnedStockFileDAO] Ownedstocks blev indlæst fra fil
[2026-06-07 10:40:37] INFO: [GameStateService] Stock: GOOGL | Price: 361,96 | State: Declining
[2026-06-07 10:40:37] INFO: [StockMarket] StockListenerService modtog update for: GOOGL
[2026-06-07 10:40:37] INFO: [StockListenerService] Transaction started
[2026-06-07 10:40:37] INFO: [FileUnitOfWork] Stock blev skrevet til fil data\stocks.psv
[2026-06-07 10:40:37] INFO: [FileUnitOfWork] StockPriceHistories blev skrevet til fil data\stock_price_history.psv
[2026-06-07 10:40:37] INFO: [StockMarket] Stock GOOGL blev opdateret og pricehistory blev gemt
[2026-06-07 10:40:37] INFO: [OwnedStockFileDAO] Ownedstocks blev indlæst fra fil
[2026-06-07 10:40:37] INFO: [GameStateService] Stock: AMZN | Price: 281,11 | State: Steady
[2026-06-07 10:40:37] INFO: [StockMarket] StockListenerService modtog update for: AMZN
[2026-06-07 10:40:37] INFO: [StockListenerService] Transaction started
[2026-06-07 10:40:37] INFO: [FileUnitOfWork] Stock blev skrevet til fil data\stocks.psv
[2026-06-07 10:40:37] INFO: [FileUnitOfWork] StockPriceHistories blev skrevet til fil data\stock_price_history.psv
[2026-06-07 10:40:37] INFO: [StockMarket] Stock AMZN blev opdateret og pricehistory blev gemt
[2026-06-07 10:40:37] INFO: [OwnedStockFileDAO] Ownedstocks blev indlæst fra fil
[2026-06-07 10:40:37] INFO: [GameStateService] Stock: META | Price: 413,96 | State: Rising
[2026-06-07 10:40:37] INFO: [StockMarket] StockListenerService modtog update for: META
[2026-06-07 10:40:37] INFO: [StockListenerService] Transaction started
[2026-06-07 10:40:37] INFO: [FileUnitOfWork] Stock blev skrevet til fil data\stocks.psv
[2026-06-07 10:40:37] INFO: [FileUnitOfWork] StockPriceHistories blev skrevet til fil data\stock_price_history.psv
[2026-06-07 10:40:37] INFO: [StockMarket] Stock META blev opdateret og pricehistory blev gemt
[2026-06-07 10:40:37] INFO: [OwnedStockFileDAO] Ownedstocks blev indlæst fra fil
[2026-06-07 10:40:37] INFO: [GameStateService] Stock: GM | Price: 254,44 | State: Declining
[2026-06-07 10:40:37] INFO: [StockMarket] StockListenerService modtog update for: GM
[2026-06-07 10:40:37] INFO: [StockListenerService] Transaction started
[2026-06-07 10:40:37] INFO: [FileUnitOfWork] Stock blev skrevet til fil data\stocks.psv
[2026-06-07 10:40:37] INFO: [FileUnitOfWork] StockPriceHistories blev skrevet til fil data\stock_price_history.psv
[2026-06-07 10:40:37] INFO: [StockMarket] Stock GM blev opdateret og pricehistory blev gemt
[2026-06-07 10:40:37] INFO: [OwnedStockFileDAO] Ownedstocks blev indlæst fra fil
[2026-06-07 10:40:38] INFO: [MarketTickHandler] Game started
[2026-06-07 10:40:38] INFO: [Thread] Markedet blev opdateret
[2026-06-07 10:40:38] INFO: [MarketTickHandler] Updating stock market
[2026-06-07 10:40:38] INFO: [GameStateService] Stock: AAPL | Price: 225,14 | State: Declining
[2026-06-07 10:40:38] INFO: [StockMarket] StockListenerService modtog update for: AAPL
[2026-06-07 10:40:38] INFO: [StockListenerService] Transaction started
[2026-06-07 10:40:38] INFO: [FileUnitOfWork] Stock blev skrevet til fil data\stocks.psv
[2026-06-07 10:40:38] INFO: [FileUnitOfWork] StockPriceHistories blev skrevet til fil data\stock_price_history.psv
[2026-06-07 10:40:38] INFO: [StockMarket] Stock AAPL blev opdateret og pricehistory blev gemt
[2026-06-07 10:40:38] INFO: [OwnedStockFileDAO] Ownedstocks blev indlæst fra fil
[2026-06-07 10:40:38] INFO: [GameStateService] Stock: TSLA | Price: 114,34 | State: Declining
[2026-06-07 10:40:38] INFO: [StockMarket] StockListenerService modtog update for: TSLA
[2026-06-07 10:40:38] INFO: [StockListenerService] Transaction started
[2026-06-07 10:40:38] INFO: [FileUnitOfWork] Stock blev skrevet til fil data\stocks.psv
[2026-06-07 10:40:38] INFO: [FileUnitOfWork] StockPriceHistories blev skrevet til fil data\stock_price_history.psv
[2026-06-07 10:40:38] INFO: [StockMarket] Stock TSLA blev opdateret og pricehistory blev gemt
[2026-06-07 10:40:38] INFO: [OwnedStockFileDAO] Ownedstocks blev indlæst fra fil
[2026-06-07 10:40:38] INFO: [GameStateService] Stock: NVDA | Price: 118,70 | State: Steady
[2026-06-07 10:40:38] INFO: [StockMarket] StockListenerService modtog update for: NVDA
[2026-06-07 10:40:38] INFO: [StockListenerService] Transaction started
[2026-06-07 10:40:38] INFO: [FileUnitOfWork] Stock blev skrevet til fil data\stocks.psv
[2026-06-07 10:40:38] INFO: [FileUnitOfWork] StockPriceHistories blev skrevet til fil data\stock_price_history.psv
[2026-06-07 10:40:38] INFO: [StockMarket] Stock NVDA blev opdateret og pricehistory blev gemt
[2026-06-07 10:40:38] INFO: [OwnedStockFileDAO] Ownedstocks blev indlæst fra fil
[2026-06-07 10:40:38] INFO: [GameStateService] Stock: MSFT | Price: 478,87 | State: Steady
[2026-06-07 10:40:38] INFO: [StockMarket] StockListenerService modtog update for: MSFT
[2026-06-07 10:40:38] INFO: [StockListenerService] Transaction started
[2026-06-07 10:40:38] INFO: [FileUnitOfWork] Stock blev skrevet til fil data\stocks.psv
[2026-06-07 10:40:38] INFO: [FileUnitOfWork] StockPriceHistories blev skrevet til fil data\stock_price_history.psv
[2026-06-07 10:40:38] INFO: [StockMarket] Stock MSFT blev opdateret og pricehistory blev gemt
[2026-06-07 10:40:38] INFO: [OwnedStockFileDAO] Ownedstocks blev indlæst fra fil
[2026-06-07 10:40:38] INFO: [DecliningState] LiveStock GOOGL changed state from Declining to: Steady
[2026-06-07 10:40:38] INFO: [GameStateService] Stock: GOOGL | Price: 361,65 | State: Steady
[2026-06-07 10:40:38] INFO: [StockMarket] StockListenerService modtog update for: GOOGL
[2026-06-07 10:40:38] INFO: [StockListenerService] Transaction started
[2026-06-07 10:40:38] INFO: [FileUnitOfWork] Stock blev skrevet til fil data\stocks.psv
[2026-06-07 10:40:38] INFO: [FileUnitOfWork] StockPriceHistories blev skrevet til fil data\stock_price_history.psv
[2026-06-07 10:40:38] INFO: [StockMarket] Stock GOOGL blev opdateret og pricehistory blev gemt
[2026-06-07 10:40:38] INFO: [OwnedStockFileDAO] Ownedstocks blev indlæst fra fil
[2026-06-07 10:40:38] INFO: [SteadyState] LiveStock AMZN changed state from Steady to: Rising
[2026-06-07 10:40:38] INFO: [GameStateService] Stock: AMZN | Price: 281,50 | State: Rising
[2026-06-07 10:40:38] INFO: [StockMarket] StockListenerService modtog update for: AMZN
[2026-06-07 10:40:38] INFO: [StockListenerService] Transaction started
[2026-06-07 10:40:38] INFO: [FileUnitOfWork] Stock blev skrevet til fil data\stocks.psv
[2026-06-07 10:40:38] INFO: [FileUnitOfWork] StockPriceHistories blev skrevet til fil data\stock_price_history.psv
[2026-06-07 10:40:38] INFO: [StockMarket] Stock AMZN blev opdateret og pricehistory blev gemt
[2026-06-07 10:40:38] INFO: [OwnedStockFileDAO] Ownedstocks blev indlæst fra fil
[2026-06-07 10:40:38] INFO: [RisingState] LiveStock META changed state from Rising to: Declining
[2026-06-07 10:40:38] INFO: [GameStateService] Stock: META | Price: 412,36 | State: Declining
[2026-06-07 10:40:38] INFO: [StockMarket] StockListenerService modtog update for: META
[2026-06-07 10:40:38] INFO: [StockListenerService] Transaction started
[2026-06-07 10:40:38] INFO: [FileUnitOfWork] Stock blev skrevet til fil data\stocks.psv
[2026-06-07 10:40:38] INFO: [FileUnitOfWork] StockPriceHistories blev skrevet til fil data\stock_price_history.psv
[2026-06-07 10:40:38] INFO: [StockMarket] Stock META blev opdateret og pricehistory blev gemt
[2026-06-07 10:40:38] INFO: [OwnedStockFileDAO] Ownedstocks blev indlæst fra fil
[2026-06-07 10:40:38] INFO: [GameStateService] Stock: GM | Price: 254,90 | State: Declining
[2026-06-07 10:40:38] INFO: [StockMarket] StockListenerService modtog update for: GM
[2026-06-07 10:40:38] INFO: [StockListenerService] Transaction started
[2026-06-07 10:40:38] INFO: [FileUnitOfWork] Stock blev skrevet til fil data\stocks.psv
[2026-06-07 10:40:38] INFO: [FileUnitOfWork] StockPriceHistories blev skrevet til fil data\stock_price_history.psv
[2026-06-07 10:40:38] INFO: [StockMarket] Stock GM blev opdateret og pricehistory blev gemt
[2026-06-07 10:40:38] INFO: [OwnedStockFileDAO] Ownedstocks blev indlæst fra fil
[2026-06-07 10:40:39] INFO: [MarketTickHandler] Game started
[2026-06-07 10:40:39] INFO: [Thread] Markedet blev opdateret
[2026-06-07 10:40:39] INFO: [MarketTickHandler] Updating stock market
[2026-06-07 10:40:39] INFO: [GameStateService] Stock: AAPL | Price: 220,95 | State: Declining
[2026-06-07 10:40:39] INFO: [StockMarket] StockListenerService modtog update for: AAPL
[2026-06-07 10:40:39] INFO: [StockListenerService] Transaction started
[2026-06-07 10:40:39] INFO: [FileUnitOfWork] Stock blev skrevet til fil data\stocks.psv
[2026-06-07 10:40:39] INFO: [FileUnitOfWork] StockPriceHistories blev skrevet til fil data\stock_price_history.psv
[2026-06-07 10:40:39] INFO: [StockMarket] Stock AAPL blev opdateret og pricehistory blev gemt
[2026-06-07 10:40:39] INFO: [OwnedStockFileDAO] Ownedstocks blev indlæst fra fil
[2026-06-07 10:40:39] INFO: [GameStateService] Stock: TSLA | Price: 110,19 | State: Declining
[2026-06-07 10:40:39] INFO: [StockMarket] StockListenerService modtog update for: TSLA
[2026-06-07 10:40:39] INFO: [StockListenerService] Transaction started
[2026-06-07 10:40:39] INFO: [FileUnitOfWork] Stock blev skrevet til fil data\stocks.psv
[2026-06-07 10:40:39] INFO: [FileUnitOfWork] StockPriceHistories blev skrevet til fil data\stock_price_history.psv
[2026-06-07 10:40:39] INFO: [StockMarket] Stock TSLA blev opdateret og pricehistory blev gemt
[2026-06-07 10:40:39] INFO: [OwnedStockFileDAO] Ownedstocks blev indlæst fra fil
[2026-06-07 10:40:39] INFO: [GameStateService] Stock: NVDA | Price: 117,78 | State: Steady
[2026-06-07 10:40:39] INFO: [StockMarket] StockListenerService modtog update for: NVDA
[2026-06-07 10:40:39] INFO: [StockListenerService] Transaction started
[2026-06-07 10:40:39] INFO: [FileUnitOfWork] Stock blev skrevet til fil data\stocks.psv
[2026-06-07 10:40:39] INFO: [FileUnitOfWork] StockPriceHistories blev skrevet til fil data\stock_price_history.psv
[2026-06-07 10:40:39] INFO: [StockMarket] Stock NVDA blev opdateret og pricehistory blev gemt
[2026-06-07 10:40:39] INFO: [OwnedStockFileDAO] Ownedstocks blev indlæst fra fil
[2026-06-07 10:40:39] INFO: [GameStateService] Stock: MSFT | Price: 479,10 | State: Steady
[2026-06-07 10:40:39] INFO: [StockMarket] StockListenerService modtog update for: MSFT
[2026-06-07 10:40:39] INFO: [StockListenerService] Transaction started
[2026-06-07 10:40:39] INFO: [FileUnitOfWork] Stock blev skrevet til fil data\stocks.psv
[2026-06-07 10:40:39] INFO: [FileUnitOfWork] StockPriceHistories blev skrevet til fil data\stock_price_history.psv
[2026-06-07 10:40:39] INFO: [StockMarket] Stock MSFT blev opdateret og pricehistory blev gemt
[2026-06-07 10:40:39] INFO: [OwnedStockFileDAO] Ownedstocks blev indlæst fra fil
[2026-06-07 10:40:39] INFO: [GameStateService] Stock: GOOGL | Price: 362,34 | State: Steady
[2026-06-07 10:40:39] INFO: [StockMarket] StockListenerService modtog update for: GOOGL
[2026-06-07 10:40:39] INFO: [StockListenerService] Transaction started
[2026-06-07 10:40:39] INFO: [FileUnitOfWork] Stock blev skrevet til fil data\stocks.psv
[2026-06-07 10:40:39] INFO: [FileUnitOfWork] StockPriceHistories blev skrevet til fil data\stock_price_history.psv
[2026-06-07 10:40:39] INFO: [StockMarket] Stock GOOGL blev opdateret og pricehistory blev gemt
[2026-06-07 10:40:39] INFO: [OwnedStockFileDAO] Ownedstocks blev indlæst fra fil
[2026-06-07 10:40:39] INFO: [GameStateService] Stock: AMZN | Price: 280,37 | State: Rising
[2026-06-07 10:40:39] INFO: [StockMarket] StockListenerService modtog update for: AMZN
[2026-06-07 10:40:39] INFO: [StockListenerService] Transaction started
[2026-06-07 10:40:39] INFO: [FileUnitOfWork] Stock blev skrevet til fil data\stocks.psv
[2026-06-07 10:40:39] INFO: [FileUnitOfWork] StockPriceHistories blev skrevet til fil data\stock_price_history.psv
[2026-06-07 10:40:39] INFO: [StockMarket] Stock AMZN blev opdateret og pricehistory blev gemt
[2026-06-07 10:40:39] INFO: [OwnedStockFileDAO] Ownedstocks blev indlæst fra fil
[2026-06-07 10:40:39] INFO: [GameStateService] Stock: META | Price: 413,84 | State: Declining
[2026-06-07 10:40:39] INFO: [StockMarket] StockListenerService modtog update for: META
[2026-06-07 10:40:39] INFO: [StockListenerService] Transaction started
[2026-06-07 10:40:39] INFO: [FileUnitOfWork] Stock blev skrevet til fil data\stocks.psv
[2026-06-07 10:40:39] INFO: [FileUnitOfWork] StockPriceHistories blev skrevet til fil data\stock_price_history.psv
[2026-06-07 10:40:39] INFO: [StockMarket] Stock META blev opdateret og pricehistory blev gemt
[2026-06-07 10:40:39] INFO: [OwnedStockFileDAO] Ownedstocks blev indlæst fra fil
[2026-06-07 10:40:39] INFO: [GameStateService] Stock: GM | Price: 256,25 | State: Declining
[2026-06-07 10:40:39] INFO: [StockMarket] StockListenerService modtog update for: GM
[2026-06-07 10:40:39] INFO: [StockListenerService] Transaction started
[2026-06-07 10:40:39] INFO: [FileUnitOfWork] Stock blev skrevet til fil data\stocks.psv
[2026-06-07 10:40:39] INFO: [FileUnitOfWork] StockPriceHistories blev skrevet til fil data\stock_price_history.psv
[2026-06-07 10:40:39] INFO: [StockMarket] Stock GM blev opdateret og pricehistory blev gemt
[2026-06-07 10:40:39] INFO: [OwnedStockFileDAO] Ownedstocks blev indlæst fra fil
[2026-06-07 10:40:41] INFO: [MarketTickHandler] Game started
[2026-06-07 10:40:41] INFO: [Thread] Markedet blev opdateret
[2026-06-07 10:40:41] INFO: [MarketTickHandler] Updating stock market
[2026-06-07 10:40:41] INFO: [GameStateService] Stock: AAPL | Price: 222,94 | State: Declining
[2026-06-07 10:40:41] INFO: [StockMarket] StockListenerService modtog update for: AAPL
[2026-06-07 10:40:41] INFO: [StockListenerService] Transaction started
[2026-06-07 10:40:41] INFO: [FileUnitOfWork] Stock blev skrevet til fil data\stocks.psv
[2026-06-07 10:40:41] INFO: [FileUnitOfWork] StockPriceHistories blev skrevet til fil data\stock_price_history.psv
[2026-06-07 10:40:41] INFO: [StockMarket] Stock AAPL blev opdateret og pricehistory blev gemt
[2026-06-07 10:40:41] INFO: [OwnedStockFileDAO] Ownedstocks blev indlæst fra fil
[2026-06-07 10:40:41] INFO: [GameStateService] Stock: TSLA | Price: 111,04 | State: Declining
[2026-06-07 10:40:41] INFO: [StockMarket] StockListenerService modtog update for: TSLA
[2026-06-07 10:40:41] INFO: [StockListenerService] Transaction started
[2026-06-07 10:40:41] INFO: [FileUnitOfWork] Stock blev skrevet til fil data\stocks.psv
[2026-06-07 10:40:41] INFO: [FileUnitOfWork] StockPriceHistories blev skrevet til fil data\stock_price_history.psv
[2026-06-07 10:40:41] INFO: [StockMarket] Stock TSLA blev opdateret og pricehistory blev gemt
[2026-06-07 10:40:41] INFO: [OwnedStockFileDAO] Ownedstocks blev indlæst fra fil
[2026-06-07 10:40:41] INFO: [GameStateService] Stock: NVDA | Price: 118,57 | State: Steady
[2026-06-07 10:40:41] INFO: [StockMarket] StockListenerService modtog update for: NVDA
[2026-06-07 10:40:41] INFO: [StockListenerService] Transaction started
[2026-06-07 10:40:41] INFO: [FileUnitOfWork] Stock blev skrevet til fil data\stocks.psv
[2026-06-07 10:40:41] INFO: [FileUnitOfWork] StockPriceHistories blev skrevet til fil data\stock_price_history.psv
[2026-06-07 10:40:41] INFO: [StockMarket] Stock NVDA blev opdateret og pricehistory blev gemt
[2026-06-07 10:40:41] INFO: [OwnedStockFileDAO] Ownedstocks blev indlæst fra fil
[2026-06-07 10:40:41] INFO: [GameStateService] Stock: MSFT | Price: 479,52 | State: Steady
[2026-06-07 10:40:41] INFO: [StockMarket] StockListenerService modtog update for: MSFT
[2026-06-07 10:40:41] INFO: [StockListenerService] Transaction started
[2026-06-07 10:40:41] INFO: [FileUnitOfWork] Stock blev skrevet til fil data\stocks.psv
[2026-06-07 10:40:41] INFO: [FileUnitOfWork] StockPriceHistories blev skrevet til fil data\stock_price_history.psv
[2026-06-07 10:40:41] INFO: [StockMarket] Stock MSFT blev opdateret og pricehistory blev gemt
[2026-06-07 10:40:41] INFO: [OwnedStockFileDAO] Ownedstocks blev indlæst fra fil
[2026-06-07 10:40:41] INFO: [GameStateService] Stock: GOOGL | Price: 362,32 | State: Steady
[2026-06-07 10:40:41] INFO: [StockMarket] StockListenerService modtog update for: GOOGL
[2026-06-07 10:40:41] INFO: [StockListenerService] Transaction started
[2026-06-07 10:40:41] INFO: [FileUnitOfWork] Stock blev skrevet til fil data\stocks.psv
[2026-06-07 10:40:41] INFO: [FileUnitOfWork] StockPriceHistories blev skrevet til fil data\stock_price_history.psv
[2026-06-07 10:40:41] INFO: [StockMarket] Stock GOOGL blev opdateret og pricehistory blev gemt
[2026-06-07 10:40:41] INFO: [OwnedStockFileDAO] Ownedstocks blev indlæst fra fil
[2026-06-07 10:40:41] INFO: [RisingState] LiveStock AMZN changed state from Rising to: Declining
[2026-06-07 10:40:41] INFO: [GameStateService] Stock: AMZN | Price: 282,48 | State: Declining
[2026-06-07 10:40:41] INFO: [StockMarket] StockListenerService modtog update for: AMZN
[2026-06-07 10:40:41] INFO: [StockListenerService] Transaction started
[2026-06-07 10:40:41] INFO: [FileUnitOfWork] Stock blev skrevet til fil data\stocks.psv
[2026-06-07 10:40:41] INFO: [FileUnitOfWork] StockPriceHistories blev skrevet til fil data\stock_price_history.psv
[2026-06-07 10:40:41] INFO: [StockMarket] Stock AMZN blev opdateret og pricehistory blev gemt
[2026-06-07 10:40:41] INFO: [OwnedStockFileDAO] Ownedstocks blev indlæst fra fil
[2026-06-07 10:40:41] INFO: [GameStateService] Stock: META | Price: 414,68 | State: Declining
[2026-06-07 10:40:41] INFO: [StockMarket] StockListenerService modtog update for: META
[2026-06-07 10:40:41] INFO: [StockListenerService] Transaction started
[2026-06-07 10:40:41] INFO: [FileUnitOfWork] Stock blev skrevet til fil data\stocks.psv
[2026-06-07 10:40:41] INFO: [FileUnitOfWork] StockPriceHistories blev skrevet til fil data\stock_price_history.psv
[2026-06-07 10:40:41] INFO: [StockMarket] Stock META blev opdateret og pricehistory blev gemt
[2026-06-07 10:40:41] INFO: [OwnedStockFileDAO] Ownedstocks blev indlæst fra fil
[2026-06-07 10:40:41] INFO: [GameStateService] Stock: GM | Price: 253,21 | State: Declining
[2026-06-07 10:40:41] INFO: [StockMarket] StockListenerService modtog update for: GM
[2026-06-07 10:40:41] INFO: [StockListenerService] Transaction started
[2026-06-07 10:40:41] INFO: [FileUnitOfWork] Stock blev skrevet til fil data\stocks.psv
[2026-06-07 10:40:41] INFO: [FileUnitOfWork] StockPriceHistories blev skrevet til fil data\stock_price_history.psv
[2026-06-07 10:40:41] INFO: [StockMarket] Stock GM blev opdateret og pricehistory blev gemt
[2026-06-07 10:40:41] INFO: [OwnedStockFileDAO] Ownedstocks blev indlæst fra fil
[2026-06-07 10:40:41] INFO: [MarketTickHandler] Game started
[2026-06-07 10:40:41] INFO: [Thread] Markedet blev opdateret
[2026-06-07 10:40:41] INFO: [MarketTickHandler] Updating stock market
[2026-06-07 10:40:41] INFO: [GameStateService] Stock: AAPL | Price: 223,92 | State: Declining
[2026-06-07 10:40:41] INFO: [StockMarket] StockListenerService modtog update for: AAPL
[2026-06-07 10:40:41] INFO: [StockListenerService] Transaction started
[2026-06-07 10:40:41] INFO: [FileUnitOfWork] Stock blev skrevet til fil data\stocks.psv
[2026-06-07 10:40:41] INFO: [FileUnitOfWork] StockPriceHistories blev skrevet til fil data\stock_price_history.psv
[2026-06-07 10:40:41] INFO: [StockMarket] Stock AAPL blev opdateret og pricehistory blev gemt
[2026-06-07 10:40:41] INFO: [OwnedStockFileDAO] Ownedstocks blev indlæst fra fil
[2026-06-07 10:40:41] INFO: [DecliningState] LiveStock TSLA changed state from Declining to: Steady
[2026-06-07 10:40:41] INFO: [GameStateService] Stock: TSLA | Price: 108,61 | State: Steady
[2026-06-07 10:40:41] INFO: [StockMarket] StockListenerService modtog update for: TSLA
[2026-06-07 10:40:41] INFO: [StockListenerService] Transaction started
[2026-06-07 10:40:41] INFO: [FileUnitOfWork] Stock blev skrevet til fil data\stocks.psv
[2026-06-07 10:40:41] INFO: [FileUnitOfWork] StockPriceHistories blev skrevet til fil data\stock_price_history.psv
[2026-06-07 10:40:41] INFO: [StockMarket] Stock TSLA blev opdateret og pricehistory blev gemt
[2026-06-07 10:40:41] INFO: [OwnedStockFileDAO] Ownedstocks blev indlæst fra fil
[2026-06-07 10:40:41] INFO: [GameStateService] Stock: NVDA | Price: 118,00 | State: Steady
[2026-06-07 10:40:41] INFO: [StockMarket] StockListenerService modtog update for: NVDA
[2026-06-07 10:40:41] INFO: [StockListenerService] Transaction started
[2026-06-07 10:40:41] INFO: [FileUnitOfWork] Stock blev skrevet til fil data\stocks.psv
[2026-06-07 10:40:41] INFO: [FileUnitOfWork] StockPriceHistories blev skrevet til fil data\stock_price_history.psv
[2026-06-07 10:40:41] INFO: [StockMarket] Stock NVDA blev opdateret og pricehistory blev gemt
[2026-06-07 10:40:41] INFO: [OwnedStockFileDAO] Ownedstocks blev indlæst fra fil
[2026-06-07 10:40:41] INFO: [SteadyState] LiveStock MSFT changed state from Steady to: Declining
[2026-06-07 10:40:41] INFO: [GameStateService] Stock: MSFT | Price: 478,59 | State: Declining
[2026-06-07 10:40:41] INFO: [StockMarket] StockListenerService modtog update for: MSFT
[2026-06-07 10:40:41] INFO: [StockListenerService] Transaction started
[2026-06-07 10:40:41] INFO: [FileUnitOfWork] Stock blev skrevet til fil data\stocks.psv
[2026-06-07 10:40:41] INFO: [FileUnitOfWork] StockPriceHistories blev skrevet til fil data\stock_price_history.psv
[2026-06-07 10:40:41] INFO: [StockMarket] Stock MSFT blev opdateret og pricehistory blev gemt
[2026-06-07 10:40:41] INFO: [OwnedStockFileDAO] Ownedstocks blev indlæst fra fil
[2026-06-07 10:40:41] INFO: [GameStateService] Stock: GOOGL | Price: 361,72 | State: Steady
[2026-06-07 10:40:41] INFO: [StockMarket] StockListenerService modtog update for: GOOGL
[2026-06-07 10:40:41] INFO: [StockListenerService] Transaction started
[2026-06-07 10:40:41] INFO: [FileUnitOfWork] Stock blev skrevet til fil data\stocks.psv
[2026-06-07 10:40:41] INFO: [FileUnitOfWork] StockPriceHistories blev skrevet til fil data\stock_price_history.psv
[2026-06-07 10:40:41] INFO: [StockMarket] Stock GOOGL blev opdateret og pricehistory blev gemt
[2026-06-07 10:40:41] INFO: [OwnedStockFileDAO] Ownedstocks blev indlæst fra fil
[2026-06-07 10:40:41] INFO: [DecliningState] LiveStock AMZN changed state from Declining to: Rising
[2026-06-07 10:40:41] INFO: [GameStateService] Stock: AMZN | Price: 277,48 | State: Rising
[2026-06-07 10:40:41] INFO: [StockMarket] StockListenerService modtog update for: AMZN
[2026-06-07 10:40:41] INFO: [StockListenerService] Transaction started
[2026-06-07 10:40:41] INFO: [FileUnitOfWork] Stock blev skrevet til fil data\stocks.psv
[2026-06-07 10:40:41] INFO: [FileUnitOfWork] StockPriceHistories blev skrevet til fil data\stock_price_history.psv
[2026-06-07 10:40:41] INFO: [StockMarket] Stock AMZN blev opdateret og pricehistory blev gemt
[2026-06-07 10:40:41] INFO: [OwnedStockFileDAO] Ownedstocks blev indlæst fra fil
[2026-06-07 10:40:41] INFO: [GameStateService] Stock: META | Price: 415,69 | State: Declining
[2026-06-07 10:40:41] INFO: [StockMarket] StockListenerService modtog update for: META
[2026-06-07 10:40:41] INFO: [StockListenerService] Transaction started
[2026-06-07 10:40:41] INFO: [FileUnitOfWork] Stock blev skrevet til fil data\stocks.psv
[2026-06-07 10:40:41] INFO: [FileUnitOfWork] StockPriceHistories blev skrevet til fil data\stock_price_history.psv
[2026-06-07 10:40:41] INFO: [StockMarket] Stock META blev opdateret og pricehistory blev gemt
[2026-06-07 10:40:41] INFO: [OwnedStockFileDAO] Ownedstocks blev indlæst fra fil
[2026-06-07 10:40:41] INFO: [GameStateService] Stock: GM | Price: 254,04 | State: Declining
[2026-06-07 10:40:41] INFO: [StockMarket] StockListenerService modtog update for: GM
[2026-06-07 10:40:41] INFO: [StockListenerService] Transaction started
[2026-06-07 10:40:41] INFO: [FileUnitOfWork] Stock blev skrevet til fil data\stocks.psv
[2026-06-07 10:40:41] INFO: [FileUnitOfWork] StockPriceHistories blev skrevet til fil data\stock_price_history.psv
[2026-06-07 10:40:41] INFO: [StockMarket] Stock GM blev opdateret og pricehistory blev gemt
[2026-06-07 10:40:41] INFO: [OwnedStockFileDAO] Ownedstocks blev indlæst fra fil
[2026-06-07 10:40:43] INFO: [MarketTickHandler] Game started
[2026-06-07 10:40:43] INFO: [Thread] Markedet blev opdateret
[2026-06-07 10:40:43] INFO: [MarketTickHandler] Updating stock market
[2026-06-07 10:40:43] INFO: [DecliningState] LiveStock AAPL changed state from Declining to: Rising
[2026-06-07 10:40:43] INFO: [GameStateService] Stock: AAPL | Price: 219,46 | State: Rising
[2026-06-07 10:40:43] INFO: [StockMarket] StockListenerService modtog update for: AAPL
[2026-06-07 10:40:43] INFO: [StockListenerService] Transaction started
[2026-06-07 10:40:43] INFO: [FileUnitOfWork] Stock blev skrevet til fil data\stocks.psv
[2026-06-07 10:40:43] INFO: [FileUnitOfWork] StockPriceHistories blev skrevet til fil data\stock_price_history.psv
[2026-06-07 10:40:43] INFO: [StockMarket] Stock AAPL blev opdateret og pricehistory blev gemt
[2026-06-07 10:40:43] INFO: [OwnedStockFileDAO] Ownedstocks blev indlæst fra fil
[2026-06-07 10:40:43] INFO: [SteadyState] LiveStock TSLA changed state from Steady to: Declining
[2026-06-07 10:40:43] INFO: [GameStateService] Stock: TSLA | Price: 108,53 | State: Declining
[2026-06-07 10:40:43] INFO: [StockMarket] StockListenerService modtog update for: TSLA
[2026-06-07 10:40:43] INFO: [StockListenerService] Transaction started
[2026-06-07 10:40:43] INFO: [FileUnitOfWork] Stock blev skrevet til fil data\stocks.psv
[2026-06-07 10:40:43] INFO: [FileUnitOfWork] StockPriceHistories blev skrevet til fil data\stock_price_history.psv
[2026-06-07 10:40:43] INFO: [StockMarket] Stock TSLA blev opdateret og pricehistory blev gemt
[2026-06-07 10:40:43] INFO: [OwnedStockFileDAO] Ownedstocks blev indlæst fra fil
[2026-06-07 10:40:43] INFO: [GameStateService] Stock: NVDA | Price: 117,47 | State: Steady
[2026-06-07 10:40:43] INFO: [StockMarket] StockListenerService modtog update for: NVDA
[2026-06-07 10:40:43] INFO: [StockListenerService] Transaction started
[2026-06-07 10:40:43] INFO: [FileUnitOfWork] Stock blev skrevet til fil data\stocks.psv
[2026-06-07 10:40:43] INFO: [FileUnitOfWork] StockPriceHistories blev skrevet til fil data\stock_price_history.psv
[2026-06-07 10:40:43] INFO: [StockMarket] Stock NVDA blev opdateret og pricehistory blev gemt
[2026-06-07 10:40:43] INFO: [OwnedStockFileDAO] Ownedstocks blev indlæst fra fil
[2026-06-07 10:40:43] INFO: [GameStateService] Stock: MSFT | Price: 480,18 | State: Declining
[2026-06-07 10:40:43] INFO: [StockMarket] StockListenerService modtog update for: MSFT
[2026-06-07 10:40:43] INFO: [StockListenerService] Transaction started
[2026-06-07 10:40:43] INFO: [FileUnitOfWork] Stock blev skrevet til fil data\stocks.psv
[2026-06-07 10:40:43] INFO: [FileUnitOfWork] StockPriceHistories blev skrevet til fil data\stock_price_history.psv
[2026-06-07 10:40:43] INFO: [StockMarket] Stock MSFT blev opdateret og pricehistory blev gemt
[2026-06-07 10:40:43] INFO: [OwnedStockFileDAO] Ownedstocks blev indlæst fra fil
[2026-06-07 10:40:43] INFO: [GameStateService] Stock: GOOGL | Price: 361,27 | State: Steady
[2026-06-07 10:40:43] INFO: [StockMarket] StockListenerService modtog update for: GOOGL
[2026-06-07 10:40:43] INFO: [StockListenerService] Transaction started
[2026-06-07 10:40:43] INFO: [FileUnitOfWork] Stock blev skrevet til fil data\stocks.psv
[2026-06-07 10:40:43] INFO: [FileUnitOfWork] StockPriceHistories blev skrevet til fil data\stock_price_history.psv
[2026-06-07 10:40:43] INFO: [StockMarket] Stock GOOGL blev opdateret og pricehistory blev gemt
[2026-06-07 10:40:43] INFO: [OwnedStockFileDAO] Ownedstocks blev indlæst fra fil
[2026-06-07 10:40:43] INFO: [RisingState] LiveStock AMZN changed state from Rising to: Steady
[2026-06-07 10:40:43] INFO: [GameStateService] Stock: AMZN | Price: 280,87 | State: Steady
[2026-06-07 10:40:43] INFO: [StockMarket] StockListenerService modtog update for: AMZN
[2026-06-07 10:40:43] INFO: [StockListenerService] Transaction started
[2026-06-07 10:40:43] INFO: [FileUnitOfWork] Stock blev skrevet til fil data\stocks.psv
[2026-06-07 10:40:43] INFO: [FileUnitOfWork] StockPriceHistories blev skrevet til fil data\stock_price_history.psv
[2026-06-07 10:40:43] INFO: [StockMarket] Stock AMZN blev opdateret og pricehistory blev gemt
[2026-06-07 10:40:43] INFO: [OwnedStockFileDAO] Ownedstocks blev indlæst fra fil
[2026-06-07 10:40:43] INFO: [GameStateService] Stock: META | Price: 416,23 | State: Declining
[2026-06-07 10:40:43] INFO: [StockMarket] StockListenerService modtog update for: META
[2026-06-07 10:40:43] INFO: [StockListenerService] Transaction started
[2026-06-07 10:40:43] INFO: [FileUnitOfWork] Stock blev skrevet til fil data\stocks.psv
[2026-06-07 10:40:43] INFO: [FileUnitOfWork] StockPriceHistories blev skrevet til fil data\stock_price_history.psv
[2026-06-07 10:40:43] INFO: [StockMarket] Stock META blev opdateret og pricehistory blev gemt
[2026-06-07 10:40:43] INFO: [OwnedStockFileDAO] Ownedstocks blev indlæst fra fil
[2026-06-07 10:40:43] INFO: [DecliningState] LiveStock GM changed state from Declining to: Rising
[2026-06-07 10:40:43] INFO: [GameStateService] Stock: GM | Price: 253,69 | State: Rising
[2026-06-07 10:40:43] INFO: [StockMarket] StockListenerService modtog update for: GM
[2026-06-07 10:40:43] INFO: [StockListenerService] Transaction started
[2026-06-07 10:40:43] INFO: [FileUnitOfWork] Stock blev skrevet til fil data\stocks.psv
[2026-06-07 10:40:43] INFO: [FileUnitOfWork] StockPriceHistories blev skrevet til fil data\stock_price_history.psv
[2026-06-07 10:40:43] INFO: [StockMarket] Stock GM blev opdateret og pricehistory blev gemt
[2026-06-07 10:40:43] INFO: [OwnedStockFileDAO] Ownedstocks blev indlæst fra fil
[2026-06-07 10:40:44] INFO: [MarketTickHandler] Game started
[2026-06-07 10:40:44] INFO: [Thread] Markedet blev opdateret
[2026-06-07 10:40:44] INFO: [MarketTickHandler] Updating stock market
[2026-06-07 10:40:44] INFO: [RisingState] LiveStock AAPL changed state from Rising to: Declining
[2026-06-07 10:40:44] INFO: [GameStateService] Stock: AAPL | Price: 220,09 | State: Declining
[2026-06-07 10:40:44] INFO: [StockMarket] StockListenerService modtog update for: AAPL
[2026-06-07 10:40:44] INFO: [StockListenerService] Transaction started
[2026-06-07 10:40:44] INFO: [FileUnitOfWork] Stock blev skrevet til fil data\stocks.psv
[2026-06-07 10:40:44] INFO: [FileUnitOfWork] StockPriceHistories blev skrevet til fil data\stock_price_history.psv
[2026-06-07 10:40:44] INFO: [StockMarket] Stock AAPL blev opdateret og pricehistory blev gemt
[2026-06-07 10:40:44] INFO: [OwnedStockFileDAO] Ownedstocks blev indlæst fra fil
[2026-06-07 10:40:44] INFO: [DecliningState] LiveStock TSLA changed state from Declining to: Steady
[2026-06-07 10:40:44] INFO: [GameStateService] Stock: TSLA | Price: 106,28 | State: Steady
[2026-06-07 10:40:44] INFO: [StockMarket] StockListenerService modtog update for: TSLA
[2026-06-07 10:40:44] INFO: [StockListenerService] Transaction started
[2026-06-07 10:40:44] INFO: [FileUnitOfWork] Stock blev skrevet til fil data\stocks.psv
[2026-06-07 10:40:44] INFO: [FileUnitOfWork] StockPriceHistories blev skrevet til fil data\stock_price_history.psv
[2026-06-07 10:40:44] INFO: [StockMarket] Stock TSLA blev opdateret og pricehistory blev gemt
[2026-06-07 10:40:44] INFO: [OwnedStockFileDAO] Ownedstocks blev indlæst fra fil
[2026-06-07 10:40:44] INFO: [GameStateService] Stock: NVDA | Price: 117,12 | State: Steady
[2026-06-07 10:40:44] INFO: [StockMarket] StockListenerService modtog update for: NVDA
[2026-06-07 10:40:44] INFO: [StockListenerService] Transaction started
[2026-06-07 10:40:44] INFO: [FileUnitOfWork] Stock blev skrevet til fil data\stocks.psv
[2026-06-07 10:40:44] INFO: [FileUnitOfWork] StockPriceHistories blev skrevet til fil data\stock_price_history.psv
[2026-06-07 10:40:44] INFO: [StockMarket] Stock NVDA blev opdateret og pricehistory blev gemt
[2026-06-07 10:40:44] INFO: [OwnedStockFileDAO] Ownedstocks blev indlæst fra fil
[2026-06-07 10:40:44] INFO: [GameStateService] Stock: MSFT | Price: 481,19 | State: Declining
[2026-06-07 10:40:44] INFO: [StockMarket] StockListenerService modtog update for: MSFT
[2026-06-07 10:40:44] INFO: [StockListenerService] Transaction started
[2026-06-07 10:40:44] INFO: [FileUnitOfWork] Stock blev skrevet til fil data\stocks.psv
[2026-06-07 10:40:44] INFO: [FileUnitOfWork] StockPriceHistories blev skrevet til fil data\stock_price_history.psv
[2026-06-07 10:40:44] INFO: [StockMarket] Stock MSFT blev opdateret og pricehistory blev gemt
[2026-06-07 10:40:44] INFO: [OwnedStockFileDAO] Ownedstocks blev indlæst fra fil
[2026-06-07 10:40:44] INFO: [GameStateService] Stock: GOOGL | Price: 361,48 | State: Steady
[2026-06-07 10:40:44] INFO: [StockMarket] StockListenerService modtog update for: GOOGL
[2026-06-07 10:40:44] INFO: [StockListenerService] Transaction started
[2026-06-07 10:40:44] INFO: [FileUnitOfWork] Stock blev skrevet til fil data\stocks.psv
[2026-06-07 10:40:44] INFO: [FileUnitOfWork] StockPriceHistories blev skrevet til fil data\stock_price_history.psv
[2026-06-07 10:40:44] INFO: [StockMarket] Stock GOOGL blev opdateret og pricehistory blev gemt
[2026-06-07 10:40:44] INFO: [OwnedStockFileDAO] Ownedstocks blev indlæst fra fil
[2026-06-07 10:40:44] INFO: [GameStateService] Stock: AMZN | Price: 281,60 | State: Steady
[2026-06-07 10:40:44] INFO: [StockMarket] StockListenerService modtog update for: AMZN
[2026-06-07 10:40:44] INFO: [StockListenerService] Transaction started
[2026-06-07 10:40:44] INFO: [FileUnitOfWork] Stock blev skrevet til fil data\stocks.psv
[2026-06-07 10:40:44] INFO: [FileUnitOfWork] StockPriceHistories blev skrevet til fil data\stock_price_history.psv
[2026-06-07 10:40:44] INFO: [StockMarket] Stock AMZN blev opdateret og pricehistory blev gemt
[2026-06-07 10:40:44] INFO: [OwnedStockFileDAO] Ownedstocks blev indlæst fra fil
[2026-06-07 10:40:44] INFO: [GameStateService] Stock: META | Price: 412,17 | State: Declining
[2026-06-07 10:40:44] INFO: [StockMarket] StockListenerService modtog update for: META
[2026-06-07 10:40:44] INFO: [StockListenerService] Transaction started
[2026-06-07 10:40:44] INFO: [FileUnitOfWork] Stock blev skrevet til fil data\stocks.psv
[2026-06-07 10:40:44] INFO: [FileUnitOfWork] StockPriceHistories blev skrevet til fil data\stock_price_history.psv
[2026-06-07 10:40:44] INFO: [StockMarket] Stock META blev opdateret og pricehistory blev gemt
[2026-06-07 10:40:44] INFO: [OwnedStockFileDAO] Ownedstocks blev indlæst fra fil
[2026-06-07 10:40:44] INFO: [GameStateService] Stock: GM | Price: 255,40 | State: Rising
[2026-06-07 10:40:44] INFO: [StockMarket] StockListenerService modtog update for: GM
[2026-06-07 10:40:44] INFO: [StockListenerService] Transaction started
[2026-06-07 10:40:44] INFO: [FileUnitOfWork] Stock blev skrevet til fil data\stocks.psv
[2026-06-07 10:40:44] INFO: [FileUnitOfWork] StockPriceHistories blev skrevet til fil data\stock_price_history.psv
[2026-06-07 10:40:44] INFO: [StockMarket] Stock GM blev opdateret og pricehistory blev gemt
[2026-06-07 10:40:44] INFO: [OwnedStockFileDAO] Ownedstocks blev indlæst fra fil
[2026-06-07 10:40:45] INFO: [MarketTickHandler] Game started
[2026-06-07 10:40:45] INFO: [Thread] Markedet blev opdateret
[2026-06-07 10:40:45] INFO: [MarketTickHandler] Updating stock market
[2026-06-07 10:40:45] INFO: [GameStateService] Stock: AAPL | Price: 215,32 | State: Declining
[2026-06-07 10:40:45] INFO: [StockMarket] StockListenerService modtog update for: AAPL
[2026-06-07 10:40:45] INFO: [StockListenerService] Transaction started
[2026-06-07 10:40:45] INFO: [FileUnitOfWork] Stock blev skrevet til fil data\stocks.psv
[2026-06-07 10:40:45] INFO: [FileUnitOfWork] StockPriceHistories blev skrevet til fil data\stock_price_history.psv
[2026-06-07 10:40:45] INFO: [StockMarket] Stock AAPL blev opdateret og pricehistory blev gemt
[2026-06-07 10:40:45] INFO: [OwnedStockFileDAO] Ownedstocks blev indlæst fra fil
[2026-06-07 10:40:45] INFO: [GameStateService] Stock: TSLA | Price: 106,55 | State: Steady
[2026-06-07 10:40:45] INFO: [StockMarket] StockListenerService modtog update for: TSLA
[2026-06-07 10:40:45] INFO: [StockListenerService] Transaction started
[2026-06-07 10:40:45] INFO: [FileUnitOfWork] Stock blev skrevet til fil data\stocks.psv
[2026-06-07 10:40:45] INFO: [FileUnitOfWork] StockPriceHistories blev skrevet til fil data\stock_price_history.psv
[2026-06-07 10:40:45] INFO: [StockMarket] Stock TSLA blev opdateret og pricehistory blev gemt
[2026-06-07 10:40:45] INFO: [OwnedStockFileDAO] Ownedstocks blev indlæst fra fil
[2026-06-07 10:40:45] INFO: [GameStateService] Stock: NVDA | Price: 116,81 | State: Steady
[2026-06-07 10:40:45] INFO: [StockMarket] StockListenerService modtog update for: NVDA
[2026-06-07 10:40:45] INFO: [StockListenerService] Transaction started
[2026-06-07 10:40:45] INFO: [FileUnitOfWork] Stock blev skrevet til fil data\stocks.psv
[2026-06-07 10:40:45] INFO: [FileUnitOfWork] StockPriceHistories blev skrevet til fil data\stock_price_history.psv
[2026-06-07 10:40:45] INFO: [StockMarket] Stock NVDA blev opdateret og pricehistory blev gemt
[2026-06-07 10:40:45] INFO: [OwnedStockFileDAO] Ownedstocks blev indlæst fra fil
[2026-06-07 10:40:45] INFO: [GameStateService] Stock: MSFT | Price: 481,60 | State: Declining
[2026-06-07 10:40:45] INFO: [StockMarket] StockListenerService modtog update for: MSFT
[2026-06-07 10:40:45] INFO: [StockListenerService] Transaction started
[2026-06-07 10:40:45] INFO: [FileUnitOfWork] Stock blev skrevet til fil data\stocks.psv
[2026-06-07 10:40:45] INFO: [FileUnitOfWork] StockPriceHistories blev skrevet til fil data\stock_price_history.psv
[2026-06-07 10:40:45] INFO: [StockMarket] Stock MSFT blev opdateret og pricehistory blev gemt
[2026-06-07 10:40:45] INFO: [OwnedStockFileDAO] Ownedstocks blev indlæst fra fil
[2026-06-07 10:40:45] INFO: [GameStateService] Stock: GOOGL | Price: 361,46 | State: Steady
[2026-06-07 10:40:45] INFO: [StockMarket] StockListenerService modtog update for: GOOGL
[2026-06-07 10:40:45] INFO: [StockListenerService] Transaction started
[2026-06-07 10:40:45] INFO: [FileUnitOfWork] Stock blev skrevet til fil data\stocks.psv
[2026-06-07 10:40:45] INFO: [FileUnitOfWork] StockPriceHistories blev skrevet til fil data\stock_price_history.psv
[2026-06-07 10:40:45] INFO: [StockMarket] Stock GOOGL blev opdateret og pricehistory blev gemt
[2026-06-07 10:40:45] INFO: [OwnedStockFileDAO] Ownedstocks blev indlæst fra fil
[2026-06-07 10:40:45] INFO: [GameStateService] Stock: AMZN | Price: 282,54 | State: Steady
[2026-06-07 10:40:45] INFO: [StockMarket] StockListenerService modtog update for: AMZN
[2026-06-07 10:40:45] INFO: [StockListenerService] Transaction started
[2026-06-07 10:40:45] INFO: [FileUnitOfWork] Stock blev skrevet til fil data\stocks.psv
[2026-06-07 10:40:45] INFO: [FileUnitOfWork] StockPriceHistories blev skrevet til fil data\stock_price_history.psv
[2026-06-07 10:40:45] INFO: [StockMarket] Stock AMZN blev opdateret og pricehistory blev gemt
[2026-06-07 10:40:45] INFO: [OwnedStockFileDAO] Ownedstocks blev indlæst fra fil
[2026-06-07 10:40:45] INFO: [DecliningState] LiveStock META changed state from Declining to: Steady
[2026-06-07 10:40:45] INFO: [GameStateService] Stock: META | Price: 408,94 | State: Steady
[2026-06-07 10:40:45] INFO: [StockMarket] StockListenerService modtog update for: META
[2026-06-07 10:40:45] INFO: [StockListenerService] Transaction started
[2026-06-07 10:40:45] INFO: [FileUnitOfWork] Stock blev skrevet til fil data\stocks.psv
[2026-06-07 10:40:45] INFO: [FileUnitOfWork] StockPriceHistories blev skrevet til fil data\stock_price_history.psv
[2026-06-07 10:40:45] INFO: [StockMarket] Stock META blev opdateret og pricehistory blev gemt
[2026-06-07 10:40:45] INFO: [OwnedStockFileDAO] Ownedstocks blev indlæst fra fil
[2026-06-07 10:40:45] INFO: [RisingState] LiveStock GM changed state from Rising to: Declining
[2026-06-07 10:40:45] INFO: [GameStateService] Stock: GM | Price: 256,29 | State: Declining
[2026-06-07 10:40:45] INFO: [StockMarket] StockListenerService modtog update for: GM
[2026-06-07 10:40:45] INFO: [StockListenerService] Transaction started
[2026-06-07 10:40:45] INFO: [FileUnitOfWork] Stock blev skrevet til fil data\stocks.psv
[2026-06-07 10:40:45] INFO: [FileUnitOfWork] StockPriceHistories blev skrevet til fil data\stock_price_history.psv
[2026-06-07 10:40:45] INFO: [StockMarket] Stock GM blev opdateret og pricehistory blev gemt
[2026-06-07 10:40:45] INFO: [OwnedStockFileDAO] Ownedstocks blev indlæst fra fil
[2026-06-07 10:40:47] INFO: [MarketTickHandler] Game started
[2026-06-07 10:40:47] INFO: [Thread] Markedet blev opdateret
[2026-06-07 10:40:47] INFO: [MarketTickHandler] Updating stock market
[2026-06-07 10:40:47] INFO: [GameStateService] Stock: AAPL | Price: 213,08 | State: Declining
[2026-06-07 10:40:47] INFO: [StockMarket] StockListenerService modtog update for: AAPL
[2026-06-07 10:40:47] INFO: [StockListenerService] Transaction started
[2026-06-07 10:40:47] INFO: [FileUnitOfWork] Stock blev skrevet til fil data\stocks.psv
[2026-06-07 10:40:47] INFO: [FileUnitOfWork] StockPriceHistories blev skrevet til fil data\stock_price_history.psv
[2026-06-07 10:40:47] INFO: [StockMarket] Stock AAPL blev opdateret og pricehistory blev gemt
[2026-06-07 10:40:47] INFO: [OwnedStockFileDAO] Ownedstocks blev indlæst fra fil
[2026-06-07 10:40:47] INFO: [GameStateService] Stock: TSLA | Price: 105,68 | State: Steady
[2026-06-07 10:40:47] INFO: [StockMarket] StockListenerService modtog update for: TSLA
[2026-06-07 10:40:47] INFO: [StockListenerService] Transaction started
[2026-06-07 10:40:47] INFO: [FileUnitOfWork] Stock blev skrevet til fil data\stocks.psv
[2026-06-07 10:40:47] INFO: [FileUnitOfWork] StockPriceHistories blev skrevet til fil data\stock_price_history.psv
[2026-06-07 10:40:47] INFO: [StockMarket] Stock TSLA blev opdateret og pricehistory blev gemt
[2026-06-07 10:40:47] INFO: [OwnedStockFileDAO] Ownedstocks blev indlæst fra fil
[2026-06-07 10:40:47] INFO: [SteadyState] LiveStock NVDA changed state from Steady to: Rising
[2026-06-07 10:40:47] INFO: [GameStateService] Stock: NVDA | Price: 116,67 | State: Rising
[2026-06-07 10:40:47] INFO: [StockMarket] StockListenerService modtog update for: NVDA
[2026-06-07 10:40:47] INFO: [StockListenerService] Transaction started
[2026-06-07 10:40:47] INFO: [FileUnitOfWork] Stock blev skrevet til fil data\stocks.psv
[2026-06-07 10:40:47] INFO: [FileUnitOfWork] StockPriceHistories blev skrevet til fil data\stock_price_history.psv
[2026-06-07 10:40:47] INFO: [StockMarket] Stock NVDA blev opdateret og pricehistory blev gemt
[2026-06-07 10:40:47] INFO: [OwnedStockFileDAO] Ownedstocks blev indlæst fra fil
[2026-06-07 10:40:47] INFO: [GameStateService] Stock: MSFT | Price: 482,09 | State: Declining
[2026-06-07 10:40:47] INFO: [StockMarket] StockListenerService modtog update for: MSFT
[2026-06-07 10:40:47] INFO: [StockListenerService] Transaction started
[2026-06-07 10:40:47] INFO: [FileUnitOfWork] Stock blev skrevet til fil data\stocks.psv
[2026-06-07 10:40:47] INFO: [FileUnitOfWork] StockPriceHistories blev skrevet til fil data\stock_price_history.psv
[2026-06-07 10:40:47] INFO: [StockMarket] Stock MSFT blev opdateret og pricehistory blev gemt
[2026-06-07 10:40:47] INFO: [OwnedStockFileDAO] Ownedstocks blev indlæst fra fil
[2026-06-07 10:40:47] INFO: [GameStateService] Stock: GOOGL | Price: 362,35 | State: Steady
[2026-06-07 10:40:47] INFO: [StockMarket] StockListenerService modtog update for: GOOGL
[2026-06-07 10:40:47] INFO: [StockListenerService] Transaction started
[2026-06-07 10:40:47] INFO: [FileUnitOfWork] Stock blev skrevet til fil data\stocks.psv
[2026-06-07 10:40:47] INFO: [FileUnitOfWork] StockPriceHistories blev skrevet til fil data\stock_price_history.psv
[2026-06-07 10:40:47] INFO: [StockMarket] Stock GOOGL blev opdateret og pricehistory blev gemt
[2026-06-07 10:40:47] INFO: [OwnedStockFileDAO] Ownedstocks blev indlæst fra fil
[2026-06-07 10:40:47] INFO: [GameStateService] Stock: AMZN | Price: 282,03 | State: Steady
[2026-06-07 10:40:47] INFO: [StockMarket] StockListenerService modtog update for: AMZN
[2026-06-07 10:40:47] INFO: [StockListenerService] Transaction started
[2026-06-07 10:40:47] INFO: [FileUnitOfWork] Stock blev skrevet til fil data\stocks.psv
[2026-06-07 10:40:47] INFO: [FileUnitOfWork] StockPriceHistories blev skrevet til fil data\stock_price_history.psv
[2026-06-07 10:40:47] INFO: [StockMarket] Stock AMZN blev opdateret og pricehistory blev gemt
[2026-06-07 10:40:47] INFO: [OwnedStockFileDAO] Ownedstocks blev indlæst fra fil
[2026-06-07 10:40:47] INFO: [SteadyState] LiveStock META changed state from Steady to: Rising
[2026-06-07 10:40:47] INFO: [GameStateService] Stock: META | Price: 409,46 | State: Rising
[2026-06-07 10:40:47] INFO: [StockMarket] StockListenerService modtog update for: META
[2026-06-07 10:40:47] INFO: [StockListenerService] Transaction started
[2026-06-07 10:40:47] INFO: [FileUnitOfWork] Stock blev skrevet til fil data\stocks.psv
[2026-06-07 10:40:47] INFO: [FileUnitOfWork] StockPriceHistories blev skrevet til fil data\stock_price_history.psv
[2026-06-07 10:40:47] INFO: [StockMarket] Stock META blev opdateret og pricehistory blev gemt
[2026-06-07 10:40:47] INFO: [OwnedStockFileDAO] Ownedstocks blev indlæst fra fil
[2026-06-07 10:40:47] INFO: [GameStateService] Stock: GM | Price: 255,67 | State: Declining
[2026-06-07 10:40:47] INFO: [StockMarket] StockListenerService modtog update for: GM
[2026-06-07 10:40:47] INFO: [StockListenerService] Transaction started
[2026-06-07 10:40:47] INFO: [FileUnitOfWork] Stock blev skrevet til fil data\stocks.psv
[2026-06-07 10:40:47] INFO: [FileUnitOfWork] StockPriceHistories blev skrevet til fil data\stock_price_history.psv
[2026-06-07 10:40:47] INFO: [StockMarket] Stock GM blev opdateret og pricehistory blev gemt
[2026-06-07 10:40:47] INFO: [OwnedStockFileDAO] Ownedstocks blev indlæst fra fil
[2026-06-07 10:40:48] INFO: [BuyStocksViewModel] Fetching portfolio: e6f56e16-0f0a-40d4-a655-b91e689c4dd1
[2026-06-07 10:40:48] INFO: [BuyStocksViewModel] Fetching portfolio: e6f56e16-0f0a-40d4-a655-b91e689c4dd1
[2026-06-07 10:40:48] INFO: [MarketTickHandler] Game started
[2026-06-07 10:40:48] INFO: [Thread] Markedet blev opdateret
[2026-06-07 10:40:48] INFO: [MarketTickHandler] Updating stock market
[2026-06-07 10:40:48] INFO: [GameStateService] Stock: AAPL | Price: 214,87 | State: Declining
[2026-06-07 10:40:48] INFO: [StockMarket] StockListenerService modtog update for: AAPL
[2026-06-07 10:40:48] INFO: [StockListenerService] Transaction started
[2026-06-07 10:40:48] INFO: [FileUnitOfWork] Stock blev skrevet til fil data\stocks.psv
[2026-06-07 10:40:48] INFO: [FileUnitOfWork] StockPriceHistories blev skrevet til fil data\stock_price_history.psv
[2026-06-07 10:40:48] INFO: [StockMarket] Stock AAPL blev opdateret og pricehistory blev gemt
[2026-06-07 10:40:48] INFO: [OwnedStockFileDAO] Ownedstocks blev indlæst fra fil
[2026-06-07 10:40:48] INFO: [SteadyState] LiveStock TSLA changed state from Steady to: Rising
[2026-06-07 10:40:48] INFO: [GameStateService] Stock: TSLA | Price: 105,90 | State: Rising
[2026-06-07 10:40:48] INFO: [StockMarket] StockListenerService modtog update for: TSLA
[2026-06-07 10:40:48] INFO: [StockListenerService] Transaction started
[2026-06-07 10:40:48] INFO: [FileUnitOfWork] Stock blev skrevet til fil data\stocks.psv
[2026-06-07 10:40:48] INFO: [FileUnitOfWork] StockPriceHistories blev skrevet til fil data\stock_price_history.psv
[2026-06-07 10:40:48] INFO: [StockMarket] Stock TSLA blev opdateret og pricehistory blev gemt
[2026-06-07 10:40:48] INFO: [OwnedStockFileDAO] Ownedstocks blev indlæst fra fil
[2026-06-07 10:40:48] INFO: [GameStateService] Stock: NVDA | Price: 118,05 | State: Rising
[2026-06-07 10:40:48] INFO: [StockMarket] StockListenerService modtog update for: NVDA
[2026-06-07 10:40:48] INFO: [StockListenerService] Transaction started
[2026-06-07 10:40:48] INFO: [FileUnitOfWork] Stock blev skrevet til fil data\stocks.psv
[2026-06-07 10:40:48] INFO: [FileUnitOfWork] StockPriceHistories blev skrevet til fil data\stock_price_history.psv
[2026-06-07 10:40:48] INFO: [StockMarket] Stock NVDA blev opdateret og pricehistory blev gemt
[2026-06-07 10:40:48] INFO: [OwnedStockFileDAO] Ownedstocks blev indlæst fra fil
[2026-06-07 10:40:48] INFO: [GameStateService] Stock: MSFT | Price: 483,55 | State: Declining
[2026-06-07 10:40:48] INFO: [StockMarket] StockListenerService modtog update for: MSFT
[2026-06-07 10:40:48] INFO: [StockListenerService] Transaction started
[2026-06-07 10:40:48] INFO: [FileUnitOfWork] Stock blev skrevet til fil data\stocks.psv
[2026-06-07 10:40:48] INFO: [FileUnitOfWork] StockPriceHistories blev skrevet til fil data\stock_price_history.psv
[2026-06-07 10:40:48] INFO: [StockMarket] Stock MSFT blev opdateret og pricehistory blev gemt
[2026-06-07 10:40:48] INFO: [OwnedStockFileDAO] Ownedstocks blev indlæst fra fil
[2026-06-07 10:40:48] INFO: [GameStateService] Stock: GOOGL | Price: 362,13 | State: Steady
[2026-06-07 10:40:48] INFO: [StockMarket] StockListenerService modtog update for: GOOGL
[2026-06-07 10:40:48] INFO: [StockListenerService] Transaction started
[2026-06-07 10:40:48] INFO: [FileUnitOfWork] Stock blev skrevet til fil data\stocks.psv
[2026-06-07 10:40:48] INFO: [FileUnitOfWork] StockPriceHistories blev skrevet til fil data\stock_price_history.psv
[2026-06-07 10:40:48] INFO: [StockMarket] Stock GOOGL blev opdateret og pricehistory blev gemt
[2026-06-07 10:40:48] INFO: [OwnedStockFileDAO] Ownedstocks blev indlæst fra fil
[2026-06-07 10:40:48] INFO: [GameStateService] Stock: AMZN | Price: 282,45 | State: Steady
[2026-06-07 10:40:48] INFO: [StockMarket] StockListenerService modtog update for: AMZN
[2026-06-07 10:40:48] INFO: [StockListenerService] Transaction started
[2026-06-07 10:40:48] INFO: [FileUnitOfWork] Stock blev skrevet til fil data\stocks.psv
[2026-06-07 10:40:48] INFO: [FileUnitOfWork] StockPriceHistories blev skrevet til fil data\stock_price_history.psv
[2026-06-07 10:40:48] INFO: [StockMarket] Stock AMZN blev opdateret og pricehistory blev gemt
[2026-06-07 10:40:48] INFO: [OwnedStockFileDAO] Ownedstocks blev indlæst fra fil
[2026-06-07 10:40:48] INFO: [GameStateService] Stock: META | Price: 411,32 | State: Rising
[2026-06-07 10:40:48] INFO: [StockMarket] StockListenerService modtog update for: META
[2026-06-07 10:40:48] INFO: [StockListenerService] Transaction started
[2026-06-07 10:40:48] INFO: [FileUnitOfWork] Stock blev skrevet til fil data\stocks.psv
[2026-06-07 10:40:48] INFO: [FileUnitOfWork] StockPriceHistories blev skrevet til fil data\stock_price_history.psv
[2026-06-07 10:40:48] INFO: [StockMarket] Stock META blev opdateret og pricehistory blev gemt
[2026-06-07 10:40:48] INFO: [OwnedStockFileDAO] Ownedstocks blev indlæst fra fil
[2026-06-07 10:40:48] INFO: [GameStateService] Stock: GM | Price: 254,66 | State: Declining
[2026-06-07 10:40:48] INFO: [StockMarket] StockListenerService modtog update for: GM
[2026-06-07 10:40:48] INFO: [StockListenerService] Transaction started
[2026-06-07 10:40:48] INFO: [FileUnitOfWork] Stock blev skrevet til fil data\stocks.psv
[2026-06-07 10:40:48] INFO: [FileUnitOfWork] StockPriceHistories blev skrevet til fil data\stock_price_history.psv
[2026-06-07 10:40:48] INFO: [StockMarket] Stock GM blev opdateret og pricehistory blev gemt
[2026-06-07 10:40:48] INFO: [OwnedStockFileDAO] Ownedstocks blev indlæst fra fil
[2026-06-07 10:40:49] INFO: [MarketTickHandler] Game started
[2026-06-07 10:40:49] INFO: [Thread] Markedet blev opdateret
[2026-06-07 10:40:49] INFO: [MarketTickHandler] Updating stock market
[2026-06-07 10:40:49] INFO: [GameStateService] Stock: AAPL | Price: 211,39 | State: Declining
[2026-06-07 10:40:49] INFO: [StockMarket] StockListenerService modtog update for: AAPL
[2026-06-07 10:40:49] INFO: [StockListenerService] Transaction started
[2026-06-07 10:40:49] INFO: [FileUnitOfWork] Stock blev skrevet til fil data\stocks.psv
[2026-06-07 10:40:49] INFO: [FileUnitOfWork] StockPriceHistories blev skrevet til fil data\stock_price_history.psv
[2026-06-07 10:40:49] INFO: [StockMarket] Stock AAPL blev opdateret og pricehistory blev gemt
[2026-06-07 10:40:49] INFO: [OwnedStockFileDAO] Ownedstocks blev indlæst fra fil
[2026-06-07 10:40:49] INFO: [GameStateService] Stock: TSLA | Price: 104,02 | State: Rising
[2026-06-07 10:40:49] INFO: [StockMarket] StockListenerService modtog update for: TSLA
[2026-06-07 10:40:49] INFO: [StockListenerService] Transaction started
[2026-06-07 10:40:49] INFO: [FileUnitOfWork] Stock blev skrevet til fil data\stocks.psv
[2026-06-07 10:40:49] INFO: [FileUnitOfWork] StockPriceHistories blev skrevet til fil data\stock_price_history.psv
[2026-06-07 10:40:49] INFO: [StockMarket] Stock TSLA blev opdateret og pricehistory blev gemt
[2026-06-07 10:40:49] INFO: [OwnedStockFileDAO] Ownedstocks blev indlæst fra fil
[2026-06-07 10:40:49] INFO: [GameStateService] Stock: NVDA | Price: 120,33 | State: Rising
[2026-06-07 10:40:49] INFO: [StockMarket] StockListenerService modtog update for: NVDA
[2026-06-07 10:40:49] INFO: [StockListenerService] Transaction started
[2026-06-07 10:40:49] INFO: [FileUnitOfWork] Stock blev skrevet til fil data\stocks.psv
[2026-06-07 10:40:49] INFO: [FileUnitOfWork] StockPriceHistories blev skrevet til fil data\stock_price_history.psv
[2026-06-07 10:40:49] INFO: [StockMarket] Stock NVDA blev opdateret og pricehistory blev gemt
[2026-06-07 10:40:49] INFO: [OwnedStockFileDAO] Ownedstocks blev indlæst fra fil
[2026-06-07 10:40:49] INFO: [DecliningState] LiveStock MSFT changed state from Declining to: Rising
[2026-06-07 10:40:49] INFO: [GameStateService] Stock: MSFT | Price: 483,35 | State: Rising
[2026-06-07 10:40:49] INFO: [StockMarket] StockListenerService modtog update for: MSFT
[2026-06-07 10:40:49] INFO: [StockListenerService] Transaction started
[2026-06-07 10:40:49] INFO: [FileUnitOfWork] Stock blev skrevet til fil data\stocks.psv
[2026-06-07 10:40:49] INFO: [FileUnitOfWork] StockPriceHistories blev skrevet til fil data\stock_price_history.psv
[2026-06-07 10:40:49] INFO: [StockMarket] Stock MSFT blev opdateret og pricehistory blev gemt
[2026-06-07 10:40:49] INFO: [OwnedStockFileDAO] Ownedstocks blev indlæst fra fil
[2026-06-07 10:40:49] INFO: [GameStateService] Stock: GOOGL | Price: 361,79 | State: Steady
[2026-06-07 10:40:49] INFO: [StockMarket] StockListenerService modtog update for: GOOGL
[2026-06-07 10:40:49] INFO: [StockListenerService] Transaction started
[2026-06-07 10:40:49] INFO: [FileUnitOfWork] Stock blev skrevet til fil data\stocks.psv
[2026-06-07 10:40:49] INFO: [FileUnitOfWork] StockPriceHistories blev skrevet til fil data\stock_price_history.psv
[2026-06-07 10:40:49] INFO: [StockMarket] Stock GOOGL blev opdateret og pricehistory blev gemt
[2026-06-07 10:40:49] INFO: [OwnedStockFileDAO] Ownedstocks blev indlæst fra fil
[2026-06-07 10:40:49] INFO: [GameStateService] Stock: AMZN | Price: 281,94 | State: Steady
[2026-06-07 10:40:49] INFO: [StockMarket] StockListenerService modtog update for: AMZN
[2026-06-07 10:40:49] INFO: [StockListenerService] Transaction started
[2026-06-07 10:40:49] INFO: [FileUnitOfWork] Stock blev skrevet til fil data\stocks.psv
[2026-06-07 10:40:49] INFO: [FileUnitOfWork] StockPriceHistories blev skrevet til fil data\stock_price_history.psv
[2026-06-07 10:40:49] INFO: [StockMarket] Stock AMZN blev opdateret og pricehistory blev gemt
[2026-06-07 10:40:49] INFO: [OwnedStockFileDAO] Ownedstocks blev indlæst fra fil
[2026-06-07 10:40:49] INFO: [GameStateService] Stock: META | Price: 416,07 | State: Rising
[2026-06-07 10:40:49] INFO: [StockMarket] StockListenerService modtog update for: META
[2026-06-07 10:40:49] INFO: [StockListenerService] Transaction started
[2026-06-07 10:40:49] INFO: [FileUnitOfWork] Stock blev skrevet til fil data\stocks.psv
[2026-06-07 10:40:49] INFO: [FileUnitOfWork] StockPriceHistories blev skrevet til fil data\stock_price_history.psv
[2026-06-07 10:40:49] INFO: [StockMarket] Stock META blev opdateret og pricehistory blev gemt
[2026-06-07 10:40:49] INFO: [OwnedStockFileDAO] Ownedstocks blev indlæst fra fil
[2026-06-07 10:40:49] INFO: [GameStateService] Stock: GM | Price: 255,38 | State: Declining
[2026-06-07 10:40:49] INFO: [StockMarket] StockListenerService modtog update for: GM
[2026-06-07 10:40:49] INFO: [StockListenerService] Transaction started
[2026-06-07 10:40:49] INFO: [FileUnitOfWork] Stock blev skrevet til fil data\stocks.psv
[2026-06-07 10:40:49] INFO: [FileUnitOfWork] StockPriceHistories blev skrevet til fil data\stock_price_history.psv
[2026-06-07 10:40:49] INFO: [StockMarket] Stock GM blev opdateret og pricehistory blev gemt
[2026-06-07 10:40:49] INFO: [OwnedStockFileDAO] Ownedstocks blev indlæst fra fil
[2026-06-07 10:40:50] INFO: [MarketTickHandler] Game started
[2026-06-07 10:40:50] INFO: [Thread] Markedet blev opdateret
[2026-06-07 10:40:50] INFO: [MarketTickHandler] Updating stock market
[2026-06-07 10:40:50] INFO: [DecliningState] LiveStock AAPL changed state from Declining to: Rising
[2026-06-07 10:40:50] INFO: [GameStateService] Stock: AAPL | Price: 209,42 | State: Rising
[2026-06-07 10:40:50] INFO: [StockMarket] StockListenerService modtog update for: AAPL
[2026-06-07 10:40:50] INFO: [StockListenerService] Transaction started
[2026-06-07 10:40:50] INFO: [FileUnitOfWork] Stock blev skrevet til fil data\stocks.psv
[2026-06-07 10:40:50] INFO: [FileUnitOfWork] StockPriceHistories blev skrevet til fil data\stock_price_history.psv
[2026-06-07 10:40:50] INFO: [StockMarket] Stock AAPL blev opdateret og pricehistory blev gemt
[2026-06-07 10:40:50] INFO: [OwnedStockFileDAO] Ownedstocks blev indlæst fra fil
[2026-06-07 10:40:50] INFO: [GameStateService] Stock: TSLA | Price: 102,33 | State: Rising
[2026-06-07 10:40:50] INFO: [StockMarket] StockListenerService modtog update for: TSLA
[2026-06-07 10:40:50] INFO: [StockListenerService] Transaction started
[2026-06-07 10:40:50] INFO: [FileUnitOfWork] Stock blev skrevet til fil data\stocks.psv
[2026-06-07 10:40:50] INFO: [FileUnitOfWork] StockPriceHistories blev skrevet til fil data\stock_price_history.psv
[2026-06-07 10:40:50] INFO: [StockMarket] Stock TSLA blev opdateret og pricehistory blev gemt
[2026-06-07 10:40:50] INFO: [OwnedStockFileDAO] Ownedstocks blev indlæst fra fil
[2026-06-07 10:40:50] INFO: [GameStateService] Stock: NVDA | Price: 122,11 | State: Rising
[2026-06-07 10:40:50] INFO: [StockMarket] StockListenerService modtog update for: NVDA
[2026-06-07 10:40:50] INFO: [StockListenerService] Transaction started
[2026-06-07 10:40:50] INFO: [FileUnitOfWork] Stock blev skrevet til fil data\stocks.psv
[2026-06-07 10:40:50] INFO: [FileUnitOfWork] StockPriceHistories blev skrevet til fil data\stock_price_history.psv
[2026-06-07 10:40:50] INFO: [StockMarket] Stock NVDA blev opdateret og pricehistory blev gemt
[2026-06-07 10:40:50] INFO: [OwnedStockFileDAO] Ownedstocks blev indlæst fra fil
[2026-06-07 10:40:50] INFO: [RisingState] LiveStock MSFT changed state from Rising to: Declining
[2026-06-07 10:40:50] INFO: [GameStateService] Stock: MSFT | Price: 483,16 | State: Declining
[2026-06-07 10:40:50] INFO: [StockMarket] StockListenerService modtog update for: MSFT
[2026-06-07 10:40:50] INFO: [StockListenerService] Transaction started
[2026-06-07 10:40:50] INFO: [FileUnitOfWork] Stock blev skrevet til fil data\stocks.psv
[2026-06-07 10:40:50] INFO: [FileUnitOfWork] StockPriceHistories blev skrevet til fil data\stock_price_history.psv
[2026-06-07 10:40:50] INFO: [StockMarket] Stock MSFT blev opdateret og pricehistory blev gemt
[2026-06-07 10:40:50] INFO: [OwnedStockFileDAO] Ownedstocks blev indlæst fra fil
[2026-06-07 10:40:50] INFO: [GameStateService] Stock: GOOGL | Price: 361,04 | State: Steady
[2026-06-07 10:40:50] INFO: [StockMarket] StockListenerService modtog update for: GOOGL
[2026-06-07 10:40:50] INFO: [StockListenerService] Transaction started
[2026-06-07 10:40:50] INFO: [FileUnitOfWork] Stock blev skrevet til fil data\stocks.psv
[2026-06-07 10:40:50] INFO: [FileUnitOfWork] StockPriceHistories blev skrevet til fil data\stock_price_history.psv
[2026-06-07 10:40:50] INFO: [StockMarket] Stock GOOGL blev opdateret og pricehistory blev gemt
[2026-06-07 10:40:50] INFO: [OwnedStockFileDAO] Ownedstocks blev indlæst fra fil
[2026-06-07 10:40:50] INFO: [GameStateService] Stock: AMZN | Price: 282,30 | State: Steady
[2026-06-07 10:40:50] INFO: [StockMarket] StockListenerService modtog update for: AMZN
[2026-06-07 10:40:50] INFO: [StockListenerService] Transaction started
[2026-06-07 10:40:50] INFO: [FileUnitOfWork] Stock blev skrevet til fil data\stocks.psv
[2026-06-07 10:40:50] INFO: [FileUnitOfWork] StockPriceHistories blev skrevet til fil data\stock_price_history.psv
[2026-06-07 10:40:50] INFO: [StockMarket] Stock AMZN blev opdateret og pricehistory blev gemt
[2026-06-07 10:40:50] INFO: [OwnedStockFileDAO] Ownedstocks blev indlæst fra fil
[2026-06-07 10:40:50] INFO: [GameStateService] Stock: META | Price: 418,37 | State: Rising
[2026-06-07 10:40:50] INFO: [StockMarket] StockListenerService modtog update for: META
[2026-06-07 10:40:50] INFO: [StockListenerService] Transaction started
[2026-06-07 10:40:50] INFO: [FileUnitOfWork] Stock blev skrevet til fil data\stocks.psv
[2026-06-07 10:40:50] INFO: [FileUnitOfWork] StockPriceHistories blev skrevet til fil data\stock_price_history.psv
[2026-06-07 10:40:50] INFO: [StockMarket] Stock META blev opdateret og pricehistory blev gemt
[2026-06-07 10:40:50] INFO: [OwnedStockFileDAO] Ownedstocks blev indlæst fra fil
[2026-06-07 10:40:50] INFO: [GameStateService] Stock: GM | Price: 256,29 | State: Declining
[2026-06-07 10:40:50] INFO: [StockMarket] StockListenerService modtog update for: GM
[2026-06-07 10:40:50] INFO: [StockListenerService] Transaction started
[2026-06-07 10:40:50] INFO: [FileUnitOfWork] Stock blev skrevet til fil data\stocks.psv
[2026-06-07 10:40:50] INFO: [FileUnitOfWork] StockPriceHistories blev skrevet til fil data\stock_price_history.psv
[2026-06-07 10:40:50] INFO: [StockMarket] Stock GM blev opdateret og pricehistory blev gemt
[2026-06-07 10:40:50] INFO: [OwnedStockFileDAO] Ownedstocks blev indlæst fra fil
[2026-06-07 10:40:50] INFO: [MarketTickHandler] Game started
[2026-06-07 10:40:50] INFO: [Thread] Markedet blev opdateret
[2026-06-07 10:40:50] INFO: [MarketTickHandler] Updating stock market
[2026-06-07 10:40:50] INFO: [GameStateService] Stock: AAPL | Price: 210,86 | State: Rising
[2026-06-07 10:40:50] INFO: [StockMarket] StockListenerService modtog update for: AAPL
[2026-06-07 10:40:50] INFO: [StockListenerService] Transaction started
[2026-06-07 10:40:50] INFO: [FileUnitOfWork] Stock blev skrevet til fil data\stocks.psv
[2026-06-07 10:40:50] INFO: [FileUnitOfWork] StockPriceHistories blev skrevet til fil data\stock_price_history.psv
[2026-06-07 10:40:50] INFO: [StockMarket] Stock AAPL blev opdateret og pricehistory blev gemt
[2026-06-07 10:40:50] INFO: [OwnedStockFileDAO] Ownedstocks blev indlæst fra fil
[2026-06-07 10:40:50] INFO: [RisingState] LiveStock TSLA changed state from Rising to: Declining
[2026-06-07 10:40:50] INFO: [GameStateService] Stock: TSLA | Price: 103,66 | State: Declining
[2026-06-07 10:40:50] INFO: [StockMarket] StockListenerService modtog update for: TSLA
[2026-06-07 10:40:50] INFO: [StockListenerService] Transaction started
[2026-06-07 10:40:50] INFO: [FileUnitOfWork] Stock blev skrevet til fil data\stocks.psv
[2026-06-07 10:40:50] INFO: [FileUnitOfWork] StockPriceHistories blev skrevet til fil data\stock_price_history.psv
[2026-06-07 10:40:50] INFO: [StockMarket] Stock TSLA blev opdateret og pricehistory blev gemt
[2026-06-07 10:40:51] INFO: [OwnedStockFileDAO] Ownedstocks blev indlæst fra fil
[2026-06-07 10:40:51] INFO: [RisingState] LiveStock NVDA changed state from Rising to: Declining
[2026-06-07 10:40:51] INFO: [GameStateService] Stock: NVDA | Price: 124,36 | State: Declining
[2026-06-07 10:40:51] INFO: [StockMarket] StockListenerService modtog update for: NVDA
[2026-06-07 10:40:51] INFO: [StockListenerService] Transaction started
[2026-06-07 10:40:51] INFO: [PortfolioViewModel] Fetching portfolio: e6f56e16-0f0a-40d4-a655-b91e689c4dd1
[2026-06-07 10:40:51] INFO: [OwnedStockFileDAO] Ownedstocks blev indlæst fra fil
[2026-06-07 10:40:51] INFO: [PortfolioViewModel] Fetching TransactionHistory: e6f56e16-0f0a-40d4-a655-b91e689c4dd1
[2026-06-07 10:40:51] INFO: [PortfolioController] Portfolio loaded for id: e6f56e16-0f0a-40d4-a655-b91e689c4dd1
[2026-06-07 10:40:51] INFO: [FileUnitOfWork] Portfolio blev skrevet til fil data\portfolios.psv
[2026-06-07 10:40:51] INFO: [FileUnitOfWork] Stock blev skrevet til fil data\stocks.psv
[2026-06-07 10:40:51] INFO: [FileUnitOfWork] OwnedStock blev skrevet til fil data\ownedstocks.psv
[2026-06-07 10:40:51] INFO: [FileUnitOfWork] Transactions blev skrevet til fil data\transactions.psv
[2026-06-07 10:40:51] INFO: [FileUnitOfWork] StockPriceHistories blev skrevet til fil data\stock_price_history.psv
[2026-06-07 10:40:51] INFO: [StockMarket] Stock NVDA blev opdateret og pricehistory blev gemt
[2026-06-07 10:40:51] INFO: [OwnedStockFileDAO] Ownedstocks blev indlæst fra fil
[2026-06-07 10:40:51] INFO: [DecliningState] LiveStock MSFT changed state from Declining to: Rising
[2026-06-07 10:40:51] INFO: [GameStateService] Stock: MSFT | Price: 480,77 | State: Rising
[2026-06-07 10:40:51] INFO: [StockMarket] StockListenerService modtog update for: MSFT
[2026-06-07 10:40:51] INFO: [StockListenerService] Transaction started
[2026-06-07 10:40:51] INFO: [FileUnitOfWork] Stock blev skrevet til fil data\stocks.psv
[2026-06-07 10:40:51] INFO: [FileUnitOfWork] StockPriceHistories blev skrevet til fil data\stock_price_history.psv
[2026-06-07 10:40:51] INFO: [StockMarket] Stock MSFT blev opdateret og pricehistory blev gemt
[2026-06-07 10:40:51] INFO: [OwnedStockFileDAO] Ownedstocks blev indlæst fra fil
[2026-06-07 10:40:51] INFO: [SteadyState] LiveStock GOOGL changed state from Steady to: Declining
[2026-06-07 10:40:51] INFO: [GameStateService] Stock: GOOGL | Price: 360,37 | State: Declining
[2026-06-07 10:40:51] INFO: [StockMarket] StockListenerService modtog update for: GOOGL
[2026-06-07 10:40:51] INFO: [StockListenerService] Transaction started
[2026-06-07 10:40:51] INFO: [FileUnitOfWork] Stock blev skrevet til fil data\stocks.psv
[2026-06-07 10:40:51] INFO: [FileUnitOfWork] StockPriceHistories blev skrevet til fil data\stock_price_history.psv
[2026-06-07 10:40:51] INFO: [StockMarket] Stock GOOGL blev opdateret og pricehistory blev gemt
[2026-06-07 10:40:51] INFO: [OwnedStockFileDAO] Ownedstocks blev indlæst fra fil
[2026-06-07 10:40:51] INFO: [SteadyState] LiveStock AMZN changed state from Steady to: Rising
[2026-06-07 10:40:51] INFO: [GameStateService] Stock: AMZN | Price: 281,45 | State: Rising
[2026-06-07 10:40:51] INFO: [StockMarket] StockListenerService modtog update for: AMZN
[2026-06-07 10:40:51] INFO: [StockListenerService] Transaction started
[2026-06-07 10:40:51] INFO: [FileUnitOfWork] Stock blev skrevet til fil data\stocks.psv
[2026-06-07 10:40:51] INFO: [FileUnitOfWork] StockPriceHistories blev skrevet til fil data\stock_price_history.psv
[2026-06-07 10:40:51] INFO: [StockMarket] Stock AMZN blev opdateret og pricehistory blev gemt
[2026-06-07 10:40:51] INFO: [OwnedStockFileDAO] Ownedstocks blev indlæst fra fil
[2026-06-07 10:40:51] INFO: [GameStateService] Stock: META | Price: 417,29 | State: Rising
[2026-06-07 10:40:51] INFO: [StockMarket] StockListenerService modtog update for: META
[2026-06-07 10:40:51] INFO: [StockListenerService] Transaction started
[2026-06-07 10:40:51] INFO: [FileUnitOfWork] Stock blev skrevet til fil data\stocks.psv
[2026-06-07 10:40:51] INFO: [FileUnitOfWork] StockPriceHistories blev skrevet til fil data\stock_price_history.psv
[2026-06-07 10:40:51] INFO: [StockMarket] Stock META blev opdateret og pricehistory blev gemt
[2026-06-07 10:40:51] INFO: [OwnedStockFileDAO] Ownedstocks blev indlæst fra fil
[2026-06-07 10:40:51] INFO: [GameStateService] Stock: GM | Price: 254,86 | State: Declining
[2026-06-07 10:40:51] INFO: [StockMarket] StockListenerService modtog update for: GM
[2026-06-07 10:40:51] INFO: [StockListenerService] Transaction started
[2026-06-07 10:40:51] INFO: [FileUnitOfWork] Stock blev skrevet til fil data\stocks.psv
[2026-06-07 10:40:51] INFO: [FileUnitOfWork] StockPriceHistories blev skrevet til fil data\stock_price_history.psv
[2026-06-07 10:40:51] INFO: [StockMarket] Stock GM blev opdateret og pricehistory blev gemt
[2026-06-07 10:40:51] INFO: [OwnedStockFileDAO] Ownedstocks blev indlæst fra fil
[2026-06-07 10:40:52] INFO: [MarketTickHandler] Game started
[2026-06-07 10:40:52] INFO: [Thread] Markedet blev opdateret
[2026-06-07 10:40:52] INFO: [MarketTickHandler] Updating stock market
[2026-06-07 10:40:52] INFO: [GameStateService] Stock: AAPL | Price: 215,86 | State: Rising
[2026-06-07 10:40:52] INFO: [StockMarket] StockListenerService modtog update for: AAPL
[2026-06-07 10:40:52] INFO: [StockListenerService] Transaction started
[2026-06-07 10:40:52] INFO: [FileUnitOfWork] Stock blev skrevet til fil data\stocks.psv
[2026-06-07 10:40:52] INFO: [FileUnitOfWork] StockPriceHistories blev skrevet til fil data\stock_price_history.psv
[2026-06-07 10:40:52] INFO: [StockMarket] Stock AAPL blev opdateret og pricehistory blev gemt
[2026-06-07 10:40:52] INFO: [OwnedStockFileDAO] Ownedstocks blev indlæst fra fil
[2026-06-07 10:40:52] INFO: [DecliningState] LiveStock TSLA changed state from Declining to: Rising
[2026-06-07 10:40:52] INFO: [GameStateService] Stock: TSLA | Price: 99,91 | State: Rising
[2026-06-07 10:40:52] INFO: [StockMarket] StockListenerService modtog update for: TSLA
[2026-06-07 10:40:52] INFO: [StockListenerService] Transaction started
[2026-06-07 10:40:52] INFO: [FileUnitOfWork] Stock blev skrevet til fil data\stocks.psv
[2026-06-07 10:40:52] INFO: [FileUnitOfWork] StockPriceHistories blev skrevet til fil data\stock_price_history.psv
[2026-06-07 10:40:52] INFO: [StockMarket] Stock TSLA blev opdateret og pricehistory blev gemt
[2026-06-07 10:40:52] INFO: [OwnedStockFileDAO] Ownedstocks blev indlæst fra fil
[2026-06-07 10:40:52] INFO: [GameStateService] Stock: NVDA | Price: 125,18 | State: Declining
[2026-06-07 10:40:52] INFO: [StockMarket] StockListenerService modtog update for: NVDA
[2026-06-07 10:40:52] INFO: [StockListenerService] Transaction started
[2026-06-07 10:40:52] INFO: [FileUnitOfWork] Stock blev skrevet til fil data\stocks.psv
[2026-06-07 10:40:52] INFO: [FileUnitOfWork] StockPriceHistories blev skrevet til fil data\stock_price_history.psv
[2026-06-07 10:40:52] INFO: [StockMarket] Stock NVDA blev opdateret og pricehistory blev gemt
[2026-06-07 10:40:52] INFO: [OwnedStockFileDAO] Ownedstocks blev indlæst fra fil
[2026-06-07 10:40:52] INFO: [RisingState] LiveStock MSFT changed state from Rising to: Declining
[2026-06-07 10:40:52] INFO: [GameStateService] Stock: MSFT | Price: 484,91 | State: Declining
[2026-06-07 10:40:52] INFO: [StockMarket] StockListenerService modtog update for: MSFT
[2026-06-07 10:40:52] INFO: [StockListenerService] Transaction started
[2026-06-07 10:40:52] INFO: [FileUnitOfWork] Stock blev skrevet til fil data\stocks.psv
[2026-06-07 10:40:52] INFO: [FileUnitOfWork] StockPriceHistories blev skrevet til fil data\stock_price_history.psv
[2026-06-07 10:40:52] INFO: [StockMarket] Stock MSFT blev opdateret og pricehistory blev gemt
[2026-06-07 10:40:52] INFO: [OwnedStockFileDAO] Ownedstocks blev indlæst fra fil
[2026-06-07 10:40:52] INFO: [GameStateService] Stock: GOOGL | Price: 361,27 | State: Declining
[2026-06-07 10:40:52] INFO: [StockMarket] StockListenerService modtog update for: GOOGL
[2026-06-07 10:40:52] INFO: [StockListenerService] Transaction started
[2026-06-07 10:40:52] INFO: [FileUnitOfWork] Stock blev skrevet til fil data\stocks.psv
[2026-06-07 10:40:52] INFO: [FileUnitOfWork] StockPriceHistories blev skrevet til fil data\stock_price_history.psv
[2026-06-07 10:40:52] INFO: [StockMarket] Stock GOOGL blev opdateret og pricehistory blev gemt
[2026-06-07 10:40:52] INFO: [OwnedStockFileDAO] Ownedstocks blev indlæst fra fil
[2026-06-07 10:40:52] INFO: [RisingState] LiveStock AMZN changed state from Rising to: Steady
[2026-06-07 10:40:52] INFO: [GameStateService] Stock: AMZN | Price: 282,80 | State: Steady
[2026-06-07 10:40:52] INFO: [StockMarket] StockListenerService modtog update for: AMZN
[2026-06-07 10:40:52] INFO: [StockListenerService] Transaction started
[2026-06-07 10:40:52] INFO: [FileUnitOfWork] Stock blev skrevet til fil data\stocks.psv
[2026-06-07 10:40:52] INFO: [FileUnitOfWork] StockPriceHistories blev skrevet til fil data\stock_price_history.psv
[2026-06-07 10:40:52] INFO: [StockMarket] Stock AMZN blev opdateret og pricehistory blev gemt
[2026-06-07 10:40:52] INFO: [OwnedStockFileDAO] Ownedstocks blev indlæst fra fil
[2026-06-07 10:40:52] INFO: [GameStateService] Stock: META | Price: 421,33 | State: Rising
[2026-06-07 10:40:52] INFO: [StockMarket] StockListenerService modtog update for: META
[2026-06-07 10:40:52] INFO: [StockListenerService] Transaction started
[2026-06-07 10:40:52] INFO: [FileUnitOfWork] Stock blev skrevet til fil data\stocks.psv
[2026-06-07 10:40:52] INFO: [FileUnitOfWork] StockPriceHistories blev skrevet til fil data\stock_price_history.psv
[2026-06-07 10:40:52] INFO: [StockMarket] Stock META blev opdateret og pricehistory blev gemt
[2026-06-07 10:40:52] INFO: [OwnedStockFileDAO] Ownedstocks blev indlæst fra fil
[2026-06-07 10:40:52] INFO: [GameStateService] Stock: GM | Price: 255,09 | State: Declining
[2026-06-07 10:40:52] INFO: [StockMarket] StockListenerService modtog update for: GM
[2026-06-07 10:40:52] INFO: [StockListenerService] Transaction started
[2026-06-07 10:40:52] INFO: [FileUnitOfWork] Stock blev skrevet til fil data\stocks.psv
[2026-06-07 10:40:52] INFO: [FileUnitOfWork] StockPriceHistories blev skrevet til fil data\stock_price_history.psv
[2026-06-07 10:40:52] INFO: [StockMarket] Stock GM blev opdateret og pricehistory blev gemt
[2026-06-07 10:40:52] INFO: [OwnedStockFileDAO] Ownedstocks blev indlæst fra fil
[2026-06-07 10:40:52] INFO: [MarketTickHandler] Game started
[2026-06-07 10:40:52] INFO: [Thread] Markedet blev opdateret
[2026-06-07 10:40:52] INFO: [MarketTickHandler] Updating stock market
[2026-06-07 10:40:52] INFO: [GameStateService] Stock: AAPL | Price: 217,31 | State: Rising
[2026-06-07 10:40:52] INFO: [StockMarket] StockListenerService modtog update for: AAPL
[2026-06-07 10:40:52] INFO: [StockListenerService] Transaction started
[2026-06-07 10:40:52] INFO: [FileUnitOfWork] Stock blev skrevet til fil data\stocks.psv
[2026-06-07 10:40:52] INFO: [FileUnitOfWork] StockPriceHistories blev skrevet til fil data\stock_price_history.psv
[2026-06-07 10:40:52] INFO: [StockMarket] Stock AAPL blev opdateret og pricehistory blev gemt
[2026-06-07 10:40:52] INFO: [OwnedStockFileDAO] Ownedstocks blev indlæst fra fil
[2026-06-07 10:40:52] INFO: [GameStateService] Stock: TSLA | Price: 103,95 | State: Rising
[2026-06-07 10:40:52] INFO: [StockMarket] StockListenerService modtog update for: TSLA
[2026-06-07 10:40:52] INFO: [StockListenerService] Transaction started
[2026-06-07 10:40:52] INFO: [FileUnitOfWork] Stock blev skrevet til fil data\stocks.psv
[2026-06-07 10:40:52] INFO: [FileUnitOfWork] StockPriceHistories blev skrevet til fil data\stock_price_history.psv
[2026-06-07 10:40:52] INFO: [StockMarket] Stock TSLA blev opdateret og pricehistory blev gemt
[2026-06-07 10:40:52] INFO: [OwnedStockFileDAO] Ownedstocks blev indlæst fra fil
[2026-06-07 10:40:52] INFO: [DecliningState] LiveStock NVDA changed state from Declining to: Steady
[2026-06-07 10:40:52] INFO: [GameStateService] Stock: NVDA | Price: 120,97 | State: Steady
[2026-06-07 10:40:52] INFO: [StockMarket] StockListenerService modtog update for: NVDA
[2026-06-07 10:40:52] INFO: [StockListenerService] Transaction started
[2026-06-07 10:40:52] INFO: [FileUnitOfWork] Stock blev skrevet til fil data\stocks.psv
[2026-06-07 10:40:52] INFO: [FileUnitOfWork] StockPriceHistories blev skrevet til fil data\stock_price_history.psv
[2026-06-07 10:40:52] INFO: [StockMarket] Stock NVDA blev opdateret og pricehistory blev gemt
[2026-06-07 10:40:52] INFO: [OwnedStockFileDAO] Ownedstocks blev indlæst fra fil
[2026-06-07 10:40:52] INFO: [GameStateService] Stock: MSFT | Price: 480,49 | State: Declining
[2026-06-07 10:40:52] INFO: [StockMarket] StockListenerService modtog update for: MSFT
[2026-06-07 10:40:52] INFO: [StockListenerService] Transaction started
[2026-06-07 10:40:52] INFO: [FileUnitOfWork] Stock blev skrevet til fil data\stocks.psv
[2026-06-07 10:40:52] INFO: [FileUnitOfWork] StockPriceHistories blev skrevet til fil data\stock_price_history.psv
[2026-06-07 10:40:52] INFO: [StockMarket] Stock MSFT blev opdateret og pricehistory blev gemt
[2026-06-07 10:40:52] INFO: [OwnedStockFileDAO] Ownedstocks blev indlæst fra fil
[2026-06-07 10:40:52] INFO: [GameStateService] Stock: GOOGL | Price: 359,11 | State: Declining
[2026-06-07 10:40:52] INFO: [StockMarket] StockListenerService modtog update for: GOOGL
[2026-06-07 10:40:52] INFO: [StockListenerService] Transaction started
[2026-06-07 10:40:52] INFO: [FileUnitOfWork] Stock blev skrevet til fil data\stocks.psv
[2026-06-07 10:40:52] INFO: [FileUnitOfWork] StockPriceHistories blev skrevet til fil data\stock_price_history.psv
[2026-06-07 10:40:52] INFO: [StockMarket] Stock GOOGL blev opdateret og pricehistory blev gemt
[2026-06-07 10:40:52] INFO: [OwnedStockFileDAO] Ownedstocks blev indlæst fra fil
[2026-06-07 10:40:52] INFO: [GameStateService] Stock: AMZN | Price: 282,48 | State: Steady
[2026-06-07 10:40:52] INFO: [StockMarket] StockListenerService modtog update for: AMZN
[2026-06-07 10:40:52] INFO: [StockListenerService] Transaction started
[2026-06-07 10:40:52] INFO: [FileUnitOfWork] Stock blev skrevet til fil data\stocks.psv
[2026-06-07 10:40:52] INFO: [FileUnitOfWork] StockPriceHistories blev skrevet til fil data\stock_price_history.psv
[2026-06-07 10:40:52] INFO: [StockMarket] Stock AMZN blev opdateret og pricehistory blev gemt
[2026-06-07 10:40:52] INFO: [OwnedStockFileDAO] Ownedstocks blev indlæst fra fil
[2026-06-07 10:40:52] INFO: [GameStateService] Stock: META | Price: 423,02 | State: Rising
[2026-06-07 10:40:52] INFO: [StockMarket] StockListenerService modtog update for: META
[2026-06-07 10:40:52] INFO: [StockListenerService] Transaction started
[2026-06-07 10:40:52] INFO: [FileUnitOfWork] Stock blev skrevet til fil data\stocks.psv
[2026-06-07 10:40:52] INFO: [FileUnitOfWork] StockPriceHistories blev skrevet til fil data\stock_price_history.psv
[2026-06-07 10:40:52] INFO: [StockMarket] Stock META blev opdateret og pricehistory blev gemt
[2026-06-07 10:40:52] INFO: [OwnedStockFileDAO] Ownedstocks blev indlæst fra fil
[2026-06-07 10:40:52] INFO: [DecliningState] LiveStock GM changed state from Declining to: Rising
[2026-06-07 10:40:52] INFO: [GameStateService] Stock: GM | Price: 252,64 | State: Rising
[2026-06-07 10:40:52] INFO: [StockMarket] StockListenerService modtog update for: GM
[2026-06-07 10:40:52] INFO: [StockListenerService] Transaction started
[2026-06-07 10:40:53] INFO: [FileUnitOfWork] Stock blev skrevet til fil data\stocks.psv
[2026-06-07 10:40:53] INFO: [FileUnitOfWork] StockPriceHistories blev skrevet til fil data\stock_price_history.psv
[2026-06-07 10:40:53] INFO: [StockMarket] Stock GM blev opdateret og pricehistory blev gemt
[2026-06-07 10:40:53] INFO: [OwnedStockFileDAO] Ownedstocks blev indlæst fra fil
[2026-06-07 10:40:53] INFO: [BuyStocksViewModel] Fetching portfolio: e6f56e16-0f0a-40d4-a655-b91e689c4dd1
[2026-06-07 10:40:53] INFO: [BuyStocksViewModel] Fetching AvailableStocks
[2026-06-07 10:40:53] INFO: [BuyStocksViewModel] Fetching portfolio: e6f56e16-0f0a-40d4-a655-b91e689c4dd1
[2026-06-07 10:40:53] INFO: [BuyStocksViewModel] Fetching portfolio: e6f56e16-0f0a-40d4-a655-b91e689c4dd1
[2026-06-07 10:40:53] INFO: [MarketTickHandler] Game started
[2026-06-07 10:40:53] INFO: [Thread] Markedet blev opdateret
[2026-06-07 10:40:53] INFO: [MarketTickHandler] Updating stock market
[2026-06-07 10:40:53] INFO: [RisingState] LiveStock AAPL changed state from Rising to: Steady
[2026-06-07 10:40:53] INFO: [GameStateService] Stock: AAPL | Price: 219,33 | State: Steady
[2026-06-07 10:40:53] INFO: [StockMarket] StockListenerService modtog update for: AAPL
[2026-06-07 10:40:53] INFO: [StockListenerService] Transaction started
[2026-06-07 10:40:53] INFO: [FileUnitOfWork] Stock blev skrevet til fil data\stocks.psv
[2026-06-07 10:40:53] INFO: [FileUnitOfWork] StockPriceHistories blev skrevet til fil data\stock_price_history.psv
[2026-06-07 10:40:53] INFO: [StockMarket] Stock AAPL blev opdateret og pricehistory blev gemt
[2026-06-07 10:40:53] INFO: [OwnedStockFileDAO] Ownedstocks blev indlæst fra fil
[2026-06-07 10:40:53] INFO: [RisingState] LiveStock TSLA changed state from Rising to: Declining
[2026-06-07 10:40:53] INFO: [GameStateService] Stock: TSLA | Price: 102,28 | State: Declining
[2026-06-07 10:40:53] INFO: [StockMarket] StockListenerService modtog update for: TSLA
[2026-06-07 10:40:53] INFO: [StockListenerService] Transaction started
[2026-06-07 10:40:53] INFO: [FileUnitOfWork] Stock blev skrevet til fil data\stocks.psv
[2026-06-07 10:40:53] INFO: [FileUnitOfWork] StockPriceHistories blev skrevet til fil data\stock_price_history.psv
[2026-06-07 10:40:53] INFO: [StockMarket] Stock TSLA blev opdateret og pricehistory blev gemt
[2026-06-07 10:40:53] INFO: [OwnedStockFileDAO] Ownedstocks blev indlæst fra fil
[2026-06-07 10:40:53] INFO: [GameStateService] Stock: NVDA | Price: 121,05 | State: Steady
[2026-06-07 10:40:53] INFO: [StockMarket] StockListenerService modtog update for: NVDA
[2026-06-07 10:40:53] INFO: [StockListenerService] Transaction started
[2026-06-07 10:40:54] INFO: [FileUnitOfWork] Stock blev skrevet til fil data\stocks.psv
[2026-06-07 10:40:54] INFO: [FileUnitOfWork] StockPriceHistories blev skrevet til fil data\stock_price_history.psv
[2026-06-07 10:40:54] INFO: [StockMarket] Stock NVDA blev opdateret og pricehistory blev gemt
[2026-06-07 10:40:54] INFO: [OwnedStockFileDAO] Ownedstocks blev indlæst fra fil
[2026-06-07 10:40:54] INFO: [GameStateService] Stock: MSFT | Price: 476,25 | State: Declining
[2026-06-07 10:40:54] INFO: [StockMarket] StockListenerService modtog update for: MSFT
[2026-06-07 10:40:54] INFO: [StockListenerService] Transaction started
[2026-06-07 10:40:54] INFO: [FileUnitOfWork] Stock blev skrevet til fil data\stocks.psv
[2026-06-07 10:40:54] INFO: [FileUnitOfWork] StockPriceHistories blev skrevet til fil data\stock_price_history.psv
[2026-06-07 10:40:54] INFO: [StockMarket] Stock MSFT blev opdateret og pricehistory blev gemt
[2026-06-07 10:40:54] INFO: [OwnedStockFileDAO] Ownedstocks blev indlæst fra fil
[2026-06-07 10:40:54] INFO: [GameStateService] Stock: GOOGL | Price: 357,52 | State: Declining
[2026-06-07 10:40:54] INFO: [StockMarket] StockListenerService modtog update for: GOOGL
[2026-06-07 10:40:54] INFO: [StockListenerService] Transaction started
[2026-06-07 10:40:54] INFO: [FileUnitOfWork] Stock blev skrevet til fil data\stocks.psv
[2026-06-07 10:40:54] INFO: [FileUnitOfWork] StockPriceHistories blev skrevet til fil data\stock_price_history.psv
[2026-06-07 10:40:54] INFO: [StockMarket] Stock GOOGL blev opdateret og pricehistory blev gemt
[2026-06-07 10:40:54] INFO: [OwnedStockFileDAO] Ownedstocks blev indlæst fra fil
[2026-06-07 10:40:54] INFO: [GameStateService] Stock: AMZN | Price: 281,58 | State: Steady
[2026-06-07 10:40:54] INFO: [StockMarket] StockListenerService modtog update for: AMZN
[2026-06-07 10:40:54] INFO: [StockListenerService] Transaction started
[2026-06-07 10:40:54] INFO: [FileUnitOfWork] Stock blev skrevet til fil data\stocks.psv
[2026-06-07 10:40:54] INFO: [FileUnitOfWork] StockPriceHistories blev skrevet til fil data\stock_price_history.psv
[2026-06-07 10:40:54] INFO: [StockMarket] Stock AMZN blev opdateret og pricehistory blev gemt
[2026-06-07 10:40:54] INFO: [OwnedStockFileDAO] Ownedstocks blev indlæst fra fil
[2026-06-07 10:40:54] INFO: [RisingState] LiveStock META changed state from Rising to: Steady
[2026-06-07 10:40:54] INFO: [GameStateService] Stock: META | Price: 427,26 | State: Steady
[2026-06-07 10:40:54] INFO: [StockMarket] StockListenerService modtog update for: META
[2026-06-07 10:40:54] INFO: [StockListenerService] Transaction started
[2026-06-07 10:40:54] INFO: [FileUnitOfWork] Stock blev skrevet til fil data\stocks.psv
[2026-06-07 10:40:54] INFO: [FileUnitOfWork] StockPriceHistories blev skrevet til fil data\stock_price_history.psv
[2026-06-07 10:40:54] INFO: [StockMarket] Stock META blev opdateret og pricehistory blev gemt
[2026-06-07 10:40:54] INFO: [OwnedStockFileDAO] Ownedstocks blev indlæst fra fil
[2026-06-07 10:40:54] INFO: [GameStateService] Stock: GM | Price: 254,62 | State: Rising
[2026-06-07 10:40:54] INFO: [StockMarket] StockListenerService modtog update for: GM
[2026-06-07 10:40:54] INFO: [StockListenerService] Transaction started
[2026-06-07 10:40:54] INFO: [FileUnitOfWork] Stock blev skrevet til fil data\stocks.psv
[2026-06-07 10:40:54] INFO: [FileUnitOfWork] StockPriceHistories blev skrevet til fil data\stock_price_history.psv
[2026-06-07 10:40:54] INFO: [StockMarket] Stock GM blev opdateret og pricehistory blev gemt
[2026-06-07 10:40:54] INFO: [OwnedStockFileDAO] Ownedstocks blev indlæst fra fil
[2026-06-07 10:40:54] INFO: [SellStocksViewModel] Fetching portfolio: e6f56e16-0f0a-40d4-a655-b91e689c4dd1
[2026-06-07 10:40:54] INFO: [SellStocksViewModel] Fetching portfolio: e6f56e16-0f0a-40d4-a655-b91e689c4dd1
[2026-06-07 10:40:55] INFO: [MarketTickHandler] Game started
[2026-06-07 10:40:55] INFO: [Thread] Markedet blev opdateret
[2026-06-07 10:40:55] INFO: [MarketTickHandler] Updating stock market
[2026-06-07 10:40:55] INFO: [GameStateService] Stock: AAPL | Price: 219,13 | State: Steady
[2026-06-07 10:40:55] INFO: [StockMarket] StockListenerService modtog update for: AAPL
[2026-06-07 10:40:55] INFO: [StockListenerService] Transaction started
[2026-06-07 10:40:55] INFO: [FileUnitOfWork] Stock blev skrevet til fil data\stocks.psv
[2026-06-07 10:40:55] INFO: [FileUnitOfWork] StockPriceHistories blev skrevet til fil data\stock_price_history.psv
[2026-06-07 10:40:55] INFO: [StockMarket] Stock AAPL blev opdateret og pricehistory blev gemt
[2026-06-07 10:40:55] INFO: [OwnedStockFileDAO] Ownedstocks blev indlæst fra fil
[2026-06-07 10:40:55] INFO: [GameStateService] Stock: TSLA | Price: 100,03 | State: Declining
[2026-06-07 10:40:55] INFO: [StockMarket] StockListenerService modtog update for: TSLA
[2026-06-07 10:40:55] INFO: [StockListenerService] Transaction started
[2026-06-07 10:40:55] INFO: [FileUnitOfWork] Stock blev skrevet til fil data\stocks.psv
[2026-06-07 10:40:55] INFO: [FileUnitOfWork] StockPriceHistories blev skrevet til fil data\stock_price_history.psv
[2026-06-07 10:40:55] INFO: [StockMarket] Stock TSLA blev opdateret og pricehistory blev gemt
[2026-06-07 10:40:55] INFO: [OwnedStockFileDAO] Ownedstocks blev indlæst fra fil
[2026-06-07 10:40:55] INFO: [GameStateService] Stock: NVDA | Price: 121,63 | State: Steady
[2026-06-07 10:40:55] INFO: [StockMarket] StockListenerService modtog update for: NVDA
[2026-06-07 10:40:55] INFO: [StockListenerService] Transaction started
[2026-06-07 10:40:55] INFO: [FileUnitOfWork] Stock blev skrevet til fil data\stocks.psv
[2026-06-07 10:40:55] INFO: [FileUnitOfWork] StockPriceHistories blev skrevet til fil data\stock_price_history.psv
[2026-06-07 10:40:55] INFO: [StockMarket] Stock NVDA blev opdateret og pricehistory blev gemt
[2026-06-07 10:40:55] INFO: [OwnedStockFileDAO] Ownedstocks blev indlæst fra fil
[2026-06-07 10:40:55] INFO: [GameStateService] Stock: MSFT | Price: 476,38 | State: Declining
[2026-06-07 10:40:55] INFO: [StockMarket] StockListenerService modtog update for: MSFT
[2026-06-07 10:40:55] INFO: [StockListenerService] Transaction started
[2026-06-07 10:40:55] INFO: [FileUnitOfWork] Stock blev skrevet til fil data\stocks.psv
[2026-06-07 10:40:55] INFO: [FileUnitOfWork] StockPriceHistories blev skrevet til fil data\stock_price_history.psv
[2026-06-07 10:40:55] INFO: [StockMarket] Stock MSFT blev opdateret og pricehistory blev gemt
[2026-06-07 10:40:55] INFO: [OwnedStockFileDAO] Ownedstocks blev indlæst fra fil
[2026-06-07 10:40:55] INFO: [GameStateService] Stock: GOOGL | Price: 356,87 | State: Declining
[2026-06-07 10:40:55] INFO: [StockMarket] StockListenerService modtog update for: GOOGL
[2026-06-07 10:40:55] INFO: [StockListenerService] Transaction started
[2026-06-07 10:40:55] INFO: [FileUnitOfWork] Stock blev skrevet til fil data\stocks.psv
[2026-06-07 10:40:55] INFO: [FileUnitOfWork] StockPriceHistories blev skrevet til fil data\stock_price_history.psv
[2026-06-07 10:40:55] INFO: [StockMarket] Stock GOOGL blev opdateret og pricehistory blev gemt
[2026-06-07 10:40:55] INFO: [OwnedStockFileDAO] Ownedstocks blev indlæst fra fil
[2026-06-07 10:40:55] INFO: [GameStateService] Stock: AMZN | Price: 282,39 | State: Steady
[2026-06-07 10:40:55] INFO: [StockMarket] StockListenerService modtog update for: AMZN
[2026-06-07 10:40:55] INFO: [StockListenerService] Transaction started
[2026-06-07 10:40:55] INFO: [FileUnitOfWork] Stock blev skrevet til fil data\stocks.psv
[2026-06-07 10:40:55] INFO: [FileUnitOfWork] StockPriceHistories blev skrevet til fil data\stock_price_history.psv
[2026-06-07 10:40:55] INFO: [StockMarket] Stock AMZN blev opdateret og pricehistory blev gemt
[2026-06-07 10:40:55] INFO: [OwnedStockFileDAO] Ownedstocks blev indlæst fra fil
[2026-06-07 10:40:55] INFO: [GameStateService] Stock: META | Price: 426,27 | State: Steady
[2026-06-07 10:40:55] INFO: [StockMarket] StockListenerService modtog update for: META
[2026-06-07 10:40:55] INFO: [StockListenerService] Transaction started
[2026-06-07 10:40:55] INFO: [FileUnitOfWork] Stock blev skrevet til fil data\stocks.psv
[2026-06-07 10:40:55] INFO: [FileUnitOfWork] StockPriceHistories blev skrevet til fil data\stock_price_history.psv
[2026-06-07 10:40:55] INFO: [StockMarket] Stock META blev opdateret og pricehistory blev gemt
[2026-06-07 10:40:55] INFO: [OwnedStockFileDAO] Ownedstocks blev indlæst fra fil
[2026-06-07 10:40:55] INFO: [GameStateService] Stock: GM | Price: 257,22 | State: Rising
[2026-06-07 10:40:55] INFO: [StockMarket] StockListenerService modtog update for: GM
[2026-06-07 10:40:55] INFO: [StockListenerService] Transaction started
[2026-06-07 10:40:55] INFO: [FileUnitOfWork] Stock blev skrevet til fil data\stocks.psv
[2026-06-07 10:40:55] INFO: [FileUnitOfWork] StockPriceHistories blev skrevet til fil data\stock_price_history.psv
[2026-06-07 10:40:55] INFO: [StockMarket] Stock GM blev opdateret og pricehistory blev gemt
[2026-06-07 10:40:55] INFO: [OwnedStockFileDAO] Ownedstocks blev indlæst fra fil
[2026-06-07 10:40:56] INFO: [MarketTickHandler] Game started
[2026-06-07 10:40:56] INFO: [Thread] Markedet blev opdateret
[2026-06-07 10:40:56] INFO: [MarketTickHandler] Updating stock market
[2026-06-07 10:40:56] INFO: [GameStateService] Stock: AAPL | Price: 219,84 | State: Steady
[2026-06-07 10:40:56] INFO: [StockMarket] StockListenerService modtog update for: AAPL
[2026-06-07 10:40:56] INFO: [StockListenerService] Transaction started
[2026-06-07 10:40:56] INFO: [FileUnitOfWork] Stock blev skrevet til fil data\stocks.psv
[2026-06-07 10:40:56] INFO: [FileUnitOfWork] StockPriceHistories blev skrevet til fil data\stock_price_history.psv
[2026-06-07 10:40:56] INFO: [StockMarket] Stock AAPL blev opdateret og pricehistory blev gemt
[2026-06-07 10:40:56] INFO: [OwnedStockFileDAO] Ownedstocks blev indlæst fra fil
[2026-06-07 10:40:56] INFO: [DecliningState] LiveStock TSLA changed state from Declining to: Rising
[2026-06-07 10:40:56] INFO: [GameStateService] Stock: TSLA | Price: 95,39 | State: Rising
[2026-06-07 10:40:56] INFO: [StockMarket] StockListenerService modtog update for: TSLA
[2026-06-07 10:40:56] INFO: [StockListenerService] Transaction started
[2026-06-07 10:40:56] INFO: [FileUnitOfWork] Stock blev skrevet til fil data\stocks.psv
[2026-06-07 10:40:56] INFO: [FileUnitOfWork] StockPriceHistories blev skrevet til fil data\stock_price_history.psv
[2026-06-07 10:40:56] INFO: [StockMarket] Stock TSLA blev opdateret og pricehistory blev gemt
[2026-06-07 10:40:56] INFO: [OwnedStockFileDAO] Ownedstocks blev indlæst fra fil
[2026-06-07 10:40:56] INFO: [GameStateService] Stock: NVDA | Price: 121,45 | State: Steady
[2026-06-07 10:40:56] INFO: [StockMarket] StockListenerService modtog update for: NVDA
[2026-06-07 10:40:56] INFO: [StockListenerService] Transaction started
[2026-06-07 10:40:56] INFO: [FileUnitOfWork] Stock blev skrevet til fil data\stocks.psv
[2026-06-07 10:40:56] INFO: [FileUnitOfWork] StockPriceHistories blev skrevet til fil data\stock_price_history.psv
[2026-06-07 10:40:56] INFO: [StockMarket] Stock NVDA blev opdateret og pricehistory blev gemt
[2026-06-07 10:40:56] INFO: [OwnedStockFileDAO] Ownedstocks blev indlæst fra fil
[2026-06-07 10:40:56] INFO: [GameStateService] Stock: MSFT | Price: 476,66 | State: Declining
[2026-06-07 10:40:56] INFO: [StockMarket] StockListenerService modtog update for: MSFT
[2026-06-07 10:40:56] INFO: [StockListenerService] Transaction started
[2026-06-07 10:40:56] INFO: [FileUnitOfWork] Stock blev skrevet til fil data\stocks.psv
[2026-06-07 10:40:56] INFO: [FileUnitOfWork] StockPriceHistories blev skrevet til fil data\stock_price_history.psv
[2026-06-07 10:40:56] INFO: [StockMarket] Stock MSFT blev opdateret og pricehistory blev gemt
[2026-06-07 10:40:56] INFO: [OwnedStockFileDAO] Ownedstocks blev indlæst fra fil
[2026-06-07 10:40:56] INFO: [GameStateService] Stock: GOOGL | Price: 357,11 | State: Declining
[2026-06-07 10:40:56] INFO: [StockMarket] StockListenerService modtog update for: GOOGL
[2026-06-07 10:40:56] INFO: [StockListenerService] Transaction started
[2026-06-07 10:40:56] INFO: [FileUnitOfWork] Stock blev skrevet til fil data\stocks.psv
[2026-06-07 10:40:56] INFO: [FileUnitOfWork] StockPriceHistories blev skrevet til fil data\stock_price_history.psv
[2026-06-07 10:40:56] INFO: [StockMarket] Stock GOOGL blev opdateret og pricehistory blev gemt
[2026-06-07 10:40:56] INFO: [OwnedStockFileDAO] Ownedstocks blev indlæst fra fil
[2026-06-07 10:40:56] INFO: [GameStateService] Stock: AMZN | Price: 283,03 | State: Steady
[2026-06-07 10:40:56] INFO: [StockMarket] StockListenerService modtog update for: AMZN
[2026-06-07 10:40:56] INFO: [StockListenerService] Transaction started
[2026-06-07 10:40:56] INFO: [FileUnitOfWork] Stock blev skrevet til fil data\stocks.psv
[2026-06-07 10:40:56] INFO: [FileUnitOfWork] StockPriceHistories blev skrevet til fil data\stock_price_history.psv
[2026-06-07 10:40:56] INFO: [StockMarket] Stock AMZN blev opdateret og pricehistory blev gemt
[2026-06-07 10:40:56] INFO: [OwnedStockFileDAO] Ownedstocks blev indlæst fra fil
[2026-06-07 10:40:56] INFO: [GameStateService] Stock: META | Price: 426,77 | State: Steady
[2026-06-07 10:40:56] INFO: [StockMarket] StockListenerService modtog update for: META
[2026-06-07 10:40:56] INFO: [StockListenerService] Transaction started
[2026-06-07 10:40:56] INFO: [FileUnitOfWork] Stock blev skrevet til fil data\stocks.psv
[2026-06-07 10:40:56] INFO: [FileUnitOfWork] StockPriceHistories blev skrevet til fil data\stock_price_history.psv
[2026-06-07 10:40:56] INFO: [StockMarket] Stock META blev opdateret og pricehistory blev gemt
[2026-06-07 10:40:56] INFO: [OwnedStockFileDAO] Ownedstocks blev indlæst fra fil
[2026-06-07 10:40:56] INFO: [RisingState] LiveStock GM changed state from Rising to: Declining
[2026-06-07 10:40:56] INFO: [GameStateService] Stock: GM | Price: 260,69 | State: Declining
[2026-06-07 10:40:56] INFO: [StockMarket] StockListenerService modtog update for: GM
[2026-06-07 10:40:56] INFO: [StockListenerService] Transaction started
[2026-06-07 10:40:56] INFO: [FileUnitOfWork] Stock blev skrevet til fil data\stocks.psv
[2026-06-07 10:40:56] INFO: [FileUnitOfWork] StockPriceHistories blev skrevet til fil data\stock_price_history.psv
[2026-06-07 10:40:56] INFO: [StockMarket] Stock GM blev opdateret og pricehistory blev gemt
[2026-06-07 10:40:56] INFO: [OwnedStockFileDAO] Ownedstocks blev indlæst fra fil
[2026-06-07 10:40:57] INFO: [MarketTickHandler] Game started
[2026-06-07 10:40:57] INFO: [Thread] Markedet blev opdateret
[2026-06-07 10:40:57] INFO: [MarketTickHandler] Updating stock market
[2026-06-07 10:40:57] INFO: [GameStateService] Stock: AAPL | Price: 220,54 | State: Steady
[2026-06-07 10:40:57] INFO: [StockMarket] StockListenerService modtog update for: AAPL
[2026-06-07 10:40:57] INFO: [StockListenerService] Transaction started
[2026-06-07 10:40:57] INFO: [FileUnitOfWork] Stock blev skrevet til fil data\stocks.psv
[2026-06-07 10:40:57] INFO: [FileUnitOfWork] StockPriceHistories blev skrevet til fil data\stock_price_history.psv
[2026-06-07 10:40:57] INFO: [StockMarket] Stock AAPL blev opdateret og pricehistory blev gemt
[2026-06-07 10:40:57] INFO: [OwnedStockFileDAO] Ownedstocks blev indlæst fra fil
[2026-06-07 10:40:57] INFO: [GameStateService] Stock: TSLA | Price: 98,43 | State: Rising
[2026-06-07 10:40:57] INFO: [StockMarket] StockListenerService modtog update for: TSLA
[2026-06-07 10:40:57] INFO: [StockListenerService] Transaction started
[2026-06-07 10:40:57] INFO: [FileUnitOfWork] Stock blev skrevet til fil data\stocks.psv
[2026-06-07 10:40:57] INFO: [FileUnitOfWork] StockPriceHistories blev skrevet til fil data\stock_price_history.psv
[2026-06-07 10:40:57] INFO: [StockMarket] Stock TSLA blev opdateret og pricehistory blev gemt
[2026-06-07 10:40:57] INFO: [OwnedStockFileDAO] Ownedstocks blev indlæst fra fil
[2026-06-07 10:40:57] INFO: [GameStateService] Stock: NVDA | Price: 120,97 | State: Steady
[2026-06-07 10:40:57] INFO: [StockMarket] StockListenerService modtog update for: NVDA
[2026-06-07 10:40:57] INFO: [StockListenerService] Transaction started
[2026-06-07 10:40:57] INFO: [FileUnitOfWork] Stock blev skrevet til fil data\stocks.psv
[2026-06-07 10:40:57] INFO: [FileUnitOfWork] StockPriceHistories blev skrevet til fil data\stock_price_history.psv
[2026-06-07 10:40:57] INFO: [StockMarket] Stock NVDA blev opdateret og pricehistory blev gemt
[2026-06-07 10:40:57] INFO: [OwnedStockFileDAO] Ownedstocks blev indlæst fra fil
[2026-06-07 10:40:57] INFO: [DecliningState] LiveStock MSFT changed state from Declining to: Steady
[2026-06-07 10:40:57] INFO: [GameStateService] Stock: MSFT | Price: 474,71 | State: Steady
[2026-06-07 10:40:57] INFO: [StockMarket] StockListenerService modtog update for: MSFT
[2026-06-07 10:40:57] INFO: [StockListenerService] Transaction started
[2026-06-07 10:40:57] INFO: [FileUnitOfWork] Stock blev skrevet til fil data\stocks.psv
[2026-06-07 10:40:57] INFO: [FileUnitOfWork] StockPriceHistories blev skrevet til fil data\stock_price_history.psv
[2026-06-07 10:40:57] INFO: [StockMarket] Stock MSFT blev opdateret og pricehistory blev gemt
[2026-06-07 10:40:57] INFO: [OwnedStockFileDAO] Ownedstocks blev indlæst fra fil
[2026-06-07 10:40:57] INFO: [GameStateService] Stock: GOOGL | Price: 357,87 | State: Declining
[2026-06-07 10:40:57] INFO: [StockMarket] StockListenerService modtog update for: GOOGL
[2026-06-07 10:40:57] INFO: [StockListenerService] Transaction started
[2026-06-07 10:40:57] INFO: [FileUnitOfWork] Stock blev skrevet til fil data\stocks.psv
[2026-06-07 10:40:57] INFO: [FileUnitOfWork] StockPriceHistories blev skrevet til fil data\stock_price_history.psv
[2026-06-07 10:40:57] INFO: [StockMarket] Stock GOOGL blev opdateret og pricehistory blev gemt
[2026-06-07 10:40:57] INFO: [OwnedStockFileDAO] Ownedstocks blev indlæst fra fil
[2026-06-07 10:40:57] INFO: [GameStateService] Stock: AMZN | Price: 282,49 | State: Steady
[2026-06-07 10:40:57] INFO: [StockMarket] StockListenerService modtog update for: AMZN
[2026-06-07 10:40:57] INFO: [StockListenerService] Transaction started
[2026-06-07 10:40:57] INFO: [FileUnitOfWork] Stock blev skrevet til fil data\stocks.psv
[2026-06-07 10:40:57] INFO: [FileUnitOfWork] StockPriceHistories blev skrevet til fil data\stock_price_history.psv
[2026-06-07 10:40:57] INFO: [StockMarket] Stock AMZN blev opdateret og pricehistory blev gemt
[2026-06-07 10:40:57] INFO: [OwnedStockFileDAO] Ownedstocks blev indlæst fra fil
[2026-06-07 10:40:57] INFO: [GameStateService] Stock: META | Price: 426,44 | State: Steady
[2026-06-07 10:40:57] INFO: [StockMarket] StockListenerService modtog update for: META
[2026-06-07 10:40:57] INFO: [StockListenerService] Transaction started
[2026-06-07 10:40:57] INFO: [FileUnitOfWork] Stock blev skrevet til fil data\stocks.psv
[2026-06-07 10:40:57] INFO: [FileUnitOfWork] StockPriceHistories blev skrevet til fil data\stock_price_history.psv
[2026-06-07 10:40:57] INFO: [StockMarket] Stock META blev opdateret og pricehistory blev gemt
[2026-06-07 10:40:57] INFO: [OwnedStockFileDAO] Ownedstocks blev indlæst fra fil
[2026-06-07 10:40:57] INFO: [GameStateService] Stock: GM | Price: 256,33 | State: Declining
[2026-06-07 10:40:57] INFO: [StockMarket] StockListenerService modtog update for: GM
[2026-06-07 10:40:57] INFO: [StockListenerService] Transaction started
[2026-06-07 10:40:57] INFO: [FileUnitOfWork] Stock blev skrevet til fil data\stocks.psv
[2026-06-07 10:40:57] INFO: [FileUnitOfWork] StockPriceHistories blev skrevet til fil data\stock_price_history.psv
[2026-06-07 10:40:57] INFO: [StockMarket] Stock GM blev opdateret og pricehistory blev gemt
[2026-06-07 10:40:57] INFO: [OwnedStockFileDAO] Ownedstocks blev indlæst fra fil
[2026-06-07 10:40:59] INFO: [MarketTickHandler] Game started
[2026-06-07 10:40:59] INFO: [Thread] Markedet blev opdateret
[2026-06-07 10:40:59] INFO: [MarketTickHandler] Updating stock market
[2026-06-07 10:40:59] INFO: [SteadyState] LiveStock AAPL changed state from Steady to: Rising
[2026-06-07 10:40:59] INFO: [GameStateService] Stock: AAPL | Price: 221,21 | State: Rising
[2026-06-07 10:40:59] INFO: [StockMarket] StockListenerService modtog update for: AAPL
[2026-06-07 10:40:59] INFO: [StockListenerService] Transaction started
[2026-06-07 10:40:59] INFO: [FileUnitOfWork] Stock blev skrevet til fil data\stocks.psv
[2026-06-07 10:40:59] INFO: [FileUnitOfWork] StockPriceHistories blev skrevet til fil data\stock_price_history.psv
[2026-06-07 10:40:59] INFO: [StockMarket] Stock AAPL blev opdateret og pricehistory blev gemt
[2026-06-07 10:40:59] INFO: [OwnedStockFileDAO] Ownedstocks blev indlæst fra fil
[2026-06-07 10:40:59] INFO: [GameStateService] Stock: TSLA | Price: 98,46 | State: Rising
[2026-06-07 10:40:59] INFO: [StockMarket] StockListenerService modtog update for: TSLA
[2026-06-07 10:40:59] INFO: [StockListenerService] Transaction started
[2026-06-07 10:40:59] INFO: [FileUnitOfWork] Stock blev skrevet til fil data\stocks.psv
[2026-06-07 10:40:59] INFO: [FileUnitOfWork] StockPriceHistories blev skrevet til fil data\stock_price_history.psv
[2026-06-07 10:40:59] INFO: [StockMarket] Stock TSLA blev opdateret og pricehistory blev gemt
[2026-06-07 10:40:59] INFO: [OwnedStockFileDAO] Ownedstocks blev indlæst fra fil
[2026-06-07 10:40:59] INFO: [GameStateService] Stock: NVDA | Price: 121,24 | State: Steady
[2026-06-07 10:40:59] INFO: [StockMarket] StockListenerService modtog update for: NVDA
[2026-06-07 10:40:59] INFO: [StockListenerService] Transaction started
[2026-06-07 10:40:59] INFO: [FileUnitOfWork] Stock blev skrevet til fil data\stocks.psv
[2026-06-07 10:40:59] INFO: [FileUnitOfWork] StockPriceHistories blev skrevet til fil data\stock_price_history.psv
[2026-06-07 10:40:59] INFO: [StockMarket] Stock NVDA blev opdateret og pricehistory blev gemt
[2026-06-07 10:40:59] INFO: [OwnedStockFileDAO] Ownedstocks blev indlæst fra fil
[2026-06-07 10:40:59] INFO: [GameStateService] Stock: MSFT | Price: 475,30 | State: Steady
[2026-06-07 10:40:59] INFO: [StockMarket] StockListenerService modtog update for: MSFT
[2026-06-07 10:40:59] INFO: [StockListenerService] Transaction started
[2026-06-07 10:40:59] INFO: [FileUnitOfWork] Stock blev skrevet til fil data\stocks.psv
[2026-06-07 10:40:59] INFO: [FileUnitOfWork] StockPriceHistories blev skrevet til fil data\stock_price_history.psv
[2026-06-07 10:40:59] INFO: [StockMarket] Stock MSFT blev opdateret og pricehistory blev gemt
[2026-06-07 10:40:59] INFO: [OwnedStockFileDAO] Ownedstocks blev indlæst fra fil
[2026-06-07 10:40:59] INFO: [GameStateService] Stock: GOOGL | Price: 357,19 | State: Declining
[2026-06-07 10:40:59] INFO: [StockMarket] StockListenerService modtog update for: GOOGL
[2026-06-07 10:40:59] INFO: [StockListenerService] Transaction started
[2026-06-07 10:40:59] INFO: [FileUnitOfWork] Stock blev skrevet til fil data\stocks.psv
[2026-06-07 10:40:59] INFO: [FileUnitOfWork] StockPriceHistories blev skrevet til fil data\stock_price_history.psv
[2026-06-07 10:40:59] INFO: [StockMarket] Stock GOOGL blev opdateret og pricehistory blev gemt
[2026-06-07 10:40:59] INFO: [OwnedStockFileDAO] Ownedstocks blev indlæst fra fil
[2026-06-07 10:40:59] INFO: [GameStateService] Stock: AMZN | Price: 283,37 | State: Steady
[2026-06-07 10:40:59] INFO: [StockMarket] StockListenerService modtog update for: AMZN
[2026-06-07 10:40:59] INFO: [StockListenerService] Transaction started
[2026-06-07 10:40:59] INFO: [FileUnitOfWork] Stock blev skrevet til fil data\stocks.psv
[2026-06-07 10:40:59] INFO: [FileUnitOfWork] StockPriceHistories blev skrevet til fil data\stock_price_history.psv
[2026-06-07 10:40:59] INFO: [StockMarket] Stock AMZN blev opdateret og pricehistory blev gemt
[2026-06-07 10:40:59] INFO: [OwnedStockFileDAO] Ownedstocks blev indlæst fra fil
[2026-06-07 10:40:59] INFO: [GameStateService] Stock: META | Price: 426,67 | State: Steady
[2026-06-07 10:40:59] INFO: [StockMarket] StockListenerService modtog update for: META
[2026-06-07 10:40:59] INFO: [StockListenerService] Transaction started
[2026-06-07 10:40:59] INFO: [FileUnitOfWork] Stock blev skrevet til fil data\stocks.psv
[2026-06-07 10:40:59] INFO: [FileUnitOfWork] StockPriceHistories blev skrevet til fil data\stock_price_history.psv
[2026-06-07 10:40:59] INFO: [StockMarket] Stock META blev opdateret og pricehistory blev gemt
[2026-06-07 10:40:59] INFO: [OwnedStockFileDAO] Ownedstocks blev indlæst fra fil
[2026-06-07 10:40:59] INFO: [GameStateService] Stock: GM | Price: 257,96 | State: Declining
[2026-06-07 10:40:59] INFO: [StockMarket] StockListenerService modtog update for: GM
[2026-06-07 10:40:59] INFO: [StockListenerService] Transaction started
[2026-06-07 10:40:59] INFO: [FileUnitOfWork] Stock blev skrevet til fil data\stocks.psv
[2026-06-07 10:40:59] INFO: [FileUnitOfWork] StockPriceHistories blev skrevet til fil data\stock_price_history.psv
[2026-06-07 10:40:59] INFO: [StockMarket] Stock GM blev opdateret og pricehistory blev gemt
[2026-06-07 10:40:59] INFO: [OwnedStockFileDAO] Ownedstocks blev indlæst fra fil
[2026-06-07 10:40:59] INFO: [SellStocksViewModel] Fetching portfolio: e6f56e16-0f0a-40d4-a655-b91e689c4dd1
[2026-06-07 10:40:59] INFO: [SellStocksViewModel] Fetching portfolio: e6f56e16-0f0a-40d4-a655-b91e689c4dd1
[2026-06-07 10:41:00] INFO: [MarketTickHandler] Game started
[2026-06-07 10:41:00] INFO: [Thread] Markedet blev opdateret
[2026-06-07 10:41:00] INFO: [MarketTickHandler] Updating stock market
[2026-06-07 10:41:00] INFO: [GameStateService] Stock: AAPL | Price: 223,69 | State: Rising
[2026-06-07 10:41:00] INFO: [StockMarket] StockListenerService modtog update for: AAPL
[2026-06-07 10:41:00] INFO: [StockListenerService] Transaction started
[2026-06-07 10:41:00] INFO: [FileUnitOfWork] Stock blev skrevet til fil data\stocks.psv
[2026-06-07 10:41:00] INFO: [FileUnitOfWork] StockPriceHistories blev skrevet til fil data\stock_price_history.psv
[2026-06-07 10:41:00] INFO: [StockMarket] Stock AAPL blev opdateret og pricehistory blev gemt
[2026-06-07 10:41:00] INFO: [OwnedStockFileDAO] Ownedstocks blev indlæst fra fil
[2026-06-07 10:41:00] INFO: [GameStateService] Stock: TSLA | Price: 99,63 | State: Rising
[2026-06-07 10:41:00] INFO: [StockMarket] StockListenerService modtog update for: TSLA
[2026-06-07 10:41:00] INFO: [StockListenerService] Transaction started
[2026-06-07 10:41:00] INFO: [FileUnitOfWork] Stock blev skrevet til fil data\stocks.psv
[2026-06-07 10:41:00] INFO: [FileUnitOfWork] StockPriceHistories blev skrevet til fil data\stock_price_history.psv
[2026-06-07 10:41:00] INFO: [StockMarket] Stock TSLA blev opdateret og pricehistory blev gemt
[2026-06-07 10:41:00] INFO: [OwnedStockFileDAO] Ownedstocks blev indlæst fra fil
[2026-06-07 10:41:00] INFO: [GameStateService] Stock: NVDA | Price: 120,58 | State: Steady
[2026-06-07 10:41:00] INFO: [StockMarket] StockListenerService modtog update for: NVDA
[2026-06-07 10:41:00] INFO: [StockListenerService] Transaction started
[2026-06-07 10:41:00] INFO: [FileUnitOfWork] Stock blev skrevet til fil data\stocks.psv
[2026-06-07 10:41:00] INFO: [FileUnitOfWork] StockPriceHistories blev skrevet til fil data\stock_price_history.psv
[2026-06-07 10:41:00] INFO: [StockMarket] Stock NVDA blev opdateret og pricehistory blev gemt
[2026-06-07 10:41:00] INFO: [OwnedStockFileDAO] Ownedstocks blev indlæst fra fil
[2026-06-07 10:41:00] INFO: [GameStateService] Stock: MSFT | Price: 475,77 | State: Steady
[2026-06-07 10:41:00] INFO: [StockMarket] StockListenerService modtog update for: MSFT
[2026-06-07 10:41:00] INFO: [StockListenerService] Transaction started
[2026-06-07 10:41:00] INFO: [FileUnitOfWork] Stock blev skrevet til fil data\stocks.psv
[2026-06-07 10:41:00] INFO: [FileUnitOfWork] StockPriceHistories blev skrevet til fil data\stock_price_history.psv
[2026-06-07 10:41:00] INFO: [StockMarket] Stock MSFT blev opdateret og pricehistory blev gemt
[2026-06-07 10:41:00] INFO: [OwnedStockFileDAO] Ownedstocks blev indlæst fra fil
[2026-06-07 10:41:00] INFO: [DecliningState] LiveStock GOOGL changed state from Declining to: Steady
[2026-06-07 10:41:00] INFO: [GameStateService] Stock: GOOGL | Price: 353,11 | State: Steady
[2026-06-07 10:41:00] INFO: [StockMarket] StockListenerService modtog update for: GOOGL
[2026-06-07 10:41:00] INFO: [StockListenerService] Transaction started
[2026-06-07 10:41:00] INFO: [FileUnitOfWork] Stock blev skrevet til fil data\stocks.psv
[2026-06-07 10:41:00] INFO: [FileUnitOfWork] StockPriceHistories blev skrevet til fil data\stock_price_history.psv
[2026-06-07 10:41:00] INFO: [StockMarket] Stock GOOGL blev opdateret og pricehistory blev gemt
[2026-06-07 10:41:00] INFO: [OwnedStockFileDAO] Ownedstocks blev indlæst fra fil
[2026-06-07 10:41:00] INFO: [GameStateService] Stock: AMZN | Price: 283,68 | State: Steady
[2026-06-07 10:41:00] INFO: [StockMarket] StockListenerService modtog update for: AMZN
[2026-06-07 10:41:00] INFO: [StockListenerService] Transaction started
[2026-06-07 10:41:00] INFO: [FileUnitOfWork] Stock blev skrevet til fil data\stocks.psv
[2026-06-07 10:41:00] INFO: [FileUnitOfWork] StockPriceHistories blev skrevet til fil data\stock_price_history.psv
[2026-06-07 10:41:00] INFO: [StockMarket] Stock AMZN blev opdateret og pricehistory blev gemt
[2026-06-07 10:41:00] INFO: [OwnedStockFileDAO] Ownedstocks blev indlæst fra fil
[2026-06-07 10:41:00] INFO: [SteadyState] LiveStock META changed state from Steady to: Declining
[2026-06-07 10:41:00] INFO: [GameStateService] Stock: META | Price: 426,89 | State: Declining
[2026-06-07 10:41:00] INFO: [StockMarket] StockListenerService modtog update for: META
[2026-06-07 10:41:00] INFO: [StockListenerService] Transaction started
[2026-06-07 10:41:00] INFO: [FileUnitOfWork] Stock blev skrevet til fil data\stocks.psv
[2026-06-07 10:41:00] INFO: [FileUnitOfWork] StockPriceHistories blev skrevet til fil data\stock_price_history.psv
[2026-06-07 10:41:00] INFO: [StockMarket] Stock META blev opdateret og pricehistory blev gemt
[2026-06-07 10:41:00] INFO: [OwnedStockFileDAO] Ownedstocks blev indlæst fra fil
[2026-06-07 10:41:00] INFO: [GameStateService] Stock: GM | Price: 258,45 | State: Declining
[2026-06-07 10:41:00] INFO: [StockMarket] StockListenerService modtog update for: GM
[2026-06-07 10:41:00] INFO: [StockListenerService] Transaction started
[2026-06-07 10:41:00] INFO: [FileUnitOfWork] Stock blev skrevet til fil data\stocks.psv
[2026-06-07 10:41:00] INFO: [FileUnitOfWork] StockPriceHistories blev skrevet til fil data\stock_price_history.psv
[2026-06-07 10:41:00] INFO: [StockMarket] Stock GM blev opdateret og pricehistory blev gemt
[2026-06-07 10:41:00] INFO: [OwnedStockFileDAO] Ownedstocks blev indlæst fra fil
[2026-06-07 10:41:01] INFO: [MarketTickHandler] Game started
[2026-06-07 10:41:01] INFO: [Thread] Markedet blev opdateret
[2026-06-07 10:41:01] INFO: [MarketTickHandler] Updating stock market
[2026-06-07 10:41:01] INFO: [GameStateService] Stock: AAPL | Price: 228,03 | State: Rising
[2026-06-07 10:41:01] INFO: [StockMarket] StockListenerService modtog update for: AAPL
[2026-06-07 10:41:01] INFO: [StockListenerService] Transaction started
[2026-06-07 10:41:01] INFO: [FileUnitOfWork] Stock blev skrevet til fil data\stocks.psv
[2026-06-07 10:41:01] INFO: [FileUnitOfWork] StockPriceHistories blev skrevet til fil data\stock_price_history.psv
[2026-06-07 10:41:01] INFO: [StockMarket] Stock AAPL blev opdateret og pricehistory blev gemt
[2026-06-07 10:41:01] INFO: [OwnedStockFileDAO] Ownedstocks blev indlæst fra fil
[2026-06-07 10:41:01] INFO: [GameStateService] Stock: TSLA | Price: 103,79 | State: Rising
[2026-06-07 10:41:01] INFO: [StockMarket] StockListenerService modtog update for: TSLA
[2026-06-07 10:41:01] INFO: [StockListenerService] Transaction started
[2026-06-07 10:41:01] INFO: [FileUnitOfWork] Stock blev skrevet til fil data\stocks.psv
[2026-06-07 10:41:01] INFO: [FileUnitOfWork] StockPriceHistories blev skrevet til fil data\stock_price_history.psv
[2026-06-07 10:41:01] INFO: [StockMarket] Stock TSLA blev opdateret og pricehistory blev gemt
[2026-06-07 10:41:01] INFO: [OwnedStockFileDAO] Ownedstocks blev indlæst fra fil
[2026-06-07 10:41:01] INFO: [GameStateService] Stock: NVDA | Price: 120,22 | State: Steady
[2026-06-07 10:41:01] INFO: [StockMarket] StockListenerService modtog update for: NVDA
[2026-06-07 10:41:01] INFO: [StockListenerService] Transaction started
[2026-06-07 10:41:01] INFO: [FileUnitOfWork] Stock blev skrevet til fil data\stocks.psv
[2026-06-07 10:41:01] INFO: [FileUnitOfWork] StockPriceHistories blev skrevet til fil data\stock_price_history.psv
[2026-06-07 10:41:01] INFO: [StockMarket] Stock NVDA blev opdateret og pricehistory blev gemt
[2026-06-07 10:41:01] INFO: [OwnedStockFileDAO] Ownedstocks blev indlæst fra fil
[2026-06-07 10:41:01] INFO: [GameStateService] Stock: MSFT | Price: 475,70 | State: Steady
[2026-06-07 10:41:01] INFO: [StockMarket] StockListenerService modtog update for: MSFT
[2026-06-07 10:41:01] INFO: [StockListenerService] Transaction started
[2026-06-07 10:41:01] INFO: [FileUnitOfWork] Stock blev skrevet til fil data\stocks.psv
[2026-06-07 10:41:01] INFO: [FileUnitOfWork] StockPriceHistories blev skrevet til fil data\stock_price_history.psv
[2026-06-07 10:41:01] INFO: [StockMarket] Stock MSFT blev opdateret og pricehistory blev gemt
[2026-06-07 10:41:01] INFO: [OwnedStockFileDAO] Ownedstocks blev indlæst fra fil
[2026-06-07 10:41:01] INFO: [GameStateService] Stock: GOOGL | Price: 353,98 | State: Steady
[2026-06-07 10:41:01] INFO: [StockMarket] StockListenerService modtog update for: GOOGL
[2026-06-07 10:41:01] INFO: [StockListenerService] Transaction started
[2026-06-07 10:41:01] INFO: [FileUnitOfWork] Stock blev skrevet til fil data\stocks.psv
[2026-06-07 10:41:01] INFO: [FileUnitOfWork] StockPriceHistories blev skrevet til fil data\stock_price_history.psv
[2026-06-07 10:41:01] INFO: [StockMarket] Stock GOOGL blev opdateret og pricehistory blev gemt
[2026-06-07 10:41:01] INFO: [OwnedStockFileDAO] Ownedstocks blev indlæst fra fil
[2026-06-07 10:41:01] INFO: [GameStateService] Stock: AMZN | Price: 284,44 | State: Steady
[2026-06-07 10:41:01] INFO: [StockMarket] StockListenerService modtog update for: AMZN
[2026-06-07 10:41:01] INFO: [StockListenerService] Transaction started
[2026-06-07 10:41:01] INFO: [FileUnitOfWork] Stock blev skrevet til fil data\stocks.psv
[2026-06-07 10:41:01] INFO: [FileUnitOfWork] StockPriceHistories blev skrevet til fil data\stock_price_history.psv
[2026-06-07 10:41:01] INFO: [StockMarket] Stock AMZN blev opdateret og pricehistory blev gemt
[2026-06-07 10:41:01] INFO: [OwnedStockFileDAO] Ownedstocks blev indlæst fra fil
[2026-06-07 10:41:01] INFO: [GameStateService] Stock: META | Price: 428,31 | State: Declining
[2026-06-07 10:41:01] INFO: [StockMarket] StockListenerService modtog update for: META
[2026-06-07 10:41:01] INFO: [StockListenerService] Transaction started
[2026-06-07 10:41:01] INFO: [FileUnitOfWork] Stock blev skrevet til fil data\stocks.psv
[2026-06-07 10:41:01] INFO: [FileUnitOfWork] StockPriceHistories blev skrevet til fil data\stock_price_history.psv
[2026-06-07 10:41:01] INFO: [StockMarket] Stock META blev opdateret og pricehistory blev gemt
[2026-06-07 10:41:01] INFO: [OwnedStockFileDAO] Ownedstocks blev indlæst fra fil
[2026-06-07 10:41:01] INFO: [GameStateService] Stock: GM | Price: 255,08 | State: Declining
[2026-06-07 10:41:01] INFO: [StockMarket] StockListenerService modtog update for: GM
[2026-06-07 10:41:01] INFO: [StockListenerService] Transaction started
[2026-06-07 10:41:01] INFO: [FileUnitOfWork] Stock blev skrevet til fil data\stocks.psv
[2026-06-07 10:41:01] INFO: [FileUnitOfWork] StockPriceHistories blev skrevet til fil data\stock_price_history.psv
[2026-06-07 10:41:01] INFO: [StockMarket] Stock GM blev opdateret og pricehistory blev gemt
[2026-06-07 10:41:01] INFO: [OwnedStockFileDAO] Ownedstocks blev indlæst fra fil
[2026-06-07 10:41:02] INFO: [SellStocksViewModel] Fetching AvailableStocks
[2026-06-07 10:41:03] INFO: [MarketTickHandler] Game started
[2026-06-07 10:41:03] INFO: [Thread] Markedet blev opdateret
[2026-06-07 10:41:03] INFO: [MarketTickHandler] Updating stock market
[2026-06-07 10:41:03] INFO: [RisingState] LiveStock AAPL changed state from Rising to: Steady
[2026-06-07 10:41:03] INFO: [GameStateService] Stock: AAPL | Price: 230,52 | State: Steady
[2026-06-07 10:41:03] INFO: [StockMarket] StockListenerService modtog update for: AAPL
[2026-06-07 10:41:03] INFO: [StockListenerService] Transaction started
[2026-06-07 10:41:03] INFO: [FileUnitOfWork] Stock blev skrevet til fil data\stocks.psv
[2026-06-07 10:41:03] INFO: [FileUnitOfWork] StockPriceHistories blev skrevet til fil data\stock_price_history.psv
[2026-06-07 10:41:03] INFO: [StockMarket] Stock AAPL blev opdateret og pricehistory blev gemt
[2026-06-07 10:41:03] INFO: [OwnedStockFileDAO] Ownedstocks blev indlæst fra fil
[2026-06-07 10:41:03] INFO: [RisingState] LiveStock TSLA changed state from Rising to: Steady
[2026-06-07 10:41:03] INFO: [GameStateService] Stock: TSLA | Price: 106,76 | State: Steady
[2026-06-07 10:41:03] INFO: [StockMarket] StockListenerService modtog update for: TSLA
[2026-06-07 10:41:03] INFO: [StockListenerService] Transaction started
[2026-06-07 10:41:03] INFO: [FileUnitOfWork] Stock blev skrevet til fil data\stocks.psv
[2026-06-07 10:41:03] INFO: [FileUnitOfWork] StockPriceHistories blev skrevet til fil data\stock_price_history.psv
[2026-06-07 10:41:03] INFO: [StockMarket] Stock TSLA blev opdateret og pricehistory blev gemt
[2026-06-07 10:41:03] INFO: [OwnedStockFileDAO] Ownedstocks blev indlæst fra fil
[2026-06-07 10:41:03] INFO: [GameStateService] Stock: NVDA | Price: 120,27 | State: Steady
[2026-06-07 10:41:03] INFO: [StockMarket] StockListenerService modtog update for: NVDA
[2026-06-07 10:41:03] INFO: [StockListenerService] Transaction started
[2026-06-07 10:41:03] INFO: [FileUnitOfWork] Stock blev skrevet til fil data\stocks.psv
[2026-06-07 10:41:03] INFO: [FileUnitOfWork] StockPriceHistories blev skrevet til fil data\stock_price_history.psv
[2026-06-07 10:41:03] INFO: [StockMarket] Stock NVDA blev opdateret og pricehistory blev gemt
[2026-06-07 10:41:03] INFO: [OwnedStockFileDAO] Ownedstocks blev indlæst fra fil
[2026-06-07 10:41:03] INFO: [SteadyState] LiveStock MSFT changed state from Steady to: Declining
[2026-06-07 10:41:03] INFO: [GameStateService] Stock: MSFT | Price: 476,58 | State: Declining
[2026-06-07 10:41:03] INFO: [StockMarket] StockListenerService modtog update for: MSFT
[2026-06-07 10:41:03] INFO: [StockListenerService] Transaction started
[2026-06-07 10:41:03] INFO: [FileUnitOfWork] Stock blev skrevet til fil data\stocks.psv
[2026-06-07 10:41:03] INFO: [FileUnitOfWork] StockPriceHistories blev skrevet til fil data\stock_price_history.psv
[2026-06-07 10:41:03] INFO: [StockMarket] Stock MSFT blev opdateret og pricehistory blev gemt
[2026-06-07 10:41:03] INFO: [OwnedStockFileDAO] Ownedstocks blev indlæst fra fil
[2026-06-07 10:41:03] INFO: [GameStateService] Stock: GOOGL | Price: 353,04 | State: Steady
[2026-06-07 10:41:03] INFO: [StockMarket] StockListenerService modtog update for: GOOGL
[2026-06-07 10:41:03] INFO: [StockListenerService] Transaction started
[2026-06-07 10:41:03] INFO: [FileUnitOfWork] Stock blev skrevet til fil data\stocks.psv
[2026-06-07 10:41:03] INFO: [FileUnitOfWork] StockPriceHistories blev skrevet til fil data\stock_price_history.psv
[2026-06-07 10:41:03] INFO: [StockMarket] Stock GOOGL blev opdateret og pricehistory blev gemt
[2026-06-07 10:41:03] INFO: [OwnedStockFileDAO] Ownedstocks blev indlæst fra fil
[2026-06-07 10:41:03] INFO: [GameStateService] Stock: AMZN | Price: 285,34 | State: Steady
[2026-06-07 10:41:03] INFO: [StockMarket] StockListenerService modtog update for: AMZN
[2026-06-07 10:41:03] INFO: [StockListenerService] Transaction started
[2026-06-07 10:41:03] INFO: [FileUnitOfWork] Stock blev skrevet til fil data\stocks.psv
[2026-06-07 10:41:03] INFO: [FileUnitOfWork] StockPriceHistories blev skrevet til fil data\stock_price_history.psv
[2026-06-07 10:41:03] INFO: [StockMarket] Stock AMZN blev opdateret og pricehistory blev gemt
[2026-06-07 10:41:03] INFO: [OwnedStockFileDAO] Ownedstocks blev indlæst fra fil
[2026-06-07 10:41:03] INFO: [GameStateService] Stock: META | Price: 423,80 | State: Declining
[2026-06-07 10:41:03] INFO: [StockMarket] StockListenerService modtog update for: META
[2026-06-07 10:41:03] INFO: [StockListenerService] Transaction started
[2026-06-07 10:41:03] INFO: [FileUnitOfWork] Stock blev skrevet til fil data\stocks.psv
[2026-06-07 10:41:03] INFO: [FileUnitOfWork] StockPriceHistories blev skrevet til fil data\stock_price_history.psv
[2026-06-07 10:41:03] INFO: [StockMarket] Stock META blev opdateret og pricehistory blev gemt
[2026-06-07 10:41:03] INFO: [OwnedStockFileDAO] Ownedstocks blev indlæst fra fil
[2026-06-07 10:41:03] INFO: [GameStateService] Stock: GM | Price: 251,03 | State: Declining
[2026-06-07 10:41:03] INFO: [StockMarket] StockListenerService modtog update for: GM
[2026-06-07 10:41:03] INFO: [StockListenerService] Transaction started
[2026-06-07 10:41:03] INFO: [FileUnitOfWork] Stock blev skrevet til fil data\stocks.psv
[2026-06-07 10:41:03] INFO: [FileUnitOfWork] StockPriceHistories blev skrevet til fil data\stock_price_history.psv
[2026-06-07 10:41:03] INFO: [StockMarket] Stock GM blev opdateret og pricehistory blev gemt
[2026-06-07 10:41:03] INFO: [OwnedStockFileDAO] Ownedstocks blev indlæst fra fil
[2026-06-07 10:41:03] INFO: [MarketTickHandler] Game started
[2026-06-07 10:41:03] INFO: [Thread] Markedet blev opdateret
[2026-06-07 10:41:03] INFO: [MarketTickHandler] Updating stock market
[2026-06-07 10:41:03] INFO: [GameStateService] Stock: AAPL | Price: 231,46 | State: Steady
[2026-06-07 10:41:03] INFO: [StockMarket] StockListenerService modtog update for: AAPL
[2026-06-07 10:41:03] INFO: [StockListenerService] Transaction started
[2026-06-07 10:41:03] INFO: [FileUnitOfWork] Stock blev skrevet til fil data\stocks.psv
[2026-06-07 10:41:03] INFO: [FileUnitOfWork] StockPriceHistories blev skrevet til fil data\stock_price_history.psv
[2026-06-07 10:41:03] INFO: [StockMarket] Stock AAPL blev opdateret og pricehistory blev gemt
[2026-06-07 10:41:03] INFO: [OwnedStockFileDAO] Ownedstocks blev indlæst fra fil
[2026-06-07 10:41:03] INFO: [GameStateService] Stock: TSLA | Price: 106,18 | State: Steady
[2026-06-07 10:41:03] INFO: [StockMarket] StockListenerService modtog update for: TSLA
[2026-06-07 10:41:03] INFO: [StockListenerService] Transaction started
[2026-06-07 10:41:03] INFO: [FileUnitOfWork] Stock blev skrevet til fil data\stocks.psv
[2026-06-07 10:41:03] INFO: [FileUnitOfWork] StockPriceHistories blev skrevet til fil data\stock_price_history.psv
[2026-06-07 10:41:03] INFO: [StockMarket] Stock TSLA blev opdateret og pricehistory blev gemt
[2026-06-07 10:41:03] INFO: [OwnedStockFileDAO] Ownedstocks blev indlæst fra fil
[2026-06-07 10:41:03] INFO: [GameStateService] Stock: NVDA | Price: 120,11 | State: Steady
[2026-06-07 10:41:03] INFO: [StockMarket] StockListenerService modtog update for: NVDA
[2026-06-07 10:41:03] INFO: [StockListenerService] Transaction started
[2026-06-07 10:41:03] INFO: [FileUnitOfWork] Stock blev skrevet til fil data\stocks.psv
[2026-06-07 10:41:03] INFO: [FileUnitOfWork] StockPriceHistories blev skrevet til fil data\stock_price_history.psv
[2026-06-07 10:41:03] INFO: [StockMarket] Stock NVDA blev opdateret og pricehistory blev gemt
[2026-06-07 10:41:03] INFO: [OwnedStockFileDAO] Ownedstocks blev indlæst fra fil
[2026-06-07 10:41:03] INFO: [DecliningState] LiveStock MSFT changed state from Declining to: Steady
[2026-06-07 10:41:03] INFO: [GameStateService] Stock: MSFT | Price: 473,31 | State: Steady
[2026-06-07 10:41:03] INFO: [StockMarket] StockListenerService modtog update for: MSFT
[2026-06-07 10:41:03] INFO: [StockListenerService] Transaction started
[2026-06-07 10:41:03] INFO: [FileUnitOfWork] Stock blev skrevet til fil data\stocks.psv
[2026-06-07 10:41:03] INFO: [FileUnitOfWork] StockPriceHistories blev skrevet til fil data\stock_price_history.psv
[2026-06-07 10:41:03] INFO: [StockMarket] Stock MSFT blev opdateret og pricehistory blev gemt
[2026-06-07 10:41:03] INFO: [OwnedStockFileDAO] Ownedstocks blev indlæst fra fil
[2026-06-07 10:41:03] INFO: [SteadyState] LiveStock GOOGL changed state from Steady to: Declining
[2026-06-07 10:41:03] INFO: [GameStateService] Stock: GOOGL | Price: 352,19 | State: Declining
[2026-06-07 10:41:03] INFO: [StockMarket] StockListenerService modtog update for: GOOGL
[2026-06-07 10:41:03] INFO: [StockListenerService] Transaction started
[2026-06-07 10:41:03] INFO: [FileUnitOfWork] Stock blev skrevet til fil data\stocks.psv
[2026-06-07 10:41:03] INFO: [FileUnitOfWork] StockPriceHistories blev skrevet til fil data\stock_price_history.psv
[2026-06-07 10:41:03] INFO: [StockMarket] Stock GOOGL blev opdateret og pricehistory blev gemt
[2026-06-07 10:41:03] INFO: [OwnedStockFileDAO] Ownedstocks blev indlæst fra fil
[2026-06-07 10:41:03] INFO: [GameStateService] Stock: AMZN | Price: 285,72 | State: Steady
[2026-06-07 10:41:03] INFO: [StockMarket] StockListenerService modtog update for: AMZN
[2026-06-07 10:41:03] INFO: [StockListenerService] Transaction started
[2026-06-07 10:41:03] INFO: [FileUnitOfWork] Stock blev skrevet til fil data\stocks.psv
[2026-06-07 10:41:03] INFO: [FileUnitOfWork] StockPriceHistories blev skrevet til fil data\stock_price_history.psv
[2026-06-07 10:41:03] INFO: [StockMarket] Stock AMZN blev opdateret og pricehistory blev gemt
[2026-06-07 10:41:03] INFO: [OwnedStockFileDAO] Ownedstocks blev indlæst fra fil
[2026-06-07 10:41:03] INFO: [GameStateService] Stock: META | Price: 422,27 | State: Declining
[2026-06-07 10:41:03] INFO: [StockMarket] StockListenerService modtog update for: META
[2026-06-07 10:41:03] INFO: [StockListenerService] Transaction started
[2026-06-07 10:41:03] INFO: [FileUnitOfWork] Stock blev skrevet til fil data\stocks.psv
[2026-06-07 10:41:03] INFO: [FileUnitOfWork] StockPriceHistories blev skrevet til fil data\stock_price_history.psv
[2026-06-07 10:41:03] INFO: [StockMarket] Stock META blev opdateret og pricehistory blev gemt
[2026-06-07 10:41:03] INFO: [OwnedStockFileDAO] Ownedstocks blev indlæst fra fil
[2026-06-07 10:41:03] INFO: [GameStateService] Stock: GM | Price: 252,51 | State: Declining
[2026-06-07 10:41:03] INFO: [StockMarket] StockListenerService modtog update for: GM
[2026-06-07 10:41:03] INFO: [StockListenerService] Transaction started
[2026-06-07 10:41:03] INFO: [FileUnitOfWork] Stock blev skrevet til fil data\stocks.psv
[2026-06-07 10:41:03] INFO: [FileUnitOfWork] StockPriceHistories blev skrevet til fil data\stock_price_history.psv
[2026-06-07 10:41:03] INFO: [StockMarket] Stock GM blev opdateret og pricehistory blev gemt
[2026-06-07 10:41:03] INFO: [OwnedStockFileDAO] Ownedstocks blev indlæst fra fil
[2026-06-07 10:41:04] INFO: [MarketTickHandler] Game started
[2026-06-07 10:41:04] INFO: [Thread] Markedet blev opdateret
[2026-06-07 10:41:04] INFO: [MarketTickHandler] Updating stock market
[2026-06-07 10:41:04] INFO: [GameStateService] Stock: AAPL | Price: 231,41 | State: Steady
[2026-06-07 10:41:04] INFO: [StockMarket] StockListenerService modtog update for: AAPL
[2026-06-07 10:41:04] INFO: [StockListenerService] Transaction started
[2026-06-07 10:41:04] INFO: [FileUnitOfWork] Stock blev skrevet til fil data\stocks.psv
[2026-06-07 10:41:04] INFO: [FileUnitOfWork] StockPriceHistories blev skrevet til fil data\stock_price_history.psv
[2026-06-07 10:41:04] INFO: [StockMarket] Stock AAPL blev opdateret og pricehistory blev gemt
[2026-06-07 10:41:04] INFO: [OwnedStockFileDAO] Ownedstocks blev indlæst fra fil
[2026-06-07 10:41:04] INFO: [GameStateService] Stock: TSLA | Price: 105,76 | State: Steady
[2026-06-07 10:41:04] INFO: [StockMarket] StockListenerService modtog update for: TSLA
[2026-06-07 10:41:04] INFO: [StockListenerService] Transaction started
[2026-06-07 10:41:04] INFO: [FileUnitOfWork] Stock blev skrevet til fil data\stocks.psv
[2026-06-07 10:41:04] INFO: [FileUnitOfWork] StockPriceHistories blev skrevet til fil data\stock_price_history.psv
[2026-06-07 10:41:04] INFO: [StockMarket] Stock TSLA blev opdateret og pricehistory blev gemt
[2026-06-07 10:41:04] INFO: [OwnedStockFileDAO] Ownedstocks blev indlæst fra fil
[2026-06-07 10:41:04] INFO: [GameStateService] Stock: NVDA | Price: 119,97 | State: Steady
[2026-06-07 10:41:04] INFO: [StockMarket] StockListenerService modtog update for: NVDA
[2026-06-07 10:41:04] INFO: [StockListenerService] Transaction started
[2026-06-07 10:41:04] INFO: [FileUnitOfWork] Stock blev skrevet til fil data\stocks.psv
[2026-06-07 10:41:04] INFO: [FileUnitOfWork] StockPriceHistories blev skrevet til fil data\stock_price_history.psv
[2026-06-07 10:41:04] INFO: [StockMarket] Stock NVDA blev opdateret og pricehistory blev gemt
[2026-06-07 10:41:04] INFO: [OwnedStockFileDAO] Ownedstocks blev indlæst fra fil
[2026-06-07 10:41:04] INFO: [GameStateService] Stock: MSFT | Price: 473,27 | State: Steady
[2026-06-07 10:41:04] INFO: [StockMarket] StockListenerService modtog update for: MSFT
[2026-06-07 10:41:04] INFO: [StockListenerService] Transaction started
[2026-06-07 10:41:04] INFO: [FileUnitOfWork] Stock blev skrevet til fil data\stocks.psv
[2026-06-07 10:41:04] INFO: [FileUnitOfWork] StockPriceHistories blev skrevet til fil data\stock_price_history.psv
[2026-06-07 10:41:04] INFO: [StockMarket] Stock MSFT blev opdateret og pricehistory blev gemt
[2026-06-07 10:41:04] INFO: [OwnedStockFileDAO] Ownedstocks blev indlæst fra fil
[2026-06-07 10:41:04] INFO: [GameStateService] Stock: GOOGL | Price: 353,75 | State: Declining
[2026-06-07 10:41:04] INFO: [StockMarket] StockListenerService modtog update for: GOOGL
[2026-06-07 10:41:04] INFO: [StockListenerService] Transaction started
[2026-06-07 10:41:04] INFO: [FileUnitOfWork] Stock blev skrevet til fil data\stocks.psv
[2026-06-07 10:41:04] INFO: [FileUnitOfWork] StockPriceHistories blev skrevet til fil data\stock_price_history.psv
[2026-06-07 10:41:04] INFO: [StockMarket] Stock GOOGL blev opdateret og pricehistory blev gemt
[2026-06-07 10:41:04] INFO: [OwnedStockFileDAO] Ownedstocks blev indlæst fra fil
[2026-06-07 10:41:04] INFO: [GameStateService] Stock: AMZN | Price: 286,02 | State: Steady
[2026-06-07 10:41:04] INFO: [StockMarket] StockListenerService modtog update for: AMZN
[2026-06-07 10:41:04] INFO: [StockListenerService] Transaction started
[2026-06-07 10:41:04] INFO: [FileUnitOfWork] Stock blev skrevet til fil data\stocks.psv
[2026-06-07 10:41:04] INFO: [FileUnitOfWork] StockPriceHistories blev skrevet til fil data\stock_price_history.psv
[2026-06-07 10:41:04] INFO: [StockMarket] Stock AMZN blev opdateret og pricehistory blev gemt
[2026-06-07 10:41:04] INFO: [OwnedStockFileDAO] Ownedstocks blev indlæst fra fil
[2026-06-07 10:41:04] INFO: [DecliningState] LiveStock META changed state from Declining to: Rising
[2026-06-07 10:41:04] INFO: [GameStateService] Stock: META | Price: 420,82 | State: Rising
[2026-06-07 10:41:04] INFO: [StockMarket] StockListenerService modtog update for: META
[2026-06-07 10:41:04] INFO: [StockListenerService] Transaction started
[2026-06-07 10:41:04] INFO: [FileUnitOfWork] Stock blev skrevet til fil data\stocks.psv
[2026-06-07 10:41:04] INFO: [FileUnitOfWork] StockPriceHistories blev skrevet til fil data\stock_price_history.psv
[2026-06-07 10:41:04] INFO: [StockMarket] Stock META blev opdateret og pricehistory blev gemt
[2026-06-07 10:41:04] INFO: [OwnedStockFileDAO] Ownedstocks blev indlæst fra fil
[2026-06-07 10:41:04] INFO: [GameStateService] Stock: GM | Price: 250,32 | State: Declining
[2026-06-07 10:41:04] INFO: [StockMarket] StockListenerService modtog update for: GM
[2026-06-07 10:41:04] INFO: [StockListenerService] Transaction started
[2026-06-07 10:41:04] INFO: [FileUnitOfWork] Stock blev skrevet til fil data\stocks.psv
[2026-06-07 10:41:04] INFO: [FileUnitOfWork] StockPriceHistories blev skrevet til fil data\stock_price_history.psv
[2026-06-07 10:41:04] INFO: [StockMarket] Stock GM blev opdateret og pricehistory blev gemt
[2026-06-07 10:41:04] INFO: [OwnedStockFileDAO] Ownedstocks blev indlæst fra fil
[2026-06-07 10:41:05] INFO: [MarketTickHandler] Game started
[2026-06-07 10:41:05] INFO: [Thread] Markedet blev opdateret
[2026-06-07 10:41:05] INFO: [MarketTickHandler] Updating stock market
[2026-06-07 10:41:05] INFO: [GameStateService] Stock: AAPL | Price: 231,14 | State: Steady
[2026-06-07 10:41:05] INFO: [StockMarket] StockListenerService modtog update for: AAPL
[2026-06-07 10:41:05] INFO: [StockListenerService] Transaction started
[2026-06-07 10:41:05] INFO: [FileUnitOfWork] Stock blev skrevet til fil data\stocks.psv
[2026-06-07 10:41:05] INFO: [FileUnitOfWork] StockPriceHistories blev skrevet til fil data\stock_price_history.psv
[2026-06-07 10:41:05] INFO: [StockMarket] Stock AAPL blev opdateret og pricehistory blev gemt
[2026-06-07 10:41:05] INFO: [OwnedStockFileDAO] Ownedstocks blev indlæst fra fil
[2026-06-07 10:41:05] INFO: [GameStateService] Stock: TSLA | Price: 105,15 | State: Steady
[2026-06-07 10:41:05] INFO: [StockMarket] StockListenerService modtog update for: TSLA
[2026-06-07 10:41:05] INFO: [StockListenerService] Transaction started
[2026-06-07 10:41:05] INFO: [FileUnitOfWork] Stock blev skrevet til fil data\stocks.psv
[2026-06-07 10:41:05] INFO: [FileUnitOfWork] StockPriceHistories blev skrevet til fil data\stock_price_history.psv
[2026-06-07 10:41:05] INFO: [StockMarket] Stock TSLA blev opdateret og pricehistory blev gemt
[2026-06-07 10:41:05] INFO: [OwnedStockFileDAO] Ownedstocks blev indlæst fra fil
[2026-06-07 10:41:05] INFO: [GameStateService] Stock: NVDA | Price: 120,66 | State: Steady
[2026-06-07 10:41:05] INFO: [StockMarket] StockListenerService modtog update for: NVDA
[2026-06-07 10:41:05] INFO: [StockListenerService] Transaction started
[2026-06-07 10:41:05] INFO: [FileUnitOfWork] Stock blev skrevet til fil data\stocks.psv
[2026-06-07 10:41:05] INFO: [FileUnitOfWork] StockPriceHistories blev skrevet til fil data\stock_price_history.psv
[2026-06-07 10:41:05] INFO: [StockMarket] Stock NVDA blev opdateret og pricehistory blev gemt
[2026-06-07 10:41:05] INFO: [OwnedStockFileDAO] Ownedstocks blev indlæst fra fil
[2026-06-07 10:41:05] INFO: [GameStateService] Stock: MSFT | Price: 472,84 | State: Steady
[2026-06-07 10:41:05] INFO: [StockMarket] StockListenerService modtog update for: MSFT
[2026-06-07 10:41:05] INFO: [StockListenerService] Transaction started
[2026-06-07 10:41:05] INFO: [FileUnitOfWork] Stock blev skrevet til fil data\stocks.psv
[2026-06-07 10:41:05] INFO: [FileUnitOfWork] StockPriceHistories blev skrevet til fil data\stock_price_history.psv
[2026-06-07 10:41:05] INFO: [StockMarket] Stock MSFT blev opdateret og pricehistory blev gemt
[2026-06-07 10:41:05] INFO: [OwnedStockFileDAO] Ownedstocks blev indlæst fra fil
[2026-06-07 10:41:05] INFO: [GameStateService] Stock: GOOGL | Price: 349,75 | State: Declining
[2026-06-07 10:41:05] INFO: [StockMarket] StockListenerService modtog update for: GOOGL
[2026-06-07 10:41:05] INFO: [StockListenerService] Transaction started
[2026-06-07 10:41:05] INFO: [FileUnitOfWork] Stock blev skrevet til fil data\stocks.psv
[2026-06-07 10:41:05] INFO: [FileUnitOfWork] StockPriceHistories blev skrevet til fil data\stock_price_history.psv
[2026-06-07 10:41:05] INFO: [StockMarket] Stock GOOGL blev opdateret og pricehistory blev gemt
[2026-06-07 10:41:05] INFO: [OwnedStockFileDAO] Ownedstocks blev indlæst fra fil
[2026-06-07 10:41:05] INFO: [GameStateService] Stock: AMZN | Price: 286,59 | State: Steady
[2026-06-07 10:41:05] INFO: [StockMarket] StockListenerService modtog update for: AMZN
[2026-06-07 10:41:05] INFO: [StockListenerService] Transaction started
[2026-06-07 10:41:05] INFO: [FileUnitOfWork] Stock blev skrevet til fil data\stocks.psv
[2026-06-07 10:41:05] INFO: [FileUnitOfWork] StockPriceHistories blev skrevet til fil data\stock_price_history.psv
[2026-06-07 10:41:05] INFO: [StockMarket] Stock AMZN blev opdateret og pricehistory blev gemt
[2026-06-07 10:41:05] INFO: [OwnedStockFileDAO] Ownedstocks blev indlæst fra fil
[2026-06-07 10:41:05] INFO: [GameStateService] Stock: META | Price: 422,24 | State: Rising
[2026-06-07 10:41:05] INFO: [StockMarket] StockListenerService modtog update for: META
[2026-06-07 10:41:05] INFO: [StockListenerService] Transaction started
[2026-06-07 10:41:05] INFO: [FileUnitOfWork] Stock blev skrevet til fil data\stocks.psv
[2026-06-07 10:41:05] INFO: [FileUnitOfWork] StockPriceHistories blev skrevet til fil data\stock_price_history.psv
[2026-06-07 10:41:05] INFO: [StockMarket] Stock META blev opdateret og pricehistory blev gemt
[2026-06-07 10:41:05] INFO: [OwnedStockFileDAO] Ownedstocks blev indlæst fra fil
[2026-06-07 10:41:05] INFO: [GameStateService] Stock: GM | Price: 250,47 | State: Declining
[2026-06-07 10:41:05] INFO: [StockMarket] StockListenerService modtog update for: GM
[2026-06-07 10:41:05] INFO: [StockListenerService] Transaction started
[2026-06-07 10:41:05] INFO: [FileUnitOfWork] Stock blev skrevet til fil data\stocks.psv
[2026-06-07 10:41:05] INFO: [FileUnitOfWork] StockPriceHistories blev skrevet til fil data\stock_price_history.psv
[2026-06-07 10:41:05] INFO: [StockMarket] Stock GM blev opdateret og pricehistory blev gemt
[2026-06-07 10:41:05] INFO: [OwnedStockFileDAO] Ownedstocks blev indlæst fra fil
[2026-06-07 10:41:06] INFO: [MarketTickHandler] Game started
[2026-06-07 10:41:06] INFO: [Thread] Markedet blev opdateret
[2026-06-07 10:41:06] INFO: [MarketTickHandler] Updating stock market
[2026-06-07 10:41:06] INFO: [GameStateService] Stock: AAPL | Price: 231,60 | State: Steady
[2026-06-07 10:41:06] INFO: [StockMarket] StockListenerService modtog update for: AAPL
[2026-06-07 10:41:06] INFO: [StockListenerService] Transaction started
[2026-06-07 10:41:06] INFO: [FileUnitOfWork] Stock blev skrevet til fil data\stocks.psv
[2026-06-07 10:41:06] INFO: [FileUnitOfWork] StockPriceHistories blev skrevet til fil data\stock_price_history.psv
[2026-06-07 10:41:06] INFO: [StockMarket] Stock AAPL blev opdateret og pricehistory blev gemt
[2026-06-07 10:41:06] INFO: [OwnedStockFileDAO] Ownedstocks blev indlæst fra fil
[2026-06-07 10:41:06] INFO: [SteadyState] LiveStock TSLA changed state from Steady to: Rising
[2026-06-07 10:41:06] INFO: [GameStateService] Stock: TSLA | Price: 106,07 | State: Rising
[2026-06-07 10:41:06] INFO: [StockMarket] StockListenerService modtog update for: TSLA
[2026-06-07 10:41:06] INFO: [StockListenerService] Transaction started
[2026-06-07 10:41:06] INFO: [FileUnitOfWork] Stock blev skrevet til fil data\stocks.psv
[2026-06-07 10:41:06] INFO: [FileUnitOfWork] StockPriceHistories blev skrevet til fil data\stock_price_history.psv
[2026-06-07 10:41:06] INFO: [StockMarket] Stock TSLA blev opdateret og pricehistory blev gemt
[2026-06-07 10:41:06] INFO: [OwnedStockFileDAO] Ownedstocks blev indlæst fra fil
[2026-06-07 10:41:06] INFO: [GameStateService] Stock: NVDA | Price: 120,24 | State: Steady
[2026-06-07 10:41:06] INFO: [StockMarket] StockListenerService modtog update for: NVDA
[2026-06-07 10:41:06] INFO: [StockListenerService] Transaction started
[2026-06-07 10:41:06] INFO: [FileUnitOfWork] Stock blev skrevet til fil data\stocks.psv
[2026-06-07 10:41:06] INFO: [FileUnitOfWork] StockPriceHistories blev skrevet til fil data\stock_price_history.psv
[2026-06-07 10:41:06] INFO: [StockMarket] Stock NVDA blev opdateret og pricehistory blev gemt
[2026-06-07 10:41:06] INFO: [OwnedStockFileDAO] Ownedstocks blev indlæst fra fil
[2026-06-07 10:41:06] INFO: [GameStateService] Stock: MSFT | Price: 473,35 | State: Steady
[2026-06-07 10:41:06] INFO: [StockMarket] StockListenerService modtog update for: MSFT
[2026-06-07 10:41:06] INFO: [StockListenerService] Transaction started
[2026-06-07 10:41:06] INFO: [FileUnitOfWork] Stock blev skrevet til fil data\stocks.psv
[2026-06-07 10:41:06] INFO: [FileUnitOfWork] StockPriceHistories blev skrevet til fil data\stock_price_history.psv
[2026-06-07 10:41:06] INFO: [StockMarket] Stock MSFT blev opdateret og pricehistory blev gemt
[2026-06-07 10:41:06] INFO: [OwnedStockFileDAO] Ownedstocks blev indlæst fra fil
[2026-06-07 10:41:06] INFO: [GameStateService] Stock: GOOGL | Price: 349,24 | State: Declining
[2026-06-07 10:41:06] INFO: [StockMarket] StockListenerService modtog update for: GOOGL
[2026-06-07 10:41:06] INFO: [StockListenerService] Transaction started
[2026-06-07 10:41:06] INFO: [FileUnitOfWork] Stock blev skrevet til fil data\stocks.psv
[2026-06-07 10:41:06] INFO: [FileUnitOfWork] StockPriceHistories blev skrevet til fil data\stock_price_history.psv
[2026-06-07 10:41:06] INFO: [StockMarket] Stock GOOGL blev opdateret og pricehistory blev gemt
[2026-06-07 10:41:06] INFO: [OwnedStockFileDAO] Ownedstocks blev indlæst fra fil
[2026-06-07 10:41:06] INFO: [GameStateService] Stock: AMZN | Price: 285,85 | State: Steady
[2026-06-07 10:41:06] INFO: [StockMarket] StockListenerService modtog update for: AMZN
[2026-06-07 10:41:06] INFO: [StockListenerService] Transaction started
[2026-06-07 10:41:06] INFO: [FileUnitOfWork] Stock blev skrevet til fil data\stocks.psv
[2026-06-07 10:41:06] INFO: [FileUnitOfWork] StockPriceHistories blev skrevet til fil data\stock_price_history.psv
[2026-06-07 10:41:06] INFO: [StockMarket] Stock AMZN blev opdateret og pricehistory blev gemt
[2026-06-07 10:41:06] INFO: [OwnedStockFileDAO] Ownedstocks blev indlæst fra fil
[2026-06-07 10:41:06] INFO: [GameStateService] Stock: META | Price: 423,50 | State: Rising
[2026-06-07 10:41:06] INFO: [StockMarket] StockListenerService modtog update for: META
[2026-06-07 10:41:06] INFO: [StockListenerService] Transaction started
[2026-06-07 10:41:06] INFO: [FileUnitOfWork] Stock blev skrevet til fil data\stocks.psv
[2026-06-07 10:41:06] INFO: [FileUnitOfWork] StockPriceHistories blev skrevet til fil data\stock_price_history.psv
[2026-06-07 10:41:06] INFO: [StockMarket] Stock META blev opdateret og pricehistory blev gemt
[2026-06-07 10:41:06] INFO: [OwnedStockFileDAO] Ownedstocks blev indlæst fra fil
[2026-06-07 10:41:06] INFO: [GameStateService] Stock: GM | Price: 249,21 | State: Declining
[2026-06-07 10:41:06] INFO: [StockMarket] StockListenerService modtog update for: GM
[2026-06-07 10:41:06] INFO: [StockListenerService] Transaction started
[2026-06-07 10:41:06] INFO: [FileUnitOfWork] Stock blev skrevet til fil data\stocks.psv
[2026-06-07 10:41:06] INFO: [FileUnitOfWork] StockPriceHistories blev skrevet til fil data\stock_price_history.psv
[2026-06-07 10:41:06] INFO: [StockMarket] Stock GM blev opdateret og pricehistory blev gemt
[2026-06-07 10:41:06] INFO: [OwnedStockFileDAO] Ownedstocks blev indlæst fra fil
[2026-06-07 10:41:07] INFO: [MarketTickHandler] Game started
[2026-06-07 10:41:07] INFO: [Thread] Markedet blev opdateret
[2026-06-07 10:41:07] INFO: [MarketTickHandler] Updating stock market
[2026-06-07 10:41:07] INFO: [SteadyState] LiveStock AAPL changed state from Steady to: Rising
[2026-06-07 10:41:07] INFO: [GameStateService] Stock: AAPL | Price: 231,30 | State: Rising
[2026-06-07 10:41:07] INFO: [StockMarket] StockListenerService modtog update for: AAPL
[2026-06-07 10:41:07] INFO: [StockListenerService] Transaction started
[2026-06-07 10:41:07] INFO: [FileUnitOfWork] Stock blev skrevet til fil data\stocks.psv
[2026-06-07 10:41:07] INFO: [FileUnitOfWork] StockPriceHistories blev skrevet til fil data\stock_price_history.psv
[2026-06-07 10:41:07] INFO: [StockMarket] Stock AAPL blev opdateret og pricehistory blev gemt
[2026-06-07 10:41:07] INFO: [OwnedStockFileDAO] Ownedstocks blev indlæst fra fil
[2026-06-07 10:41:07] INFO: [RisingState] LiveStock TSLA changed state from Rising to: Declining
[2026-06-07 10:41:07] INFO: [GameStateService] Stock: TSLA | Price: 106,46 | State: Declining
[2026-06-07 10:41:07] INFO: [StockMarket] StockListenerService modtog update for: TSLA
[2026-06-07 10:41:07] INFO: [StockListenerService] Transaction started
[2026-06-07 10:41:07] INFO: [FileUnitOfWork] Stock blev skrevet til fil data\stocks.psv
[2026-06-07 10:41:07] INFO: [FileUnitOfWork] StockPriceHistories blev skrevet til fil data\stock_price_history.psv
[2026-06-07 10:41:07] INFO: [StockMarket] Stock TSLA blev opdateret og pricehistory blev gemt
[2026-06-07 10:41:07] INFO: [OwnedStockFileDAO] Ownedstocks blev indlæst fra fil
[2026-06-07 10:41:07] INFO: [GameStateService] Stock: NVDA | Price: 120,92 | State: Steady
[2026-06-07 10:41:07] INFO: [StockMarket] StockListenerService modtog update for: NVDA
[2026-06-07 10:41:07] INFO: [StockListenerService] Transaction started
[2026-06-07 10:41:07] INFO: [FileUnitOfWork] Stock blev skrevet til fil data\stocks.psv
[2026-06-07 10:41:07] INFO: [FileUnitOfWork] StockPriceHistories blev skrevet til fil data\stock_price_history.psv
[2026-06-07 10:41:07] INFO: [StockMarket] Stock NVDA blev opdateret og pricehistory blev gemt
[2026-06-07 10:41:07] INFO: [OwnedStockFileDAO] Ownedstocks blev indlæst fra fil
[2026-06-07 10:41:07] INFO: [GameStateService] Stock: MSFT | Price: 472,73 | State: Steady
[2026-06-07 10:41:07] INFO: [StockMarket] StockListenerService modtog update for: MSFT
[2026-06-07 10:41:07] INFO: [StockListenerService] Transaction started
[2026-06-07 10:41:07] INFO: [FileUnitOfWork] Stock blev skrevet til fil data\stocks.psv
[2026-06-07 10:41:07] INFO: [FileUnitOfWork] StockPriceHistories blev skrevet til fil data\stock_price_history.psv
[2026-06-07 10:41:07] INFO: [StockMarket] Stock MSFT blev opdateret og pricehistory blev gemt
[2026-06-07 10:41:07] INFO: [OwnedStockFileDAO] Ownedstocks blev indlæst fra fil
[2026-06-07 10:41:07] INFO: [GameStateService] Stock: GOOGL | Price: 348,10 | State: Declining
[2026-06-07 10:41:07] INFO: [StockMarket] StockListenerService modtog update for: GOOGL
[2026-06-07 10:41:07] INFO: [StockListenerService] Transaction started
[2026-06-07 10:41:07] INFO: [FileUnitOfWork] Stock blev skrevet til fil data\stocks.psv
[2026-06-07 10:41:07] INFO: [FileUnitOfWork] StockPriceHistories blev skrevet til fil data\stock_price_history.psv
[2026-06-07 10:41:07] INFO: [StockMarket] Stock GOOGL blev opdateret og pricehistory blev gemt
[2026-06-07 10:41:07] INFO: [OwnedStockFileDAO] Ownedstocks blev indlæst fra fil
[2026-06-07 10:41:07] INFO: [GameStateService] Stock: AMZN | Price: 284,89 | State: Steady
[2026-06-07 10:41:07] INFO: [StockMarket] StockListenerService modtog update for: AMZN
[2026-06-07 10:41:07] INFO: [StockListenerService] Transaction started
[2026-06-07 10:41:07] INFO: [FileUnitOfWork] Stock blev skrevet til fil data\stocks.psv
[2026-06-07 10:41:07] INFO: [FileUnitOfWork] StockPriceHistories blev skrevet til fil data\stock_price_history.psv
[2026-06-07 10:41:07] INFO: [StockMarket] Stock AMZN blev opdateret og pricehistory blev gemt
[2026-06-07 10:41:07] INFO: [OwnedStockFileDAO] Ownedstocks blev indlæst fra fil
[2026-06-07 10:41:07] INFO: [GameStateService] Stock: META | Price: 428,30 | State: Rising
[2026-06-07 10:41:07] INFO: [StockMarket] StockListenerService modtog update for: META
[2026-06-07 10:41:07] INFO: [StockListenerService] Transaction started
[2026-06-07 10:41:07] INFO: [FileUnitOfWork] Stock blev skrevet til fil data\stocks.psv
[2026-06-07 10:41:07] INFO: [FileUnitOfWork] StockPriceHistories blev skrevet til fil data\stock_price_history.psv
[2026-06-07 10:41:07] INFO: [StockMarket] Stock META blev opdateret og pricehistory blev gemt
[2026-06-07 10:41:07] INFO: [OwnedStockFileDAO] Ownedstocks blev indlæst fra fil
[2026-06-07 10:41:07] INFO: [DecliningState] LiveStock GM changed state from Declining to: Steady
[2026-06-07 10:41:07] INFO: [GameStateService] Stock: GM | Price: 249,05 | State: Steady
[2026-06-07 10:41:07] INFO: [StockMarket] StockListenerService modtog update for: GM
[2026-06-07 10:41:07] INFO: [StockListenerService] Transaction started
[2026-06-07 10:41:07] INFO: [FileUnitOfWork] Stock blev skrevet til fil data\stocks.psv
[2026-06-07 10:41:07] INFO: [FileUnitOfWork] StockPriceHistories blev skrevet til fil data\stock_price_history.psv
[2026-06-07 10:41:07] INFO: [StockMarket] Stock GM blev opdateret og pricehistory blev gemt
[2026-06-07 10:41:07] INFO: [OwnedStockFileDAO] Ownedstocks blev indlæst fra fil
[2026-06-07 10:41:08] INFO: [MarketTickHandler] Game started
[2026-06-07 10:41:08] INFO: [Thread] Markedet blev opdateret
[2026-06-07 10:41:08] INFO: [MarketTickHandler] Updating stock market
[2026-06-07 10:41:08] INFO: [GameStateService] Stock: AAPL | Price: 234,04 | State: Rising
[2026-06-07 10:41:08] INFO: [StockMarket] StockListenerService modtog update for: AAPL
[2026-06-07 10:41:08] INFO: [StockListenerService] Transaction started
[2026-06-07 10:41:08] INFO: [FileUnitOfWork] Stock blev skrevet til fil data\stocks.psv
[2026-06-07 10:41:08] INFO: [FileUnitOfWork] StockPriceHistories blev skrevet til fil data\stock_price_history.psv
[2026-06-07 10:41:08] INFO: [StockMarket] Stock AAPL blev opdateret og pricehistory blev gemt
[2026-06-07 10:41:08] INFO: [OwnedStockFileDAO] Ownedstocks blev indlæst fra fil
[2026-06-07 10:41:08] INFO: [GameStateService] Stock: TSLA | Price: 107,17 | State: Declining
[2026-06-07 10:41:08] INFO: [StockMarket] StockListenerService modtog update for: TSLA
[2026-06-07 10:41:08] INFO: [StockListenerService] Transaction started
[2026-06-07 10:41:08] INFO: [FileUnitOfWork] Stock blev skrevet til fil data\stocks.psv
[2026-06-07 10:41:08] INFO: [FileUnitOfWork] StockPriceHistories blev skrevet til fil data\stock_price_history.psv
[2026-06-07 10:41:08] INFO: [StockMarket] Stock TSLA blev opdateret og pricehistory blev gemt
[2026-06-07 10:41:08] INFO: [OwnedStockFileDAO] Ownedstocks blev indlæst fra fil
[2026-06-07 10:41:08] INFO: [SteadyState] LiveStock NVDA changed state from Steady to: Rising
[2026-06-07 10:41:08] INFO: [GameStateService] Stock: NVDA | Price: 121,49 | State: Rising
[2026-06-07 10:41:08] INFO: [StockMarket] StockListenerService modtog update for: NVDA
[2026-06-07 10:41:08] INFO: [StockListenerService] Transaction started
[2026-06-07 10:41:08] INFO: [FileUnitOfWork] Stock blev skrevet til fil data\stocks.psv
[2026-06-07 10:41:08] INFO: [FileUnitOfWork] StockPriceHistories blev skrevet til fil data\stock_price_history.psv
[2026-06-07 10:41:08] INFO: [StockMarket] Stock NVDA blev opdateret og pricehistory blev gemt
[2026-06-07 10:41:08] INFO: [OwnedStockFileDAO] Ownedstocks blev indlæst fra fil
[2026-06-07 10:41:08] INFO: [SteadyState] LiveStock MSFT changed state from Steady to: Declining
[2026-06-07 10:41:08] INFO: [GameStateService] Stock: MSFT | Price: 472,52 | State: Declining
[2026-06-07 10:41:08] INFO: [StockMarket] StockListenerService modtog update for: MSFT
[2026-06-07 10:41:08] INFO: [StockListenerService] Transaction started
[2026-06-07 10:41:08] INFO: [FileUnitOfWork] Stock blev skrevet til fil data\stocks.psv
[2026-06-07 10:41:08] INFO: [FileUnitOfWork] StockPriceHistories blev skrevet til fil data\stock_price_history.psv
[2026-06-07 10:41:08] INFO: [StockMarket] Stock MSFT blev opdateret og pricehistory blev gemt
[2026-06-07 10:41:08] INFO: [OwnedStockFileDAO] Ownedstocks blev indlæst fra fil
[2026-06-07 10:41:08] INFO: [DecliningState] LiveStock GOOGL changed state from Declining to: Steady
[2026-06-07 10:41:08] INFO: [GameStateService] Stock: GOOGL | Price: 344,60 | State: Steady
[2026-06-07 10:41:08] INFO: [StockMarket] StockListenerService modtog update for: GOOGL
[2026-06-07 10:41:08] INFO: [StockListenerService] Transaction started
[2026-06-07 10:41:08] INFO: [FileUnitOfWork] Stock blev skrevet til fil data\stocks.psv
[2026-06-07 10:41:08] INFO: [FileUnitOfWork] StockPriceHistories blev skrevet til fil data\stock_price_history.psv
[2026-06-07 10:41:08] INFO: [StockMarket] Stock GOOGL blev opdateret og pricehistory blev gemt
[2026-06-07 10:41:08] INFO: [OwnedStockFileDAO] Ownedstocks blev indlæst fra fil
[2026-06-07 10:41:08] INFO: [GameStateService] Stock: AMZN | Price: 285,12 | State: Steady
[2026-06-07 10:41:08] INFO: [StockMarket] StockListenerService modtog update for: AMZN
[2026-06-07 10:41:08] INFO: [StockListenerService] Transaction started
[2026-06-07 10:41:08] INFO: [FileUnitOfWork] Stock blev skrevet til fil data\stocks.psv
[2026-06-07 10:41:08] INFO: [FileUnitOfWork] StockPriceHistories blev skrevet til fil data\stock_price_history.psv
[2026-06-07 10:41:08] INFO: [StockMarket] Stock AMZN blev opdateret og pricehistory blev gemt
[2026-06-07 10:41:08] INFO: [OwnedStockFileDAO] Ownedstocks blev indlæst fra fil
[2026-06-07 10:41:08] INFO: [GameStateService] Stock: META | Price: 427,99 | State: Rising
[2026-06-07 10:41:08] INFO: [StockMarket] StockListenerService modtog update for: META
[2026-06-07 10:41:08] INFO: [StockListenerService] Transaction started
[2026-06-07 10:41:08] INFO: [FileUnitOfWork] Stock blev skrevet til fil data\stocks.psv
[2026-06-07 10:41:08] INFO: [FileUnitOfWork] StockPriceHistories blev skrevet til fil data\stock_price_history.psv
[2026-06-07 10:41:08] INFO: [StockMarket] Stock META blev opdateret og pricehistory blev gemt
[2026-06-07 10:41:08] INFO: [OwnedStockFileDAO] Ownedstocks blev indlæst fra fil
[2026-06-07 10:41:08] INFO: [GameStateService] Stock: GM | Price: 248,58 | State: Steady
[2026-06-07 10:41:08] INFO: [StockMarket] StockListenerService modtog update for: GM
[2026-06-07 10:41:08] INFO: [StockListenerService] Transaction started
[2026-06-07 10:41:08] INFO: [FileUnitOfWork] Stock blev skrevet til fil data\stocks.psv
[2026-06-07 10:41:08] INFO: [FileUnitOfWork] StockPriceHistories blev skrevet til fil data\stock_price_history.psv
[2026-06-07 10:41:08] INFO: [StockMarket] Stock GM blev opdateret og pricehistory blev gemt
[2026-06-07 10:41:08] INFO: [OwnedStockFileDAO] Ownedstocks blev indlæst fra fil
[2026-06-07 10:41:09] INFO: [MarketTickHandler] Game started
[2026-06-07 10:41:09] INFO: [Thread] Markedet blev opdateret
[2026-06-07 10:41:09] INFO: [MarketTickHandler] Updating stock market
[2026-06-07 10:41:09] INFO: [GameStateService] Stock: AAPL | Price: 238,20 | State: Rising
[2026-06-07 10:41:09] INFO: [StockMarket] StockListenerService modtog update for: AAPL
[2026-06-07 10:41:09] INFO: [StockListenerService] Transaction started
[2026-06-07 10:41:09] INFO: [FileUnitOfWork] Stock blev skrevet til fil data\stocks.psv
[2026-06-07 10:41:09] INFO: [FileUnitOfWork] StockPriceHistories blev skrevet til fil data\stock_price_history.psv
[2026-06-07 10:41:09] INFO: [StockMarket] Stock AAPL blev opdateret og pricehistory blev gemt
[2026-06-07 10:41:09] INFO: [OwnedStockFileDAO] Ownedstocks blev indlæst fra fil
[2026-06-07 10:41:09] INFO: [DecliningState] LiveStock TSLA changed state from Declining to: Steady
[2026-06-07 10:41:09] INFO: [GameStateService] Stock: TSLA | Price: 106,26 | State: Steady
[2026-06-07 10:41:09] INFO: [StockMarket] StockListenerService modtog update for: TSLA
[2026-06-07 10:41:09] INFO: [StockListenerService] Transaction started
[2026-06-07 10:41:09] INFO: [FileUnitOfWork] Stock blev skrevet til fil data\stocks.psv
[2026-06-07 10:41:09] INFO: [FileUnitOfWork] StockPriceHistories blev skrevet til fil data\stock_price_history.psv
[2026-06-07 10:41:09] INFO: [StockMarket] Stock TSLA blev opdateret og pricehistory blev gemt
[2026-06-07 10:41:09] INFO: [OwnedStockFileDAO] Ownedstocks blev indlæst fra fil
[2026-06-07 10:41:09] INFO: [GameStateService] Stock: NVDA | Price: 124,25 | State: Rising
[2026-06-07 10:41:09] INFO: [StockMarket] StockListenerService modtog update for: NVDA
[2026-06-07 10:41:09] INFO: [StockListenerService] Transaction started
[2026-06-07 10:41:09] INFO: [FileUnitOfWork] Stock blev skrevet til fil data\stocks.psv
[2026-06-07 10:41:09] INFO: [FileUnitOfWork] StockPriceHistories blev skrevet til fil data\stock_price_history.psv
[2026-06-07 10:41:09] INFO: [StockMarket] Stock NVDA blev opdateret og pricehistory blev gemt
[2026-06-07 10:41:09] INFO: [OwnedStockFileDAO] Ownedstocks blev indlæst fra fil
[2026-06-07 10:41:09] INFO: [GameStateService] Stock: MSFT | Price: 473,61 | State: Declining
[2026-06-07 10:41:09] INFO: [StockMarket] StockListenerService modtog update for: MSFT
[2026-06-07 10:41:09] INFO: [StockListenerService] Transaction started
[2026-06-07 10:41:09] INFO: [FileUnitOfWork] Stock blev skrevet til fil data\stocks.psv
[2026-06-07 10:41:09] INFO: [FileUnitOfWork] StockPriceHistories blev skrevet til fil data\stock_price_history.psv
[2026-06-07 10:41:09] INFO: [StockMarket] Stock MSFT blev opdateret og pricehistory blev gemt
[2026-06-07 10:41:09] INFO: [OwnedStockFileDAO] Ownedstocks blev indlæst fra fil
[2026-06-07 10:41:09] INFO: [GameStateService] Stock: GOOGL | Price: 344,79 | State: Steady
[2026-06-07 10:41:09] INFO: [StockMarket] StockListenerService modtog update for: GOOGL
[2026-06-07 10:41:09] INFO: [StockListenerService] Transaction started
[2026-06-07 10:41:09] INFO: [FileUnitOfWork] Stock blev skrevet til fil data\stocks.psv
[2026-06-07 10:41:09] INFO: [FileUnitOfWork] StockPriceHistories blev skrevet til fil data\stock_price_history.psv
[2026-06-07 10:41:09] INFO: [StockMarket] Stock GOOGL blev opdateret og pricehistory blev gemt
[2026-06-07 10:41:09] INFO: [OwnedStockFileDAO] Ownedstocks blev indlæst fra fil
[2026-06-07 10:41:09] INFO: [GameStateService] Stock: AMZN | Price: 285,68 | State: Steady
[2026-06-07 10:41:09] INFO: [StockMarket] StockListenerService modtog update for: AMZN
[2026-06-07 10:41:09] INFO: [StockListenerService] Transaction started
[2026-06-07 10:41:09] INFO: [FileUnitOfWork] Stock blev skrevet til fil data\stocks.psv
[2026-06-07 10:41:09] INFO: [FileUnitOfWork] StockPriceHistories blev skrevet til fil data\stock_price_history.psv
[2026-06-07 10:41:09] INFO: [StockMarket] Stock AMZN blev opdateret og pricehistory blev gemt
[2026-06-07 10:41:09] INFO: [OwnedStockFileDAO] Ownedstocks blev indlæst fra fil
[2026-06-07 10:41:09] INFO: [RisingState] LiveStock META changed state from Rising to: Declining
[2026-06-07 10:41:09] INFO: [GameStateService] Stock: META | Price: 426,00 | State: Declining
[2026-06-07 10:41:09] INFO: [StockMarket] StockListenerService modtog update for: META
[2026-06-07 10:41:09] INFO: [StockListenerService] Transaction started
[2026-06-07 10:41:09] INFO: [FileUnitOfWork] Stock blev skrevet til fil data\stocks.psv
[2026-06-07 10:41:09] INFO: [FileUnitOfWork] StockPriceHistories blev skrevet til fil data\stock_price_history.psv
[2026-06-07 10:41:09] INFO: [StockMarket] Stock META blev opdateret og pricehistory blev gemt
[2026-06-07 10:41:09] INFO: [OwnedStockFileDAO] Ownedstocks blev indlæst fra fil
[2026-06-07 10:41:09] INFO: [GameStateService] Stock: GM | Price: 249,42 | State: Steady
[2026-06-07 10:41:09] INFO: [StockMarket] StockListenerService modtog update for: GM
[2026-06-07 10:41:09] INFO: [StockListenerService] Transaction started
[2026-06-07 10:41:09] INFO: [FileUnitOfWork] Stock blev skrevet til fil data\stocks.psv
[2026-06-07 10:41:09] INFO: [FileUnitOfWork] StockPriceHistories blev skrevet til fil data\stock_price_history.psv
[2026-06-07 10:41:09] INFO: [StockMarket] Stock GM blev opdateret og pricehistory blev gemt
[2026-06-07 10:41:09] INFO: [OwnedStockFileDAO] Ownedstocks blev indlæst fra fil
[2026-06-07 23:54:31] INFO: [BuyStocksViewModel] Fetching AvailableStocks
[2026-06-07 23:54:31] INFO: [BuyStocksViewModel] Fetching portfolio: e6f56e16-0f0a-40d4-a655-b91e689c4dd1
[2026-06-07 23:54:31] INFO: [OwnedStockFileDAO] Ownedstocks blev indlæst fra fil
[2026-06-07 23:54:31] INFO: [SellStocksViewModel] Fetching portfolio: e6f56e16-0f0a-40d4-a655-b91e689c4dd1
[2026-06-07 23:54:31] INFO: [GameStateService] Initializing stock market
[2026-06-07 23:54:31] INFO: [GameStateService] Loading existing stocks into stock market
[2026-06-07 23:54:31] INFO: [GameStateService] Eksisterende Stock tilføjet som LiveStock: AAPL
[2026-06-07 23:54:31] INFO: [GameStateService] Eksisterende Stock tilføjet som LiveStock: TSLA
[2026-06-07 23:54:31] INFO: [GameStateService] Eksisterende Stock tilføjet som LiveStock: NVDA
[2026-06-07 23:54:31] INFO: [GameStateService] Eksisterende Stock tilføjet som LiveStock: MSFT
[2026-06-07 23:54:31] INFO: [GameStateService] Eksisterende Stock tilføjet som LiveStock: GOOGL
[2026-06-07 23:54:31] INFO: [GameStateService] Eksisterende Stock tilføjet som LiveStock: AMZN
[2026-06-07 23:54:31] INFO: [GameStateService] Eksisterende Stock tilføjet som LiveStock: META
[2026-06-07 23:54:31] INFO: [GameStateService] Eksisterende Stock tilføjet som LiveStock: GM
[2026-06-07 23:54:31] INFO: [GameStateService] Stock market initialized
[2026-06-07 23:54:31] INFO: [ApplicationContext] Game started
[2026-06-07 23:54:31] INFO: [MarketTickHandler] Game started
[2026-06-07 23:54:31] INFO: [Thread] Markedet blev opdateret
[2026-06-07 23:54:31] INFO: [MarketTickHandler] Updating stock market
[2026-06-07 23:54:31] INFO: [GameStateService] Stock: AAPL | Price: 238,49 | State: Steady
[2026-06-07 23:54:31] INFO: [StockMarket] StockListenerService modtog update for: AAPL
[2026-06-07 23:54:31] INFO: [StockListenerService] Transaction started
[2026-06-07 23:54:31] INFO: [FileUnitOfWork] Stock blev skrevet til fil data\stocks.psv
[2026-06-07 23:54:31] INFO: [FileUnitOfWork] StockPriceHistories blev skrevet til fil data\stock_price_history.psv
[2026-06-07 23:54:31] INFO: [StockMarket] Stock AAPL blev opdateret og pricehistory blev gemt
[2026-06-07 23:54:31] INFO: [OwnedStockFileDAO] Ownedstocks blev indlæst fra fil
[2026-06-07 23:54:31] INFO: [StockMarket] Stock: AAPL er meget høj: 238.48858329165878
[2026-06-07 23:54:31] INFO: [GameStateService] Stock: TSLA | Price: 106,97 | State: Steady
[2026-06-07 23:54:31] INFO: [StockMarket] StockListenerService modtog update for: TSLA
[2026-06-07 23:54:31] INFO: [StockListenerService] Transaction started
[2026-06-07 23:54:31] INFO: [FileUnitOfWork] Stock blev skrevet til fil data\stocks.psv
[2026-06-07 23:54:31] INFO: [FileUnitOfWork] StockPriceHistories blev skrevet til fil data\stock_price_history.psv
[2026-06-07 23:54:31] INFO: [StockMarket] Stock TSLA blev opdateret og pricehistory blev gemt
[2026-06-07 23:54:31] INFO: [OwnedStockFileDAO] Ownedstocks blev indlæst fra fil
[2026-06-07 23:54:31] INFO: [GameStateService] Stock: NVDA | Price: 124,02 | State: Steady
[2026-06-07 23:54:31] INFO: [StockMarket] StockListenerService modtog update for: NVDA
[2026-06-07 23:54:31] INFO: [StockListenerService] Transaction started
[2026-06-07 23:54:31] INFO: [FileUnitOfWork] Stock blev skrevet til fil data\stocks.psv
[2026-06-07 23:54:31] INFO: [FileUnitOfWork] StockPriceHistories blev skrevet til fil data\stock_price_history.psv
[2026-06-07 23:54:31] INFO: [StockMarket] Stock NVDA blev opdateret og pricehistory blev gemt
[2026-06-07 23:54:31] INFO: [OwnedStockFileDAO] Ownedstocks blev indlæst fra fil
[2026-06-07 23:54:31] INFO: [GameStateService] Stock: MSFT | Price: 474,29 | State: Steady
[2026-06-07 23:54:31] INFO: [StockMarket] StockListenerService modtog update for: MSFT
[2026-06-07 23:54:31] INFO: [StockListenerService] Transaction started
[2026-06-07 23:54:31] INFO: [FileUnitOfWork] Stock blev skrevet til fil data\stocks.psv
[2026-06-07 23:54:31] INFO: [FileUnitOfWork] StockPriceHistories blev skrevet til fil data\stock_price_history.psv
[2026-06-07 23:54:31] INFO: [StockMarket] Stock MSFT blev opdateret og pricehistory blev gemt
[2026-06-07 23:54:31] INFO: [OwnedStockFileDAO] Ownedstocks blev indlæst fra fil
[2026-06-07 23:54:31] INFO: [StockMarket] Stock: MSFT er meget høj: 474.2931944259671
[2026-06-07 23:54:31] INFO: [SteadyState] LiveStock GOOGL changed state from Steady to: Rising
[2026-06-07 23:54:31] INFO: [GameStateService] Stock: GOOGL | Price: 344,55 | State: Rising
[2026-06-07 23:54:31] INFO: [StockMarket] StockListenerService modtog update for: GOOGL
[2026-06-07 23:54:31] INFO: [StockListenerService] Transaction started
[2026-06-07 23:54:31] INFO: [FileUnitOfWork] Stock blev skrevet til fil data\stocks.psv
[2026-06-07 23:54:31] INFO: [FileUnitOfWork] StockPriceHistories blev skrevet til fil data\stock_price_history.psv
[2026-06-07 23:54:31] INFO: [StockMarket] Stock GOOGL blev opdateret og pricehistory blev gemt
[2026-06-07 23:54:31] INFO: [OwnedStockFileDAO] Ownedstocks blev indlæst fra fil
[2026-06-07 23:54:31] INFO: [StockMarket] Stock: GOOGL er meget høj: 344.55191561232454
[2026-06-07 23:54:31] INFO: [GameStateService] Stock: AMZN | Price: 285,19 | State: Steady
[2026-06-07 23:54:31] INFO: [StockMarket] StockListenerService modtog update for: AMZN
[2026-06-07 23:54:31] INFO: [StockListenerService] Transaction started
[2026-06-07 23:54:31] INFO: [FileUnitOfWork] Stock blev skrevet til fil data\stocks.psv
[2026-06-07 23:54:31] INFO: [FileUnitOfWork] StockPriceHistories blev skrevet til fil data\stock_price_history.psv
[2026-06-07 23:54:31] INFO: [StockMarket] Stock AMZN blev opdateret og pricehistory blev gemt
[2026-06-07 23:54:31] INFO: [OwnedStockFileDAO] Ownedstocks blev indlæst fra fil
[2026-06-07 23:54:31] INFO: [StockMarket] Stock: AMZN er meget høj: 285.18662080687125
[2026-06-07 23:54:31] INFO: [GameStateService] Stock: META | Price: 426,15 | State: Steady
[2026-06-07 23:54:31] INFO: [StockMarket] StockListenerService modtog update for: META
[2026-06-07 23:54:31] INFO: [StockListenerService] Transaction started
[2026-06-07 23:54:31] INFO: [FileUnitOfWork] Stock blev skrevet til fil data\stocks.psv
[2026-06-07 23:54:31] INFO: [FileUnitOfWork] StockPriceHistories blev skrevet til fil data\stock_price_history.psv
[2026-06-07 23:54:31] INFO: [StockMarket] Stock META blev opdateret og pricehistory blev gemt
[2026-06-07 23:54:31] INFO: [OwnedStockFileDAO] Ownedstocks blev indlæst fra fil
[2026-06-07 23:54:31] INFO: [StockMarket] Stock: META er meget høj: 426.15185276067336
[2026-06-07 23:54:31] INFO: [GameStateService] Stock: GM | Price: 249,41 | State: Steady
[2026-06-07 23:54:31] INFO: [StockMarket] StockListenerService modtog update for: GM
[2026-06-07 23:54:31] INFO: [StockListenerService] Transaction started
[2026-06-07 23:54:31] INFO: [FileUnitOfWork] Stock blev skrevet til fil data\stocks.psv
[2026-06-07 23:54:31] INFO: [FileUnitOfWork] StockPriceHistories blev skrevet til fil data\stock_price_history.psv
[2026-06-07 23:54:31] INFO: [StockMarket] Stock GM blev opdateret og pricehistory blev gemt
[2026-06-07 23:54:31] INFO: [OwnedStockFileDAO] Ownedstocks blev indlæst fra fil
[2026-06-07 23:54:31] INFO: [StockMarket] Stock: GM er meget høj: 249.40778410362853
[2026-06-07 23:54:32] INFO: [MarketTickHandler] Game started
[2026-06-07 23:54:32] INFO: [Thread] Markedet blev opdateret
[2026-06-07 23:54:32] INFO: [MarketTickHandler] Updating stock market
[2026-06-07 23:54:32] INFO: [GameStateService] Stock: AAPL | Price: 238,05 | State: Steady
[2026-06-07 23:54:32] INFO: [StockMarket] StockListenerService modtog update for: AAPL
[2026-06-07 23:54:32] INFO: [StockListenerService] Transaction started
[2026-06-07 23:54:32] INFO: [FileUnitOfWork] Stock blev skrevet til fil data\stocks.psv
[2026-06-07 23:54:32] INFO: [FileUnitOfWork] StockPriceHistories blev skrevet til fil data\stock_price_history.psv
[2026-06-07 23:54:32] INFO: [StockMarket] Stock AAPL blev opdateret og pricehistory blev gemt
[2026-06-07 23:54:32] INFO: [OwnedStockFileDAO] Ownedstocks blev indlæst fra fil
[2026-06-07 23:54:32] INFO: [GameStateService] Stock: TSLA | Price: 106,43 | State: Steady
[2026-06-07 23:54:32] INFO: [StockMarket] StockListenerService modtog update for: TSLA
[2026-06-07 23:54:32] INFO: [StockListenerService] Transaction started
[2026-06-07 23:54:32] INFO: [FileUnitOfWork] Stock blev skrevet til fil data\stocks.psv
[2026-06-07 23:54:32] INFO: [FileUnitOfWork] StockPriceHistories blev skrevet til fil data\stock_price_history.psv
[2026-06-07 23:54:32] INFO: [StockMarket] Stock TSLA blev opdateret og pricehistory blev gemt
[2026-06-07 23:54:32] INFO: [OwnedStockFileDAO] Ownedstocks blev indlæst fra fil
[2026-06-07 23:54:32] INFO: [GameStateService] Stock: NVDA | Price: 123,19 | State: Steady
[2026-06-07 23:54:32] INFO: [StockMarket] StockListenerService modtog update for: NVDA
[2026-06-07 23:54:32] INFO: [StockListenerService] Transaction started
[2026-06-07 23:54:32] INFO: [FileUnitOfWork] Stock blev skrevet til fil data\stocks.psv
[2026-06-07 23:54:32] INFO: [FileUnitOfWork] StockPriceHistories blev skrevet til fil data\stock_price_history.psv
[2026-06-07 23:54:32] INFO: [StockMarket] Stock NVDA blev opdateret og pricehistory blev gemt
[2026-06-07 23:54:32] INFO: [OwnedStockFileDAO] Ownedstocks blev indlæst fra fil
[2026-06-07 23:54:32] INFO: [GameStateService] Stock: MSFT | Price: 473,57 | State: Steady
[2026-06-07 23:54:32] INFO: [StockMarket] StockListenerService modtog update for: MSFT
[2026-06-07 23:54:32] INFO: [StockListenerService] Transaction started
[2026-06-07 23:54:32] INFO: [FileUnitOfWork] Stock blev skrevet til fil data\stocks.psv
[2026-06-07 23:54:32] INFO: [FileUnitOfWork] StockPriceHistories blev skrevet til fil data\stock_price_history.psv
[2026-06-07 23:54:32] INFO: [StockMarket] Stock MSFT blev opdateret og pricehistory blev gemt
[2026-06-07 23:54:32] INFO: [OwnedStockFileDAO] Ownedstocks blev indlæst fra fil
[2026-06-07 23:54:32] INFO: [GameStateService] Stock: GOOGL | Price: 349,24 | State: Rising
[2026-06-07 23:54:32] INFO: [StockMarket] StockListenerService modtog update for: GOOGL
[2026-06-07 23:54:32] INFO: [StockListenerService] Transaction started
[2026-06-07 23:54:32] INFO: [FileUnitOfWork] Stock blev skrevet til fil data\stocks.psv
[2026-06-07 23:54:32] INFO: [FileUnitOfWork] StockPriceHistories blev skrevet til fil data\stock_price_history.psv
[2026-06-07 23:54:32] INFO: [StockMarket] Stock GOOGL blev opdateret og pricehistory blev gemt
[2026-06-07 23:54:32] INFO: [OwnedStockFileDAO] Ownedstocks blev indlæst fra fil
[2026-06-07 23:54:32] INFO: [SteadyState] LiveStock AMZN changed state from Steady to: Declining
[2026-06-07 23:54:32] INFO: [GameStateService] Stock: AMZN | Price: 285,73 | State: Declining
[2026-06-07 23:54:32] INFO: [StockMarket] StockListenerService modtog update for: AMZN
[2026-06-07 23:54:32] INFO: [StockListenerService] Transaction started
[2026-06-07 23:54:32] INFO: [FileUnitOfWork] Stock blev skrevet til fil data\stocks.psv
[2026-06-07 23:54:32] INFO: [FileUnitOfWork] StockPriceHistories blev skrevet til fil data\stock_price_history.psv
[2026-06-07 23:54:32] INFO: [StockMarket] Stock AMZN blev opdateret og pricehistory blev gemt
[2026-06-07 23:54:32] INFO: [OwnedStockFileDAO] Ownedstocks blev indlæst fra fil
[2026-06-07 23:54:32] INFO: [SteadyState] LiveStock META changed state from Steady to: Rising
[2026-06-07 23:54:32] INFO: [GameStateService] Stock: META | Price: 426,64 | State: Rising
[2026-06-07 23:54:32] INFO: [StockMarket] StockListenerService modtog update for: META
[2026-06-07 23:54:32] INFO: [StockListenerService] Transaction started
[2026-06-07 23:54:32] INFO: [FileUnitOfWork] Stock blev skrevet til fil data\stocks.psv
[2026-06-07 23:54:32] INFO: [FileUnitOfWork] StockPriceHistories blev skrevet til fil data\stock_price_history.psv
[2026-06-07 23:54:32] INFO: [StockMarket] Stock META blev opdateret og pricehistory blev gemt
[2026-06-07 23:54:32] INFO: [OwnedStockFileDAO] Ownedstocks blev indlæst fra fil
[2026-06-07 23:54:32] INFO: [GameStateService] Stock: GM | Price: 249,93 | State: Steady
[2026-06-07 23:54:32] INFO: [StockMarket] StockListenerService modtog update for: GM
[2026-06-07 23:54:32] INFO: [StockListenerService] Transaction started
[2026-06-07 23:54:32] INFO: [FileUnitOfWork] Stock blev skrevet til fil data\stocks.psv
[2026-06-07 23:54:32] INFO: [FileUnitOfWork] StockPriceHistories blev skrevet til fil data\stock_price_history.psv
[2026-06-07 23:54:32] INFO: [StockMarket] Stock GM blev opdateret og pricehistory blev gemt
[2026-06-07 23:54:32] INFO: [OwnedStockFileDAO] Ownedstocks blev indlæst fra fil
[2026-06-07 23:54:34] INFO: [MarketTickHandler] Game started
[2026-06-07 23:54:34] INFO: [Thread] Markedet blev opdateret
[2026-06-07 23:54:34] INFO: [MarketTickHandler] Updating stock market
[2026-06-07 23:54:34] INFO: [GameStateService] Stock: AAPL | Price: 237,17 | State: Steady
[2026-06-07 23:54:34] INFO: [StockMarket] StockListenerService modtog update for: AAPL
[2026-06-07 23:54:34] INFO: [StockListenerService] Transaction started
[2026-06-07 23:54:34] INFO: [FileUnitOfWork] Stock blev skrevet til fil data\stocks.psv
[2026-06-07 23:54:34] INFO: [FileUnitOfWork] StockPriceHistories blev skrevet til fil data\stock_price_history.psv
[2026-06-07 23:54:34] INFO: [StockMarket] Stock AAPL blev opdateret og pricehistory blev gemt
[2026-06-07 23:54:34] INFO: [OwnedStockFileDAO] Ownedstocks blev indlæst fra fil
[2026-06-07 23:54:34] INFO: [GameStateService] Stock: TSLA | Price: 107,35 | State: Steady
[2026-06-07 23:54:34] INFO: [StockMarket] StockListenerService modtog update for: TSLA
[2026-06-07 23:54:34] INFO: [StockListenerService] Transaction started
[2026-06-07 23:54:34] INFO: [FileUnitOfWork] Stock blev skrevet til fil data\stocks.psv
[2026-06-07 23:54:34] INFO: [FileUnitOfWork] StockPriceHistories blev skrevet til fil data\stock_price_history.psv
[2026-06-07 23:54:34] INFO: [StockMarket] Stock TSLA blev opdateret og pricehistory blev gemt
[2026-06-07 23:54:34] INFO: [OwnedStockFileDAO] Ownedstocks blev indlæst fra fil
[2026-06-07 23:54:34] INFO: [GameStateService] Stock: NVDA | Price: 123,94 | State: Steady
[2026-06-07 23:54:34] INFO: [StockMarket] StockListenerService modtog update for: NVDA
[2026-06-07 23:54:34] INFO: [StockListenerService] Transaction started
[2026-06-07 23:54:34] INFO: [FileUnitOfWork] Stock blev skrevet til fil data\stocks.psv
[2026-06-07 23:54:34] INFO: [FileUnitOfWork] StockPriceHistories blev skrevet til fil data\stock_price_history.psv
[2026-06-07 23:54:34] INFO: [StockMarket] Stock NVDA blev opdateret og pricehistory blev gemt
[2026-06-07 23:54:34] INFO: [OwnedStockFileDAO] Ownedstocks blev indlæst fra fil
[2026-06-07 23:54:34] INFO: [GameStateService] Stock: MSFT | Price: 473,96 | State: Steady
[2026-06-07 23:54:34] INFO: [StockMarket] StockListenerService modtog update for: MSFT
[2026-06-07 23:54:34] INFO: [StockListenerService] Transaction started
[2026-06-07 23:54:34] INFO: [FileUnitOfWork] Stock blev skrevet til fil data\stocks.psv
[2026-06-07 23:54:34] INFO: [FileUnitOfWork] StockPriceHistories blev skrevet til fil data\stock_price_history.psv
[2026-06-07 23:54:34] INFO: [StockMarket] Stock MSFT blev opdateret og pricehistory blev gemt
[2026-06-07 23:54:34] INFO: [OwnedStockFileDAO] Ownedstocks blev indlæst fra fil
[2026-06-07 23:54:34] INFO: [GameStateService] Stock: GOOGL | Price: 349,86 | State: Rising
[2026-06-07 23:54:34] INFO: [StockMarket] StockListenerService modtog update for: GOOGL
[2026-06-07 23:54:34] INFO: [StockListenerService] Transaction started
[2026-06-07 23:54:34] INFO: [FileUnitOfWork] Stock blev skrevet til fil data\stocks.psv
[2026-06-07 23:54:34] INFO: [FileUnitOfWork] StockPriceHistories blev skrevet til fil data\stock_price_history.psv
[2026-06-07 23:54:34] INFO: [StockMarket] Stock GOOGL blev opdateret og pricehistory blev gemt
[2026-06-07 23:54:34] INFO: [OwnedStockFileDAO] Ownedstocks blev indlæst fra fil
[2026-06-07 23:54:34] INFO: [GameStateService] Stock: AMZN | Price: 283,79 | State: Declining
[2026-06-07 23:54:34] INFO: [StockMarket] StockListenerService modtog update for: AMZN
[2026-06-07 23:54:34] INFO: [StockListenerService] Transaction started
[2026-06-07 23:54:34] INFO: [FileUnitOfWork] Stock blev skrevet til fil data\stocks.psv
[2026-06-07 23:54:34] INFO: [FileUnitOfWork] StockPriceHistories blev skrevet til fil data\stock_price_history.psv
[2026-06-07 23:54:34] INFO: [StockMarket] Stock AMZN blev opdateret og pricehistory blev gemt
[2026-06-07 23:54:34] INFO: [OwnedStockFileDAO] Ownedstocks blev indlæst fra fil
[2026-06-07 23:54:34] INFO: [GameStateService] Stock: META | Price: 425,35 | State: Rising
[2026-06-07 23:54:34] INFO: [StockMarket] StockListenerService modtog update for: META
[2026-06-07 23:54:34] INFO: [StockListenerService] Transaction started
[2026-06-07 23:54:34] INFO: [FileUnitOfWork] Stock blev skrevet til fil data\stocks.psv
[2026-06-07 23:54:34] INFO: [FileUnitOfWork] StockPriceHistories blev skrevet til fil data\stock_price_history.psv
[2026-06-07 23:54:34] INFO: [StockMarket] Stock META blev opdateret og pricehistory blev gemt
[2026-06-07 23:54:34] INFO: [OwnedStockFileDAO] Ownedstocks blev indlæst fra fil
[2026-06-07 23:54:34] INFO: [GameStateService] Stock: GM | Price: 249,96 | State: Steady
[2026-06-07 23:54:34] INFO: [StockMarket] StockListenerService modtog update for: GM
[2026-06-07 23:54:34] INFO: [StockListenerService] Transaction started
[2026-06-07 23:54:34] INFO: [FileUnitOfWork] Stock blev skrevet til fil data\stocks.psv
[2026-06-07 23:54:34] INFO: [FileUnitOfWork] StockPriceHistories blev skrevet til fil data\stock_price_history.psv
[2026-06-07 23:54:34] INFO: [StockMarket] Stock GM blev opdateret og pricehistory blev gemt
[2026-06-07 23:54:34] INFO: [OwnedStockFileDAO] Ownedstocks blev indlæst fra fil
[2026-06-07 23:54:35] INFO: [MarketTickHandler] Game started
[2026-06-07 23:54:35] INFO: [Thread] Markedet blev opdateret
[2026-06-07 23:54:35] INFO: [MarketTickHandler] Updating stock market
[2026-06-07 23:54:35] INFO: [GameStateService] Stock: AAPL | Price: 236,67 | State: Steady
[2026-06-07 23:54:35] INFO: [StockMarket] StockListenerService modtog update for: AAPL
[2026-06-07 23:54:35] INFO: [StockListenerService] Transaction started
[2026-06-07 23:54:35] INFO: [FileUnitOfWork] Stock blev skrevet til fil data\stocks.psv
[2026-06-07 23:54:35] INFO: [FileUnitOfWork] StockPriceHistories blev skrevet til fil data\stock_price_history.psv
[2026-06-07 23:54:35] INFO: [StockMarket] Stock AAPL blev opdateret og pricehistory blev gemt
[2026-06-07 23:54:35] INFO: [OwnedStockFileDAO] Ownedstocks blev indlæst fra fil
[2026-06-07 23:54:35] INFO: [GameStateService] Stock: TSLA | Price: 107,85 | State: Steady
[2026-06-07 23:54:35] INFO: [StockMarket] StockListenerService modtog update for: TSLA
[2026-06-07 23:54:35] INFO: [StockListenerService] Transaction started
[2026-06-07 23:54:35] INFO: [FileUnitOfWork] Stock blev skrevet til fil data\stocks.psv
[2026-06-07 23:54:35] INFO: [FileUnitOfWork] StockPriceHistories blev skrevet til fil data\stock_price_history.psv
[2026-06-07 23:54:35] INFO: [StockMarket] Stock TSLA blev opdateret og pricehistory blev gemt
[2026-06-07 23:54:35] INFO: [OwnedStockFileDAO] Ownedstocks blev indlæst fra fil
[2026-06-07 23:54:35] INFO: [GameStateService] Stock: NVDA | Price: 123,10 | State: Steady
[2026-06-07 23:54:35] INFO: [StockMarket] StockListenerService modtog update for: NVDA
[2026-06-07 23:54:35] INFO: [StockListenerService] Transaction started
[2026-06-07 23:54:35] INFO: [FileUnitOfWork] Stock blev skrevet til fil data\stocks.psv
[2026-06-07 23:54:35] INFO: [FileUnitOfWork] StockPriceHistories blev skrevet til fil data\stock_price_history.psv
[2026-06-07 23:54:35] INFO: [StockMarket] Stock NVDA blev opdateret og pricehistory blev gemt
[2026-06-07 23:54:35] INFO: [OwnedStockFileDAO] Ownedstocks blev indlæst fra fil
[2026-06-07 23:54:35] INFO: [GameStateService] Stock: MSFT | Price: 474,76 | State: Steady
[2026-06-07 23:54:35] INFO: [StockMarket] StockListenerService modtog update for: MSFT
[2026-06-07 23:54:35] INFO: [StockListenerService] Transaction started
[2026-06-07 23:54:35] INFO: [FileUnitOfWork] Stock blev skrevet til fil data\stocks.psv
[2026-06-07 23:54:35] INFO: [FileUnitOfWork] StockPriceHistories blev skrevet til fil data\stock_price_history.psv
[2026-06-07 23:54:35] INFO: [StockMarket] Stock MSFT blev opdateret og pricehistory blev gemt
[2026-06-07 23:54:35] INFO: [OwnedStockFileDAO] Ownedstocks blev indlæst fra fil
[2026-06-07 23:54:35] INFO: [RisingState] LiveStock GOOGL changed state from Rising to: Declining
[2026-06-07 23:54:35] INFO: [GameStateService] Stock: GOOGL | Price: 349,54 | State: Declining
[2026-06-07 23:54:35] INFO: [StockMarket] StockListenerService modtog update for: GOOGL
[2026-06-07 23:54:35] INFO: [StockListenerService] Transaction started
[2026-06-07 23:54:35] INFO: [FileUnitOfWork] Stock blev skrevet til fil data\stocks.psv
[2026-06-07 23:54:35] INFO: [FileUnitOfWork] StockPriceHistories blev skrevet til fil data\stock_price_history.psv
[2026-06-07 23:54:35] INFO: [StockMarket] Stock GOOGL blev opdateret og pricehistory blev gemt
[2026-06-07 23:54:35] INFO: [OwnedStockFileDAO] Ownedstocks blev indlæst fra fil
[2026-06-07 23:54:35] INFO: [GameStateService] Stock: AMZN | Price: 279,66 | State: Declining
[2026-06-07 23:54:35] INFO: [StockMarket] StockListenerService modtog update for: AMZN
[2026-06-07 23:54:35] INFO: [StockListenerService] Transaction started
[2026-06-07 23:54:35] INFO: [FileUnitOfWork] Stock blev skrevet til fil data\stocks.psv
[2026-06-07 23:54:35] INFO: [FileUnitOfWork] StockPriceHistories blev skrevet til fil data\stock_price_history.psv
[2026-06-07 23:54:35] INFO: [StockMarket] Stock AMZN blev opdateret og pricehistory blev gemt
[2026-06-07 23:54:35] INFO: [OwnedStockFileDAO] Ownedstocks blev indlæst fra fil
[2026-06-07 23:54:35] INFO: [RisingState] LiveStock META changed state from Rising to: Declining
[2026-06-07 23:54:35] INFO: [GameStateService] Stock: META | Price: 427,56 | State: Declining
[2026-06-07 23:54:35] INFO: [StockMarket] StockListenerService modtog update for: META
[2026-06-07 23:54:35] INFO: [StockListenerService] Transaction started
[2026-06-07 23:54:35] INFO: [FileUnitOfWork] Stock blev skrevet til fil data\stocks.psv
[2026-06-07 23:54:35] INFO: [FileUnitOfWork] StockPriceHistories blev skrevet til fil data\stock_price_history.psv
[2026-06-07 23:54:35] INFO: [StockMarket] Stock META blev opdateret og pricehistory blev gemt
[2026-06-07 23:54:35] INFO: [OwnedStockFileDAO] Ownedstocks blev indlæst fra fil
[2026-06-07 23:54:35] INFO: [GameStateService] Stock: GM | Price: 250,90 | State: Steady
[2026-06-07 23:54:35] INFO: [StockMarket] StockListenerService modtog update for: GM
[2026-06-07 23:54:35] INFO: [StockListenerService] Transaction started
[2026-06-07 23:54:35] INFO: [FileUnitOfWork] Stock blev skrevet til fil data\stocks.psv
[2026-06-07 23:54:35] INFO: [FileUnitOfWork] StockPriceHistories blev skrevet til fil data\stock_price_history.psv
[2026-06-07 23:54:35] INFO: [StockMarket] Stock GM blev opdateret og pricehistory blev gemt
[2026-06-07 23:54:35] INFO: [OwnedStockFileDAO] Ownedstocks blev indlæst fra fil
[2026-06-07 23:54:37] INFO: [MarketTickHandler] Game started
[2026-06-07 23:54:37] INFO: [Thread] Markedet blev opdateret
[2026-06-07 23:54:37] INFO: [MarketTickHandler] Updating stock market
[2026-06-07 23:54:37] INFO: [GameStateService] Stock: AAPL | Price: 237,13 | State: Steady
[2026-06-07 23:54:37] INFO: [StockMarket] StockListenerService modtog update for: AAPL
[2026-06-07 23:54:37] INFO: [StockListenerService] Transaction started
[2026-06-07 23:54:37] INFO: [FileUnitOfWork] Stock blev skrevet til fil data\stocks.psv
[2026-06-07 23:54:37] INFO: [FileUnitOfWork] StockPriceHistories blev skrevet til fil data\stock_price_history.psv
[2026-06-07 23:54:37] INFO: [StockMarket] Stock AAPL blev opdateret og pricehistory blev gemt
[2026-06-07 23:54:37] INFO: [OwnedStockFileDAO] Ownedstocks blev indlæst fra fil
[2026-06-07 23:54:37] INFO: [SteadyState] LiveStock TSLA changed state from Steady to: Declining
[2026-06-07 23:54:37] INFO: [GameStateService] Stock: TSLA | Price: 108,24 | State: Declining
[2026-06-07 23:54:37] INFO: [StockMarket] StockListenerService modtog update for: TSLA
[2026-06-07 23:54:37] INFO: [StockListenerService] Transaction started
[2026-06-07 23:54:37] INFO: [FileUnitOfWork] Stock blev skrevet til fil data\stocks.psv
[2026-06-07 23:54:37] INFO: [FileUnitOfWork] StockPriceHistories blev skrevet til fil data\stock_price_history.psv
[2026-06-07 23:54:37] INFO: [StockMarket] Stock TSLA blev opdateret og pricehistory blev gemt
[2026-06-07 23:54:37] INFO: [OwnedStockFileDAO] Ownedstocks blev indlæst fra fil
[2026-06-07 23:54:37] INFO: [SteadyState] LiveStock NVDA changed state from Steady to: Rising
[2026-06-07 23:54:37] INFO: [GameStateService] Stock: NVDA | Price: 123,38 | State: Rising
[2026-06-07 23:54:37] INFO: [StockMarket] StockListenerService modtog update for: NVDA
[2026-06-07 23:54:37] INFO: [StockListenerService] Transaction started
[2026-06-07 23:54:37] INFO: [FileUnitOfWork] Stock blev skrevet til fil data\stocks.psv
[2026-06-07 23:54:37] INFO: [FileUnitOfWork] StockPriceHistories blev skrevet til fil data\stock_price_history.psv
[2026-06-07 23:54:37] INFO: [StockMarket] Stock NVDA blev opdateret og pricehistory blev gemt
[2026-06-07 23:54:37] INFO: [OwnedStockFileDAO] Ownedstocks blev indlæst fra fil
[2026-06-07 23:54:37] INFO: [GameStateService] Stock: MSFT | Price: 474,56 | State: Steady
[2026-06-07 23:54:37] INFO: [StockMarket] StockListenerService modtog update for: MSFT
[2026-06-07 23:54:37] INFO: [StockListenerService] Transaction started
[2026-06-07 23:54:37] INFO: [FileUnitOfWork] Stock blev skrevet til fil data\stocks.psv
[2026-06-07 23:54:37] INFO: [FileUnitOfWork] StockPriceHistories blev skrevet til fil data\stock_price_history.psv
[2026-06-07 23:54:37] INFO: [StockMarket] Stock MSFT blev opdateret og pricehistory blev gemt
[2026-06-07 23:54:37] INFO: [OwnedStockFileDAO] Ownedstocks blev indlæst fra fil
[2026-06-07 23:54:37] INFO: [DecliningState] LiveStock GOOGL changed state from Declining to: Steady
[2026-06-07 23:54:37] INFO: [GameStateService] Stock: GOOGL | Price: 347,86 | State: Steady
[2026-06-07 23:54:37] INFO: [StockMarket] StockListenerService modtog update for: GOOGL
[2026-06-07 23:54:37] INFO: [StockListenerService] Transaction started
[2026-06-07 23:54:37] INFO: [FileUnitOfWork] Stock blev skrevet til fil data\stocks.psv
[2026-06-07 23:54:37] INFO: [FileUnitOfWork] StockPriceHistories blev skrevet til fil data\stock_price_history.psv
[2026-06-07 23:54:37] INFO: [StockMarket] Stock GOOGL blev opdateret og pricehistory blev gemt
[2026-06-07 23:54:37] INFO: [OwnedStockFileDAO] Ownedstocks blev indlæst fra fil
[2026-06-07 23:54:37] INFO: [GameStateService] Stock: AMZN | Price: 275,59 | State: Declining
[2026-06-07 23:54:37] INFO: [StockMarket] StockListenerService modtog update for: AMZN
[2026-06-07 23:54:37] INFO: [StockListenerService] Transaction started
[2026-06-07 23:54:37] INFO: [FileUnitOfWork] Stock blev skrevet til fil data\stocks.psv
[2026-06-07 23:54:37] INFO: [FileUnitOfWork] StockPriceHistories blev skrevet til fil data\stock_price_history.psv
[2026-06-07 23:54:37] INFO: [StockMarket] Stock AMZN blev opdateret og pricehistory blev gemt
[2026-06-07 23:54:37] INFO: [OwnedStockFileDAO] Ownedstocks blev indlæst fra fil
[2026-06-07 23:54:37] INFO: [DecliningState] LiveStock META changed state from Declining to: Rising
[2026-06-07 23:54:37] INFO: [GameStateService] Stock: META | Price: 422,74 | State: Rising
[2026-06-07 23:54:37] INFO: [StockMarket] StockListenerService modtog update for: META
[2026-06-07 23:54:37] INFO: [StockListenerService] Transaction started
[2026-06-07 23:54:37] INFO: [FileUnitOfWork] Stock blev skrevet til fil data\stocks.psv
[2026-06-07 23:54:37] INFO: [FileUnitOfWork] StockPriceHistories blev skrevet til fil data\stock_price_history.psv
[2026-06-07 23:54:37] INFO: [StockMarket] Stock META blev opdateret og pricehistory blev gemt
[2026-06-07 23:54:37] INFO: [OwnedStockFileDAO] Ownedstocks blev indlæst fra fil
[2026-06-07 23:54:37] INFO: [SteadyState] LiveStock GM changed state from Steady to: Rising
[2026-06-07 23:54:37] INFO: [GameStateService] Stock: GM | Price: 251,40 | State: Rising
[2026-06-07 23:54:37] INFO: [StockMarket] StockListenerService modtog update for: GM
[2026-06-07 23:54:37] INFO: [StockListenerService] Transaction started
[2026-06-07 23:54:37] INFO: [FileUnitOfWork] Stock blev skrevet til fil data\stocks.psv
[2026-06-07 23:54:37] INFO: [FileUnitOfWork] StockPriceHistories blev skrevet til fil data\stock_price_history.psv
[2026-06-07 23:54:37] INFO: [StockMarket] Stock GM blev opdateret og pricehistory blev gemt
[2026-06-07 23:54:37] INFO: [OwnedStockFileDAO] Ownedstocks blev indlæst fra fil
[2026-06-07 23:54:38] INFO: [DashboardViewModel] Game stopped
[2026-06-07 23:54:39] INFO: [DashboardViewModel] Game started
[2026-06-07 23:54:39] INFO: [MarketTickHandler] Game started
[2026-06-07 23:54:39] INFO: [Thread] Markedet blev opdateret
[2026-06-07 23:54:39] INFO: [MarketTickHandler] Updating stock market
[2026-06-07 23:54:39] INFO: [GameStateService] Stock: AAPL | Price: 237,51 | State: Steady
[2026-06-07 23:54:39] INFO: [StockMarket] StockListenerService modtog update for: AAPL
[2026-06-07 23:54:39] INFO: [StockListenerService] Transaction started
[2026-06-07 23:54:39] INFO: [FileUnitOfWork] Stock blev skrevet til fil data\stocks.psv
[2026-06-07 23:54:39] INFO: [FileUnitOfWork] StockPriceHistories blev skrevet til fil data\stock_price_history.psv
[2026-06-07 23:54:39] INFO: [StockMarket] Stock AAPL blev opdateret og pricehistory blev gemt
[2026-06-07 23:54:39] INFO: [OwnedStockFileDAO] Ownedstocks blev indlæst fra fil
[2026-06-07 23:54:39] INFO: [GameStateService] Stock: TSLA | Price: 109,66 | State: Declining
[2026-06-07 23:54:39] INFO: [StockMarket] StockListenerService modtog update for: TSLA
[2026-06-07 23:54:39] INFO: [StockListenerService] Transaction started
[2026-06-07 23:54:39] INFO: [FileUnitOfWork] Stock blev skrevet til fil data\stocks.psv
[2026-06-07 23:54:39] INFO: [FileUnitOfWork] StockPriceHistories blev skrevet til fil data\stock_price_history.psv
[2026-06-07 23:54:39] INFO: [StockMarket] Stock TSLA blev opdateret og pricehistory blev gemt
[2026-06-07 23:54:39] INFO: [OwnedStockFileDAO] Ownedstocks blev indlæst fra fil
[2026-06-07 23:54:39] INFO: [RisingState] LiveStock NVDA changed state from Rising to: Declining
[2026-06-07 23:54:39] INFO: [GameStateService] Stock: NVDA | Price: 125,10 | State: Declining
[2026-06-07 23:54:39] INFO: [StockMarket] StockListenerService modtog update for: NVDA
[2026-06-07 23:54:39] INFO: [StockListenerService] Transaction started
[2026-06-07 23:54:39] INFO: [FileUnitOfWork] Stock blev skrevet til fil data\stocks.psv
[2026-06-07 23:54:39] INFO: [FileUnitOfWork] StockPriceHistories blev skrevet til fil data\stock_price_history.psv
[2026-06-07 23:54:39] INFO: [StockMarket] Stock NVDA blev opdateret og pricehistory blev gemt
[2026-06-07 23:54:39] INFO: [OwnedStockFileDAO] Ownedstocks blev indlæst fra fil
[2026-06-07 23:54:39] INFO: [GameStateService] Stock: MSFT | Price: 475,31 | State: Steady
[2026-06-07 23:54:39] INFO: [StockMarket] StockListenerService modtog update for: MSFT
[2026-06-07 23:54:39] INFO: [StockListenerService] Transaction started
[2026-06-07 23:54:39] INFO: [FileUnitOfWork] Stock blev skrevet til fil data\stocks.psv
[2026-06-07 23:54:39] INFO: [FileUnitOfWork] StockPriceHistories blev skrevet til fil data\stock_price_history.psv
[2026-06-07 23:54:39] INFO: [StockMarket] Stock MSFT blev opdateret og pricehistory blev gemt
[2026-06-07 23:54:39] INFO: [OwnedStockFileDAO] Ownedstocks blev indlæst fra fil
[2026-06-07 23:54:39] INFO: [GameStateService] Stock: GOOGL | Price: 348,79 | State: Steady
[2026-06-07 23:54:39] INFO: [StockMarket] StockListenerService modtog update for: GOOGL
[2026-06-07 23:54:39] INFO: [StockListenerService] Transaction started
[2026-06-07 23:54:39] INFO: [FileUnitOfWork] Stock blev skrevet til fil data\stocks.psv
[2026-06-07 23:54:39] INFO: [FileUnitOfWork] StockPriceHistories blev skrevet til fil data\stock_price_history.psv
[2026-06-07 23:54:39] INFO: [StockMarket] Stock GOOGL blev opdateret og pricehistory blev gemt
[2026-06-07 23:54:39] INFO: [OwnedStockFileDAO] Ownedstocks blev indlæst fra fil
[2026-06-07 23:54:39] INFO: [DecliningState] LiveStock AMZN changed state from Declining to: Steady
[2026-06-07 23:54:39] INFO: [GameStateService] Stock: AMZN | Price: 274,93 | State: Steady
[2026-06-07 23:54:39] INFO: [StockMarket] StockListenerService modtog update for: AMZN
[2026-06-07 23:54:39] INFO: [StockListenerService] Transaction started
[2026-06-07 23:54:39] INFO: [FileUnitOfWork] Stock blev skrevet til fil data\stocks.psv
[2026-06-07 23:54:39] INFO: [FileUnitOfWork] StockPriceHistories blev skrevet til fil data\stock_price_history.psv
[2026-06-07 23:54:39] INFO: [StockMarket] Stock AMZN blev opdateret og pricehistory blev gemt
[2026-06-07 23:54:39] INFO: [OwnedStockFileDAO] Ownedstocks blev indlæst fra fil
[2026-06-07 23:54:39] INFO: [GameStateService] Stock: META | Price: 425,20 | State: Rising
[2026-06-07 23:54:39] INFO: [StockMarket] StockListenerService modtog update for: META
[2026-06-07 23:54:39] INFO: [StockListenerService] Transaction started
[2026-06-07 23:54:39] INFO: [FileUnitOfWork] Stock blev skrevet til fil data\stocks.psv
[2026-06-07 23:54:39] INFO: [FileUnitOfWork] StockPriceHistories blev skrevet til fil data\stock_price_history.psv
[2026-06-07 23:54:39] INFO: [StockMarket] Stock META blev opdateret og pricehistory blev gemt
[2026-06-07 23:54:39] INFO: [OwnedStockFileDAO] Ownedstocks blev indlæst fra fil
[2026-06-07 23:54:39] INFO: [GameStateService] Stock: GM | Price: 251,51 | State: Rising
[2026-06-07 23:54:39] INFO: [StockMarket] StockListenerService modtog update for: GM
[2026-06-07 23:54:39] INFO: [StockListenerService] Transaction started
[2026-06-07 23:54:39] INFO: [FileUnitOfWork] Stock blev skrevet til fil data\stocks.psv
[2026-06-07 23:54:39] INFO: [FileUnitOfWork] StockPriceHistories blev skrevet til fil data\stock_price_history.psv
[2026-06-07 23:54:39] INFO: [StockMarket] Stock GM blev opdateret og pricehistory blev gemt
[2026-06-07 23:54:39] INFO: [OwnedStockFileDAO] Ownedstocks blev indlæst fra fil
[2026-06-07 23:54:39] INFO: [BuyStocksViewModel] Fetching portfolio: e6f56e16-0f0a-40d4-a655-b91e689c4dd1
[2026-06-07 23:54:39] INFO: [BuyStocksViewModel] Fetching AvailableStocks
[2026-06-07 23:54:41] INFO: [MarketTickHandler] Game started
[2026-06-07 23:54:41] INFO: [Thread] Markedet blev opdateret
[2026-06-07 23:54:41] INFO: [MarketTickHandler] Updating stock market
[2026-06-07 23:54:41] INFO: [GameStateService] Stock: AAPL | Price: 236,94 | State: Steady
[2026-06-07 23:54:41] INFO: [StockMarket] StockListenerService modtog update for: AAPL
[2026-06-07 23:54:41] INFO: [StockListenerService] Transaction started
[2026-06-07 23:54:41] INFO: [FileUnitOfWork] Stock blev skrevet til fil data\stocks.psv
[2026-06-07 23:54:41] INFO: [FileUnitOfWork] StockPriceHistories blev skrevet til fil data\stock_price_history.psv
[2026-06-07 23:54:41] INFO: [StockMarket] Stock AAPL blev opdateret og pricehistory blev gemt
[2026-06-07 23:54:41] INFO: [OwnedStockFileDAO] Ownedstocks blev indlæst fra fil
[2026-06-07 23:54:41] INFO: [GameStateService] Stock: TSLA | Price: 109,77 | State: Declining
[2026-06-07 23:54:41] INFO: [StockMarket] StockListenerService modtog update for: TSLA
[2026-06-07 23:54:41] INFO: [StockListenerService] Transaction started
[2026-06-07 23:54:41] INFO: [FileUnitOfWork] Stock blev skrevet til fil data\stocks.psv
[2026-06-07 23:54:41] INFO: [FileUnitOfWork] StockPriceHistories blev skrevet til fil data\stock_price_history.psv
[2026-06-07 23:54:41] INFO: [StockMarket] Stock TSLA blev opdateret og pricehistory blev gemt
[2026-06-07 23:54:41] INFO: [OwnedStockFileDAO] Ownedstocks blev indlæst fra fil
[2026-06-07 23:54:41] INFO: [GameStateService] Stock: NVDA | Price: 124,91 | State: Declining
[2026-06-07 23:54:41] INFO: [StockMarket] StockListenerService modtog update for: NVDA
[2026-06-07 23:54:41] INFO: [StockListenerService] Transaction started
[2026-06-07 23:54:41] INFO: [FileUnitOfWork] Stock blev skrevet til fil data\stocks.psv
[2026-06-07 23:54:41] INFO: [FileUnitOfWork] StockPriceHistories blev skrevet til fil data\stock_price_history.psv
[2026-06-07 23:54:41] INFO: [StockMarket] Stock NVDA blev opdateret og pricehistory blev gemt
[2026-06-07 23:54:41] INFO: [OwnedStockFileDAO] Ownedstocks blev indlæst fra fil
[2026-06-07 23:54:41] INFO: [GameStateService] Stock: MSFT | Price: 475,19 | State: Steady
[2026-06-07 23:54:41] INFO: [StockMarket] StockListenerService modtog update for: MSFT
[2026-06-07 23:54:41] INFO: [StockListenerService] Transaction started
[2026-06-07 23:54:41] INFO: [FileUnitOfWork] Stock blev skrevet til fil data\stocks.psv
[2026-06-07 23:54:41] INFO: [FileUnitOfWork] StockPriceHistories blev skrevet til fil data\stock_price_history.psv
[2026-06-07 23:54:41] INFO: [StockMarket] Stock MSFT blev opdateret og pricehistory blev gemt
[2026-06-07 23:54:41] INFO: [OwnedStockFileDAO] Ownedstocks blev indlæst fra fil
[2026-06-07 23:54:41] INFO: [SteadyState] LiveStock GOOGL changed state from Steady to: Declining
[2026-06-07 23:54:41] INFO: [GameStateService] Stock: GOOGL | Price: 348,60 | State: Declining
[2026-06-07 23:54:41] INFO: [StockMarket] StockListenerService modtog update for: GOOGL
[2026-06-07 23:54:41] INFO: [StockListenerService] Transaction started
[2026-06-07 23:54:41] INFO: [FileUnitOfWork] Stock blev skrevet til fil data\stocks.psv
[2026-06-07 23:54:41] INFO: [FileUnitOfWork] StockPriceHistories blev skrevet til fil data\stock_price_history.psv
[2026-06-07 23:54:41] INFO: [StockMarket] Stock GOOGL blev opdateret og pricehistory blev gemt
[2026-06-07 23:54:41] INFO: [OwnedStockFileDAO] Ownedstocks blev indlæst fra fil
[2026-06-07 23:54:41] INFO: [GameStateService] Stock: AMZN | Price: 275,18 | State: Steady
[2026-06-07 23:54:41] INFO: [StockMarket] StockListenerService modtog update for: AMZN
[2026-06-07 23:54:41] INFO: [StockListenerService] Transaction started
[2026-06-07 23:54:41] INFO: [FileUnitOfWork] Stock blev skrevet til fil data\stocks.psv
[2026-06-07 23:54:41] INFO: [FileUnitOfWork] StockPriceHistories blev skrevet til fil data\stock_price_history.psv
[2026-06-07 23:54:41] INFO: [StockMarket] Stock AMZN blev opdateret og pricehistory blev gemt
[2026-06-07 23:54:41] INFO: [OwnedStockFileDAO] Ownedstocks blev indlæst fra fil
[2026-06-07 23:54:41] INFO: [GameStateService] Stock: META | Price: 429,85 | State: Rising
[2026-06-07 23:54:41] INFO: [StockMarket] StockListenerService modtog update for: META
[2026-06-07 23:54:41] INFO: [StockListenerService] Transaction started
[2026-06-07 23:54:41] INFO: [FileUnitOfWork] Stock blev skrevet til fil data\stocks.psv
[2026-06-07 23:54:41] INFO: [FileUnitOfWork] StockPriceHistories blev skrevet til fil data\stock_price_history.psv
[2026-06-07 23:54:41] INFO: [StockMarket] Stock META blev opdateret og pricehistory blev gemt
[2026-06-07 23:54:41] INFO: [OwnedStockFileDAO] Ownedstocks blev indlæst fra fil
[2026-06-07 23:54:41] INFO: [RisingState] LiveStock GM changed state from Rising to: Declining
[2026-06-07 23:54:41] INFO: [GameStateService] Stock: GM | Price: 252,86 | State: Declining
[2026-06-07 23:54:41] INFO: [StockMarket] StockListenerService modtog update for: GM
[2026-06-07 23:54:41] INFO: [StockListenerService] Transaction started
[2026-06-07 23:54:41] INFO: [FileUnitOfWork] Stock blev skrevet til fil data\stocks.psv
[2026-06-07 23:54:41] INFO: [FileUnitOfWork] StockPriceHistories blev skrevet til fil data\stock_price_history.psv
[2026-06-07 23:54:41] INFO: [StockMarket] Stock GM blev opdateret og pricehistory blev gemt
[2026-06-07 23:54:41] INFO: [OwnedStockFileDAO] Ownedstocks blev indlæst fra fil
[2026-06-07 23:54:41] INFO: [BuyStocksViewModel] Fetching portfolio: e6f56e16-0f0a-40d4-a655-b91e689c4dd1
[2026-06-07 23:54:41] INFO: [BuyStocksViewModel] Fetching portfolio: e6f56e16-0f0a-40d4-a655-b91e689c4dd1
[2026-06-07 23:54:42] INFO: [MarketTickHandler] Game started
[2026-06-07 23:54:42] INFO: [Thread] Markedet blev opdateret
[2026-06-07 23:54:42] INFO: [MarketTickHandler] Updating stock market
[2026-06-07 23:54:42] INFO: [GameStateService] Stock: AAPL | Price: 237,81 | State: Steady
[2026-06-07 23:54:42] INFO: [StockMarket] StockListenerService modtog update for: AAPL
[2026-06-07 23:54:42] INFO: [StockListenerService] Transaction started
[2026-06-07 23:54:42] INFO: [FileUnitOfWork] Stock blev skrevet til fil data\stocks.psv
[2026-06-07 23:54:42] INFO: [FileUnitOfWork] StockPriceHistories blev skrevet til fil data\stock_price_history.psv
[2026-06-07 23:54:42] INFO: [StockMarket] Stock AAPL blev opdateret og pricehistory blev gemt
[2026-06-07 23:54:42] INFO: [OwnedStockFileDAO] Ownedstocks blev indlæst fra fil
[2026-06-07 23:54:42] INFO: [DecliningState] LiveStock TSLA changed state from Declining to: Steady
[2026-06-07 23:54:42] INFO: [GameStateService] Stock: TSLA | Price: 107,27 | State: Steady
[2026-06-07 23:54:42] INFO: [StockMarket] StockListenerService modtog update for: TSLA
[2026-06-07 23:54:42] INFO: [StockListenerService] Transaction started
[2026-06-07 23:54:42] INFO: [FileUnitOfWork] Stock blev skrevet til fil data\stocks.psv
[2026-06-07 23:54:42] INFO: [FileUnitOfWork] StockPriceHistories blev skrevet til fil data\stock_price_history.psv
[2026-06-07 23:54:42] INFO: [StockMarket] Stock TSLA blev opdateret og pricehistory blev gemt
[2026-06-07 23:54:42] INFO: [OwnedStockFileDAO] Ownedstocks blev indlæst fra fil
[2026-06-07 23:54:42] INFO: [DecliningState] LiveStock NVDA changed state from Declining to: Steady
[2026-06-07 23:54:42] INFO: [GameStateService] Stock: NVDA | Price: 123,98 | State: Steady
[2026-06-07 23:54:42] INFO: [StockMarket] StockListenerService modtog update for: NVDA
[2026-06-07 23:54:42] INFO: [StockListenerService] Transaction started
[2026-06-07 23:54:42] INFO: [FileUnitOfWork] Stock blev skrevet til fil data\stocks.psv
[2026-06-07 23:54:42] INFO: [FileUnitOfWork] StockPriceHistories blev skrevet til fil data\stock_price_history.psv
[2026-06-07 23:54:42] INFO: [StockMarket] Stock NVDA blev opdateret og pricehistory blev gemt
[2026-06-07 23:54:42] INFO: [OwnedStockFileDAO] Ownedstocks blev indlæst fra fil
[2026-06-07 23:54:42] INFO: [GameStateService] Stock: MSFT | Price: 475,54 | State: Steady
[2026-06-07 23:54:42] INFO: [StockMarket] StockListenerService modtog update for: MSFT
[2026-06-07 23:54:42] INFO: [StockListenerService] Transaction started
[2026-06-07 23:54:42] INFO: [FileUnitOfWork] Stock blev skrevet til fil data\stocks.psv
[2026-06-07 23:54:42] INFO: [FileUnitOfWork] StockPriceHistories blev skrevet til fil data\stock_price_history.psv
[2026-06-07 23:54:42] INFO: [StockMarket] Stock MSFT blev opdateret og pricehistory blev gemt
[2026-06-07 23:54:42] INFO: [OwnedStockFileDAO] Ownedstocks blev indlæst fra fil
[2026-06-07 23:54:42] INFO: [GameStateService] Stock: GOOGL | Price: 344,70 | State: Declining
[2026-06-07 23:54:42] INFO: [StockMarket] StockListenerService modtog update for: GOOGL
[2026-06-07 23:54:42] INFO: [StockListenerService] Transaction started
[2026-06-07 23:54:42] INFO: [FileUnitOfWork] Stock blev skrevet til fil data\stocks.psv
[2026-06-07 23:54:42] INFO: [FileUnitOfWork] StockPriceHistories blev skrevet til fil data\stock_price_history.psv
[2026-06-07 23:54:42] INFO: [StockMarket] Stock GOOGL blev opdateret og pricehistory blev gemt
[2026-06-07 23:54:42] INFO: [OwnedStockFileDAO] Ownedstocks blev indlæst fra fil
[2026-06-07 23:54:42] INFO: [SteadyState] LiveStock AMZN changed state from Steady to: Declining
[2026-06-07 23:54:42] INFO: [GameStateService] Stock: AMZN | Price: 275,28 | State: Declining
[2026-06-07 23:54:42] INFO: [StockMarket] StockListenerService modtog update for: AMZN
[2026-06-07 23:54:42] INFO: [StockListenerService] Transaction started
[2026-06-07 23:54:42] INFO: [FileUnitOfWork] Stock blev skrevet til fil data\stocks.psv
[2026-06-07 23:54:42] INFO: [FileUnitOfWork] StockPriceHistories blev skrevet til fil data\stock_price_history.psv
[2026-06-07 23:54:42] INFO: [StockMarket] Stock AMZN blev opdateret og pricehistory blev gemt
[2026-06-07 23:54:42] INFO: [OwnedStockFileDAO] Ownedstocks blev indlæst fra fil
[2026-06-07 23:54:42] INFO: [GameStateService] Stock: META | Price: 431,22 | State: Rising
[2026-06-07 23:54:42] INFO: [StockMarket] StockListenerService modtog update for: META
[2026-06-07 23:54:42] INFO: [StockListenerService] Transaction started
[2026-06-07 23:54:42] INFO: [FileUnitOfWork] Stock blev skrevet til fil data\stocks.psv
[2026-06-07 23:54:42] INFO: [FileUnitOfWork] StockPriceHistories blev skrevet til fil data\stock_price_history.psv
[2026-06-07 23:54:42] INFO: [StockMarket] Stock META blev opdateret og pricehistory blev gemt
[2026-06-07 23:54:42] INFO: [OwnedStockFileDAO] Ownedstocks blev indlæst fra fil
[2026-06-07 23:54:42] INFO: [GameStateService] Stock: GM | Price: 247,87 | State: Declining
[2026-06-07 23:54:42] INFO: [StockMarket] StockListenerService modtog update for: GM
[2026-06-07 23:54:42] INFO: [StockListenerService] Transaction started
[2026-06-07 23:54:42] INFO: [FileUnitOfWork] Stock blev skrevet til fil data\stocks.psv
[2026-06-07 23:54:42] INFO: [FileUnitOfWork] StockPriceHistories blev skrevet til fil data\stock_price_history.psv
[2026-06-07 23:54:42] INFO: [StockMarket] Stock GM blev opdateret og pricehistory blev gemt
[2026-06-07 23:54:42] INFO: [OwnedStockFileDAO] Ownedstocks blev indlæst fra fil
[2026-06-07 23:54:43] INFO: [MarketTickHandler] Game started
[2026-06-07 23:54:43] INFO: [Thread] Markedet blev opdateret
[2026-06-07 23:54:43] INFO: [MarketTickHandler] Updating stock market
[2026-06-07 23:54:43] INFO: [GameStateService] Stock: AAPL | Price: 237,85 | State: Steady
[2026-06-07 23:54:43] INFO: [StockMarket] StockListenerService modtog update for: AAPL
[2026-06-07 23:54:43] INFO: [StockListenerService] Transaction started
[2026-06-07 23:54:43] INFO: [FileUnitOfWork] Stock blev skrevet til fil data\stocks.psv
[2026-06-07 23:54:43] INFO: [FileUnitOfWork] StockPriceHistories blev skrevet til fil data\stock_price_history.psv
[2026-06-07 23:54:43] INFO: [StockMarket] Stock AAPL blev opdateret og pricehistory blev gemt
[2026-06-07 23:54:43] INFO: [OwnedStockFileDAO] Ownedstocks blev indlæst fra fil
[2026-06-07 23:54:43] INFO: [GameStateService] Stock: TSLA | Price: 107,98 | State: Steady
[2026-06-07 23:54:43] INFO: [StockMarket] StockListenerService modtog update for: TSLA
[2026-06-07 23:54:43] INFO: [StockListenerService] Transaction started
[2026-06-07 23:54:43] INFO: [FileUnitOfWork] Stock blev skrevet til fil data\stocks.psv
[2026-06-07 23:54:43] INFO: [FileUnitOfWork] StockPriceHistories blev skrevet til fil data\stock_price_history.psv
[2026-06-07 23:54:43] INFO: [StockMarket] Stock TSLA blev opdateret og pricehistory blev gemt
[2026-06-07 23:54:43] INFO: [OwnedStockFileDAO] Ownedstocks blev indlæst fra fil
[2026-06-07 23:54:43] INFO: [GameStateService] Stock: NVDA | Price: 123,28 | State: Steady
[2026-06-07 23:54:43] INFO: [StockMarket] StockListenerService modtog update for: NVDA
[2026-06-07 23:54:43] INFO: [StockListenerService] Transaction started
[2026-06-07 23:54:43] INFO: [FileUnitOfWork] Stock blev skrevet til fil data\stocks.psv
[2026-06-07 23:54:43] INFO: [FileUnitOfWork] StockPriceHistories blev skrevet til fil data\stock_price_history.psv
[2026-06-07 23:54:43] INFO: [StockMarket] Stock NVDA blev opdateret og pricehistory blev gemt
[2026-06-07 23:54:43] INFO: [OwnedStockFileDAO] Ownedstocks blev indlæst fra fil
[2026-06-07 23:54:43] INFO: [GameStateService] Stock: MSFT | Price: 476,16 | State: Steady
[2026-06-07 23:54:43] INFO: [StockMarket] StockListenerService modtog update for: MSFT
[2026-06-07 23:54:43] INFO: [StockListenerService] Transaction started
[2026-06-07 23:54:43] INFO: [FileUnitOfWork] Stock blev skrevet til fil data\stocks.psv
[2026-06-07 23:54:43] INFO: [FileUnitOfWork] StockPriceHistories blev skrevet til fil data\stock_price_history.psv
[2026-06-07 23:54:43] INFO: [StockMarket] Stock MSFT blev opdateret og pricehistory blev gemt
[2026-06-07 23:54:43] INFO: [OwnedStockFileDAO] Ownedstocks blev indlæst fra fil
[2026-06-07 23:54:43] INFO: [GameStateService] Stock: GOOGL | Price: 343,84 | State: Declining
[2026-06-07 23:54:43] INFO: [StockMarket] StockListenerService modtog update for: GOOGL
[2026-06-07 23:54:43] INFO: [StockListenerService] Transaction started
[2026-06-07 23:54:43] INFO: [FileUnitOfWork] Stock blev skrevet til fil data\stocks.psv
[2026-06-07 23:54:43] INFO: [FileUnitOfWork] StockPriceHistories blev skrevet til fil data\stock_price_history.psv
[2026-06-07 23:54:43] INFO: [StockMarket] Stock GOOGL blev opdateret og pricehistory blev gemt
[2026-06-07 23:54:43] INFO: [OwnedStockFileDAO] Ownedstocks blev indlæst fra fil
[2026-06-07 23:54:43] INFO: [GameStateService] Stock: AMZN | Price: 275,83 | State: Declining
[2026-06-07 23:54:43] INFO: [StockMarket] StockListenerService modtog update for: AMZN
[2026-06-07 23:54:43] INFO: [StockListenerService] Transaction started
[2026-06-07 23:54:43] INFO: [FileUnitOfWork] Stock blev skrevet til fil data\stocks.psv
[2026-06-07 23:54:43] INFO: [FileUnitOfWork] StockPriceHistories blev skrevet til fil data\stock_price_history.psv
[2026-06-07 23:54:43] INFO: [StockMarket] Stock AMZN blev opdateret og pricehistory blev gemt
[2026-06-07 23:54:43] INFO: [OwnedStockFileDAO] Ownedstocks blev indlæst fra fil
[2026-06-07 23:54:43] INFO: [GameStateService] Stock: META | Price: 435,65 | State: Rising
[2026-06-07 23:54:43] INFO: [StockMarket] StockListenerService modtog update for: META
[2026-06-07 23:54:43] INFO: [StockListenerService] Transaction started
[2026-06-07 23:54:43] INFO: [FileUnitOfWork] Stock blev skrevet til fil data\stocks.psv
[2026-06-07 23:54:43] INFO: [FileUnitOfWork] StockPriceHistories blev skrevet til fil data\stock_price_history.psv
[2026-06-07 23:54:43] INFO: [StockMarket] Stock META blev opdateret og pricehistory blev gemt
[2026-06-07 23:54:43] INFO: [OwnedStockFileDAO] Ownedstocks blev indlæst fra fil
[2026-06-07 23:54:43] INFO: [DecliningState] LiveStock GM changed state from Declining to: Rising
[2026-06-07 23:54:43] INFO: [GameStateService] Stock: GM | Price: 243,31 | State: Rising
[2026-06-07 23:54:43] INFO: [StockMarket] StockListenerService modtog update for: GM
[2026-06-07 23:54:43] INFO: [StockListenerService] Transaction started
[2026-06-07 23:54:43] INFO: [FileUnitOfWork] Stock blev skrevet til fil data\stocks.psv
[2026-06-07 23:54:43] INFO: [FileUnitOfWork] StockPriceHistories blev skrevet til fil data\stock_price_history.psv
[2026-06-07 23:54:43] INFO: [StockMarket] Stock GM blev opdateret og pricehistory blev gemt
[2026-06-07 23:54:43] INFO: [OwnedStockFileDAO] Ownedstocks blev indlæst fra fil
[2026-06-07 23:54:44] INFO: [MarketTickHandler] Game started
[2026-06-07 23:54:44] INFO: [Thread] Markedet blev opdateret
[2026-06-07 23:54:44] INFO: [MarketTickHandler] Updating stock market
[2026-06-07 23:54:44] INFO: [GameStateService] Stock: AAPL | Price: 237,92 | State: Steady
[2026-06-07 23:54:44] INFO: [StockMarket] StockListenerService modtog update for: AAPL
[2026-06-07 23:54:44] INFO: [StockListenerService] Transaction started
[2026-06-07 23:54:44] INFO: [FileUnitOfWork] Stock blev skrevet til fil data\stocks.psv
[2026-06-07 23:54:44] INFO: [FileUnitOfWork] StockPriceHistories blev skrevet til fil data\stock_price_history.psv
[2026-06-07 23:54:44] INFO: [StockMarket] Stock AAPL blev opdateret og pricehistory blev gemt
[2026-06-07 23:54:44] INFO: [OwnedStockFileDAO] Ownedstocks blev indlæst fra fil
[2026-06-07 23:54:44] INFO: [GameStateService] Stock: TSLA | Price: 108,39 | State: Steady
[2026-06-07 23:54:44] INFO: [StockMarket] StockListenerService modtog update for: TSLA
[2026-06-07 23:54:44] INFO: [StockListenerService] Transaction started
[2026-06-07 23:54:44] INFO: [FileUnitOfWork] Stock blev skrevet til fil data\stocks.psv
[2026-06-07 23:54:44] INFO: [FileUnitOfWork] StockPriceHistories blev skrevet til fil data\stock_price_history.psv
[2026-06-07 23:54:44] INFO: [StockMarket] Stock TSLA blev opdateret og pricehistory blev gemt
[2026-06-07 23:54:44] INFO: [OwnedStockFileDAO] Ownedstocks blev indlæst fra fil
[2026-06-07 23:54:44] INFO: [GameStateService] Stock: NVDA | Price: 123,20 | State: Steady
[2026-06-07 23:54:44] INFO: [StockMarket] StockListenerService modtog update for: NVDA
[2026-06-07 23:54:44] INFO: [StockListenerService] Transaction started
[2026-06-07 23:54:44] INFO: [FileUnitOfWork] Stock blev skrevet til fil data\stocks.psv
[2026-06-07 23:54:44] INFO: [FileUnitOfWork] StockPriceHistories blev skrevet til fil data\stock_price_history.psv
[2026-06-07 23:54:44] INFO: [StockMarket] Stock NVDA blev opdateret og pricehistory blev gemt
[2026-06-07 23:54:44] INFO: [OwnedStockFileDAO] Ownedstocks blev indlæst fra fil
[2026-06-07 23:54:44] INFO: [GameStateService] Stock: MSFT | Price: 476,16 | State: Steady
[2026-06-07 23:54:44] INFO: [StockMarket] StockListenerService modtog update for: MSFT
[2026-06-07 23:54:44] INFO: [StockListenerService] Transaction started
[2026-06-07 23:54:44] INFO: [FileUnitOfWork] Stock blev skrevet til fil data\stocks.psv
[2026-06-07 23:54:44] INFO: [FileUnitOfWork] StockPriceHistories blev skrevet til fil data\stock_price_history.psv
[2026-06-07 23:54:44] INFO: [StockMarket] Stock MSFT blev opdateret og pricehistory blev gemt
[2026-06-07 23:54:44] INFO: [OwnedStockFileDAO] Ownedstocks blev indlæst fra fil
[2026-06-07 23:54:44] INFO: [GameStateService] Stock: GOOGL | Price: 344,49 | State: Declining
[2026-06-07 23:54:44] INFO: [StockMarket] StockListenerService modtog update for: GOOGL
[2026-06-07 23:54:44] INFO: [StockListenerService] Transaction started
[2026-06-07 23:54:44] INFO: [FileUnitOfWork] Stock blev skrevet til fil data\stocks.psv
[2026-06-07 23:54:44] INFO: [FileUnitOfWork] StockPriceHistories blev skrevet til fil data\stock_price_history.psv
[2026-06-07 23:54:44] INFO: [StockMarket] Stock GOOGL blev opdateret og pricehistory blev gemt
[2026-06-07 23:54:44] INFO: [OwnedStockFileDAO] Ownedstocks blev indlæst fra fil
[2026-06-07 23:54:44] INFO: [GameStateService] Stock: AMZN | Price: 275,61 | State: Declining
[2026-06-07 23:54:44] INFO: [StockMarket] StockListenerService modtog update for: AMZN
[2026-06-07 23:54:44] INFO: [StockListenerService] Transaction started
[2026-06-07 23:54:44] INFO: [FileUnitOfWork] Stock blev skrevet til fil data\stocks.psv
[2026-06-07 23:54:44] INFO: [FileUnitOfWork] StockPriceHistories blev skrevet til fil data\stock_price_history.psv
[2026-06-07 23:54:44] INFO: [StockMarket] Stock AMZN blev opdateret og pricehistory blev gemt
[2026-06-07 23:54:44] INFO: [OwnedStockFileDAO] Ownedstocks blev indlæst fra fil
[2026-06-07 23:54:44] INFO: [GameStateService] Stock: META | Price: 434,21 | State: Rising
[2026-06-07 23:54:44] INFO: [StockMarket] StockListenerService modtog update for: META
[2026-06-07 23:54:44] INFO: [StockListenerService] Transaction started
[2026-06-07 23:54:44] INFO: [FileUnitOfWork] Stock blev skrevet til fil data\stocks.psv
[2026-06-07 23:54:44] INFO: [FileUnitOfWork] StockPriceHistories blev skrevet til fil data\stock_price_history.psv
[2026-06-07 23:54:44] INFO: [StockMarket] Stock META blev opdateret og pricehistory blev gemt
[2026-06-07 23:54:44] INFO: [OwnedStockFileDAO] Ownedstocks blev indlæst fra fil
[2026-06-07 23:54:44] INFO: [GameStateService] Stock: GM | Price: 244,18 | State: Rising
[2026-06-07 23:54:44] INFO: [StockMarket] StockListenerService modtog update for: GM
[2026-06-07 23:54:44] INFO: [StockListenerService] Transaction started
[2026-06-07 23:54:44] INFO: [FileUnitOfWork] Stock blev skrevet til fil data\stocks.psv
[2026-06-07 23:54:44] INFO: [FileUnitOfWork] StockPriceHistories blev skrevet til fil data\stock_price_history.psv
[2026-06-07 23:54:44] INFO: [StockMarket] Stock GM blev opdateret og pricehistory blev gemt
[2026-06-07 23:54:44] INFO: [OwnedStockFileDAO] Ownedstocks blev indlæst fra fil
[2026-06-07 23:54:45] INFO: [MarketTickHandler] Game started
[2026-06-07 23:54:45] INFO: [Thread] Markedet blev opdateret
[2026-06-07 23:54:45] INFO: [MarketTickHandler] Updating stock market
[2026-06-07 23:54:45] INFO: [GameStateService] Stock: AAPL | Price: 237,68 | State: Steady
[2026-06-07 23:54:45] INFO: [StockMarket] StockListenerService modtog update for: AAPL
[2026-06-07 23:54:45] INFO: [StockListenerService] Transaction started
[2026-06-07 23:54:45] INFO: [FileUnitOfWork] Stock blev skrevet til fil data\stocks.psv
[2026-06-07 23:54:45] INFO: [FileUnitOfWork] StockPriceHistories blev skrevet til fil data\stock_price_history.psv
[2026-06-07 23:54:45] INFO: [StockMarket] Stock AAPL blev opdateret og pricehistory blev gemt
[2026-06-07 23:54:45] INFO: [OwnedStockFileDAO] Ownedstocks blev indlæst fra fil
[2026-06-07 23:54:45] INFO: [GameStateService] Stock: TSLA | Price: 108,81 | State: Steady
[2026-06-07 23:54:45] INFO: [StockMarket] StockListenerService modtog update for: TSLA
[2026-06-07 23:54:45] INFO: [StockListenerService] Transaction started
[2026-06-07 23:54:45] INFO: [FileUnitOfWork] Stock blev skrevet til fil data\stocks.psv
[2026-06-07 23:54:45] INFO: [FileUnitOfWork] StockPriceHistories blev skrevet til fil data\stock_price_history.psv
[2026-06-07 23:54:45] INFO: [StockMarket] Stock TSLA blev opdateret og pricehistory blev gemt
[2026-06-07 23:54:45] INFO: [OwnedStockFileDAO] Ownedstocks blev indlæst fra fil
[2026-06-07 23:54:45] INFO: [SteadyState] LiveStock NVDA changed state from Steady to: Declining
[2026-06-07 23:54:45] INFO: [GameStateService] Stock: NVDA | Price: 123,91 | State: Declining
[2026-06-07 23:54:45] INFO: [StockMarket] StockListenerService modtog update for: NVDA
[2026-06-07 23:54:45] INFO: [StockListenerService] Transaction started
[2026-06-07 23:54:45] INFO: [FileUnitOfWork] Stock blev skrevet til fil data\stocks.psv
[2026-06-07 23:54:45] INFO: [FileUnitOfWork] StockPriceHistories blev skrevet til fil data\stock_price_history.psv
[2026-06-07 23:54:45] INFO: [StockMarket] Stock NVDA blev opdateret og pricehistory blev gemt
[2026-06-07 23:54:45] INFO: [OwnedStockFileDAO] Ownedstocks blev indlæst fra fil
[2026-06-07 23:54:45] INFO: [GameStateService] Stock: MSFT | Price: 476,73 | State: Steady
[2026-06-07 23:54:45] INFO: [StockMarket] StockListenerService modtog update for: MSFT
[2026-06-07 23:54:45] INFO: [StockListenerService] Transaction started
[2026-06-07 23:54:45] INFO: [FileUnitOfWork] Stock blev skrevet til fil data\stocks.psv
[2026-06-07 23:54:45] INFO: [FileUnitOfWork] StockPriceHistories blev skrevet til fil data\stock_price_history.psv
[2026-06-07 23:54:45] INFO: [StockMarket] Stock MSFT blev opdateret og pricehistory blev gemt
[2026-06-07 23:54:45] INFO: [OwnedStockFileDAO] Ownedstocks blev indlæst fra fil
[2026-06-07 23:54:45] INFO: [GameStateService] Stock: GOOGL | Price: 343,02 | State: Declining
[2026-06-07 23:54:45] INFO: [StockMarket] StockListenerService modtog update for: GOOGL
[2026-06-07 23:54:45] INFO: [StockListenerService] Transaction started
[2026-06-07 23:54:45] INFO: [FileUnitOfWork] Stock blev skrevet til fil data\stocks.psv
[2026-06-07 23:54:45] INFO: [FileUnitOfWork] StockPriceHistories blev skrevet til fil data\stock_price_history.psv
[2026-06-07 23:54:45] INFO: [StockMarket] Stock GOOGL blev opdateret og pricehistory blev gemt
[2026-06-07 23:54:45] INFO: [OwnedStockFileDAO] Ownedstocks blev indlæst fra fil
[2026-06-07 23:54:45] INFO: [DecliningState] LiveStock AMZN changed state from Declining to: Steady
[2026-06-07 23:54:45] INFO: [GameStateService] Stock: AMZN | Price: 271,53 | State: Steady
[2026-06-07 23:54:45] INFO: [StockMarket] StockListenerService modtog update for: AMZN
[2026-06-07 23:54:45] INFO: [StockListenerService] Transaction started
[2026-06-07 23:54:45] INFO: [FileUnitOfWork] Stock blev skrevet til fil data\stocks.psv
[2026-06-07 23:54:45] INFO: [FileUnitOfWork] StockPriceHistories blev skrevet til fil data\stock_price_history.psv
[2026-06-07 23:54:45] INFO: [StockMarket] Stock AMZN blev opdateret og pricehistory blev gemt
[2026-06-07 23:54:45] INFO: [OwnedStockFileDAO] Ownedstocks blev indlæst fra fil
[2026-06-07 23:54:45] INFO: [GameStateService] Stock: META | Price: 437,19 | State: Rising
[2026-06-07 23:54:45] INFO: [StockMarket] StockListenerService modtog update for: META
[2026-06-07 23:54:45] INFO: [StockListenerService] Transaction started
[2026-06-07 23:54:45] INFO: [FileUnitOfWork] Stock blev skrevet til fil data\stocks.psv
[2026-06-07 23:54:45] INFO: [FileUnitOfWork] StockPriceHistories blev skrevet til fil data\stock_price_history.psv
[2026-06-07 23:54:45] INFO: [StockMarket] Stock META blev opdateret og pricehistory blev gemt
[2026-06-07 23:54:45] INFO: [OwnedStockFileDAO] Ownedstocks blev indlæst fra fil
[2026-06-07 23:54:45] INFO: [GameStateService] Stock: GM | Price: 242,83 | State: Rising
[2026-06-07 23:54:45] INFO: [StockMarket] StockListenerService modtog update for: GM
[2026-06-07 23:54:45] INFO: [StockListenerService] Transaction started
[2026-06-07 23:54:45] INFO: [FileUnitOfWork] Stock blev skrevet til fil data\stocks.psv
[2026-06-07 23:54:45] INFO: [FileUnitOfWork] StockPriceHistories blev skrevet til fil data\stock_price_history.psv
[2026-06-07 23:54:45] INFO: [StockMarket] Stock GM blev opdateret og pricehistory blev gemt
[2026-06-07 23:54:45] INFO: [OwnedStockFileDAO] Ownedstocks blev indlæst fra fil
[2026-06-07 23:54:46] INFO: [SellStocksViewModel] Fetching portfolio: e6f56e16-0f0a-40d4-a655-b91e689c4dd1
[2026-06-07 23:54:46] INFO: [SellStocksViewModel] Fetching portfolio: e6f56e16-0f0a-40d4-a655-b91e689c4dd1
[2026-06-07 23:54:47] INFO: [MarketTickHandler] Game started
[2026-06-07 23:54:47] INFO: [Thread] Markedet blev opdateret
[2026-06-07 23:54:47] INFO: [MarketTickHandler] Updating stock market
[2026-06-07 23:54:47] INFO: [GameStateService] Stock: AAPL | Price: 237,06 | State: Steady
[2026-06-07 23:54:47] INFO: [StockMarket] StockListenerService modtog update for: AAPL
[2026-06-07 23:54:47] INFO: [StockListenerService] Transaction started
[2026-06-07 23:54:47] INFO: [FileUnitOfWork] Stock blev skrevet til fil data\stocks.psv
[2026-06-07 23:54:47] INFO: [FileUnitOfWork] StockPriceHistories blev skrevet til fil data\stock_price_history.psv
[2026-06-07 23:54:47] INFO: [StockMarket] Stock AAPL blev opdateret og pricehistory blev gemt
[2026-06-07 23:54:47] INFO: [OwnedStockFileDAO] Ownedstocks blev indlæst fra fil
[2026-06-07 23:54:47] INFO: [GameStateService] Stock: TSLA | Price: 108,02 | State: Steady
[2026-06-07 23:54:47] INFO: [StockMarket] StockListenerService modtog update for: TSLA
[2026-06-07 23:54:47] INFO: [StockListenerService] Transaction started
[2026-06-07 23:54:47] INFO: [FileUnitOfWork] Stock blev skrevet til fil data\stocks.psv
[2026-06-07 23:54:47] INFO: [FileUnitOfWork] StockPriceHistories blev skrevet til fil data\stock_price_history.psv
[2026-06-07 23:54:47] INFO: [StockMarket] Stock TSLA blev opdateret og pricehistory blev gemt
[2026-06-07 23:54:47] INFO: [OwnedStockFileDAO] Ownedstocks blev indlæst fra fil
[2026-06-07 23:54:47] INFO: [GameStateService] Stock: NVDA | Price: 123,92 | State: Declining
[2026-06-07 23:54:47] INFO: [StockMarket] StockListenerService modtog update for: NVDA
[2026-06-07 23:54:47] INFO: [StockListenerService] Transaction started
[2026-06-07 23:54:47] INFO: [FileUnitOfWork] Stock blev skrevet til fil data\stocks.psv
[2026-06-07 23:54:47] INFO: [FileUnitOfWork] StockPriceHistories blev skrevet til fil data\stock_price_history.psv
[2026-06-07 23:54:47] INFO: [StockMarket] Stock NVDA blev opdateret og pricehistory blev gemt
[2026-06-07 23:54:47] INFO: [OwnedStockFileDAO] Ownedstocks blev indlæst fra fil
[2026-06-07 23:54:47] INFO: [GameStateService] Stock: MSFT | Price: 476,22 | State: Steady
[2026-06-07 23:54:47] INFO: [StockMarket] StockListenerService modtog update for: MSFT
[2026-06-07 23:54:47] INFO: [StockListenerService] Transaction started
[2026-06-07 23:54:47] INFO: [FileUnitOfWork] Stock blev skrevet til fil data\stocks.psv
[2026-06-07 23:54:47] INFO: [FileUnitOfWork] StockPriceHistories blev skrevet til fil data\stock_price_history.psv
[2026-06-07 23:54:47] INFO: [StockMarket] Stock MSFT blev opdateret og pricehistory blev gemt
[2026-06-07 23:54:47] INFO: [OwnedStockFileDAO] Ownedstocks blev indlæst fra fil
[2026-06-07 23:54:47] INFO: [DecliningState] LiveStock GOOGL changed state from Declining to: Steady
[2026-06-07 23:54:47] INFO: [GameStateService] Stock: GOOGL | Price: 339,07 | State: Steady
[2026-06-07 23:54:47] INFO: [StockMarket] StockListenerService modtog update for: GOOGL
[2026-06-07 23:54:47] INFO: [StockListenerService] Transaction started
[2026-06-07 23:54:47] INFO: [FileUnitOfWork] Stock blev skrevet til fil data\stocks.psv
[2026-06-07 23:54:47] INFO: [FileUnitOfWork] StockPriceHistories blev skrevet til fil data\stock_price_history.psv
[2026-06-07 23:54:47] INFO: [StockMarket] Stock GOOGL blev opdateret og pricehistory blev gemt
[2026-06-07 23:54:47] INFO: [OwnedStockFileDAO] Ownedstocks blev indlæst fra fil
[2026-06-07 23:54:47] INFO: [GameStateService] Stock: AMZN | Price: 272,01 | State: Steady
[2026-06-07 23:54:47] INFO: [StockMarket] StockListenerService modtog update for: AMZN
[2026-06-07 23:54:47] INFO: [StockListenerService] Transaction started
[2026-06-07 23:54:47] INFO: [FileUnitOfWork] Stock blev skrevet til fil data\stocks.psv
[2026-06-07 23:54:47] INFO: [FileUnitOfWork] StockPriceHistories blev skrevet til fil data\stock_price_history.psv
[2026-06-07 23:54:47] INFO: [StockMarket] Stock AMZN blev opdateret og pricehistory blev gemt
[2026-06-07 23:54:47] INFO: [OwnedStockFileDAO] Ownedstocks blev indlæst fra fil
[2026-06-07 23:54:47] INFO: [GameStateService] Stock: META | Price: 440,36 | State: Rising
[2026-06-07 23:54:47] INFO: [StockMarket] StockListenerService modtog update for: META
[2026-06-07 23:54:47] INFO: [StockListenerService] Transaction started
[2026-06-07 23:54:47] INFO: [FileUnitOfWork] Stock blev skrevet til fil data\stocks.psv
[2026-06-07 23:54:47] INFO: [FileUnitOfWork] StockPriceHistories blev skrevet til fil data\stock_price_history.psv
[2026-06-07 23:54:47] INFO: [StockMarket] Stock META blev opdateret og pricehistory blev gemt
[2026-06-07 23:54:47] INFO: [OwnedStockFileDAO] Ownedstocks blev indlæst fra fil
[2026-06-07 23:54:47] INFO: [GameStateService] Stock: GM | Price: 245,88 | State: Rising
[2026-06-07 23:54:47] INFO: [StockMarket] StockListenerService modtog update for: GM
[2026-06-07 23:54:47] INFO: [StockListenerService] Transaction started
[2026-06-07 23:54:47] INFO: [FileUnitOfWork] Stock blev skrevet til fil data\stocks.psv
[2026-06-07 23:54:47] INFO: [FileUnitOfWork] StockPriceHistories blev skrevet til fil data\stock_price_history.psv
[2026-06-07 23:54:47] INFO: [StockMarket] Stock GM blev opdateret og pricehistory blev gemt
[2026-06-07 23:54:47] INFO: [OwnedStockFileDAO] Ownedstocks blev indlæst fra fil
[2026-06-07 23:54:47] INFO: [PortfolioViewModel] Fetching portfolio: e6f56e16-0f0a-40d4-a655-b91e689c4dd1
[2026-06-07 23:54:47] INFO: [PortfolioViewModel] Fetching TransactionHistory: e6f56e16-0f0a-40d4-a655-b91e689c4dd1
[2026-06-07 23:54:47] INFO: [PortfolioController] Portfolio loaded for id: e6f56e16-0f0a-40d4-a655-b91e689c4dd1
[2026-06-07 23:54:48] INFO: [MarketTickHandler] Game started
[2026-06-07 23:54:48] INFO: [Thread] Markedet blev opdateret
[2026-06-07 23:54:48] INFO: [MarketTickHandler] Updating stock market
[2026-06-07 23:54:48] INFO: [GameStateService] Stock: AAPL | Price: 237,87 | State: Steady
[2026-06-07 23:54:48] INFO: [StockMarket] StockListenerService modtog update for: AAPL
[2026-06-07 23:54:48] INFO: [StockListenerService] Transaction started
[2026-06-07 23:54:48] INFO: [FileUnitOfWork] Stock blev skrevet til fil data\stocks.psv
[2026-06-07 23:54:48] INFO: [FileUnitOfWork] StockPriceHistories blev skrevet til fil data\stock_price_history.psv
[2026-06-07 23:54:48] INFO: [StockMarket] Stock AAPL blev opdateret og pricehistory blev gemt
[2026-06-07 23:54:48] INFO: [OwnedStockFileDAO] Ownedstocks blev indlæst fra fil
[2026-06-07 23:54:48] INFO: [GameStateService] Stock: TSLA | Price: 109,01 | State: Steady
[2026-06-07 23:54:48] INFO: [StockMarket] StockListenerService modtog update for: TSLA
[2026-06-07 23:54:48] INFO: [StockListenerService] Transaction started
[2026-06-07 23:54:48] INFO: [FileUnitOfWork] Stock blev skrevet til fil data\stocks.psv
[2026-06-07 23:54:48] INFO: [FileUnitOfWork] StockPriceHistories blev skrevet til fil data\stock_price_history.psv
[2026-06-07 23:54:48] INFO: [StockMarket] Stock TSLA blev opdateret og pricehistory blev gemt
[2026-06-07 23:54:48] INFO: [OwnedStockFileDAO] Ownedstocks blev indlæst fra fil
[2026-06-07 23:54:48] INFO: [GameStateService] Stock: NVDA | Price: 124,58 | State: Declining
[2026-06-07 23:54:48] INFO: [StockMarket] StockListenerService modtog update for: NVDA
[2026-06-07 23:54:48] INFO: [StockListenerService] Transaction started
[2026-06-07 23:54:48] INFO: [FileUnitOfWork] Stock blev skrevet til fil data\stocks.psv
[2026-06-07 23:54:48] INFO: [FileUnitOfWork] StockPriceHistories blev skrevet til fil data\stock_price_history.psv
[2026-06-07 23:54:48] INFO: [StockMarket] Stock NVDA blev opdateret og pricehistory blev gemt
[2026-06-07 23:54:48] INFO: [OwnedStockFileDAO] Ownedstocks blev indlæst fra fil
[2026-06-07 23:54:48] INFO: [SteadyState] LiveStock MSFT changed state from Steady to: Rising
[2026-06-07 23:54:48] INFO: [GameStateService] Stock: MSFT | Price: 476,27 | State: Rising
[2026-06-07 23:54:48] INFO: [StockMarket] StockListenerService modtog update for: MSFT
[2026-06-07 23:54:48] INFO: [StockListenerService] Transaction started
[2026-06-07 23:54:48] INFO: [FileUnitOfWork] Stock blev skrevet til fil data\stocks.psv
[2026-06-07 23:54:48] INFO: [FileUnitOfWork] StockPriceHistories blev skrevet til fil data\stock_price_history.psv
[2026-06-07 23:54:48] INFO: [StockMarket] Stock MSFT blev opdateret og pricehistory blev gemt
[2026-06-07 23:54:48] INFO: [OwnedStockFileDAO] Ownedstocks blev indlæst fra fil
[2026-06-07 23:54:48] INFO: [GameStateService] Stock: GOOGL | Price: 338,80 | State: Steady
[2026-06-07 23:54:48] INFO: [StockMarket] StockListenerService modtog update for: GOOGL
[2026-06-07 23:54:48] INFO: [StockListenerService] Transaction started
[2026-06-07 23:54:48] INFO: [FileUnitOfWork] Stock blev skrevet til fil data\stocks.psv
[2026-06-07 23:54:48] INFO: [FileUnitOfWork] StockPriceHistories blev skrevet til fil data\stock_price_history.psv
[2026-06-07 23:54:48] INFO: [StockMarket] Stock GOOGL blev opdateret og pricehistory blev gemt
[2026-06-07 23:54:48] INFO: [OwnedStockFileDAO] Ownedstocks blev indlæst fra fil
[2026-06-07 23:54:48] INFO: [GameStateService] Stock: AMZN | Price: 272,67 | State: Steady
[2026-06-07 23:54:48] INFO: [StockMarket] StockListenerService modtog update for: AMZN
[2026-06-07 23:54:48] INFO: [StockListenerService] Transaction started
[2026-06-07 23:54:48] INFO: [FileUnitOfWork] Stock blev skrevet til fil data\stocks.psv
[2026-06-07 23:54:48] INFO: [FileUnitOfWork] StockPriceHistories blev skrevet til fil data\stock_price_history.psv
[2026-06-07 23:54:48] INFO: [StockMarket] Stock AMZN blev opdateret og pricehistory blev gemt
[2026-06-07 23:54:48] INFO: [OwnedStockFileDAO] Ownedstocks blev indlæst fra fil
[2026-06-07 23:54:48] INFO: [RisingState] LiveStock META changed state from Rising to: Declining
[2026-06-07 23:54:48] INFO: [GameStateService] Stock: META | Price: 442,18 | State: Declining
[2026-06-07 23:54:48] INFO: [StockMarket] StockListenerService modtog update for: META
[2026-06-07 23:54:48] INFO: [StockListenerService] Transaction started
[2026-06-07 23:54:48] INFO: [FileUnitOfWork] Stock blev skrevet til fil data\stocks.psv
[2026-06-07 23:54:48] INFO: [FileUnitOfWork] StockPriceHistories blev skrevet til fil data\stock_price_history.psv
[2026-06-07 23:54:48] INFO: [StockMarket] Stock META blev opdateret og pricehistory blev gemt
[2026-06-07 23:54:48] INFO: [OwnedStockFileDAO] Ownedstocks blev indlæst fra fil
[2026-06-07 23:54:48] INFO: [GameStateService] Stock: GM | Price: 247,67 | State: Rising
[2026-06-07 23:54:48] INFO: [StockMarket] StockListenerService modtog update for: GM
[2026-06-07 23:54:48] INFO: [StockListenerService] Transaction started
[2026-06-07 23:54:48] INFO: [FileUnitOfWork] Stock blev skrevet til fil data\stocks.psv
[2026-06-07 23:54:48] INFO: [FileUnitOfWork] StockPriceHistories blev skrevet til fil data\stock_price_history.psv
[2026-06-07 23:54:48] INFO: [StockMarket] Stock GM blev opdateret og pricehistory blev gemt
[2026-06-07 23:54:48] INFO: [OwnedStockFileDAO] Ownedstocks blev indlæst fra fil
[2026-06-07 23:54:49] INFO: [MarketTickHandler] Game started
[2026-06-07 23:54:49] INFO: [Thread] Markedet blev opdateret
[2026-06-07 23:54:49] INFO: [MarketTickHandler] Updating stock market
[2026-06-07 23:54:49] INFO: [GameStateService] Stock: AAPL | Price: 238,51 | State: Steady
[2026-06-07 23:54:49] INFO: [StockMarket] StockListenerService modtog update for: AAPL
[2026-06-07 23:54:49] INFO: [StockListenerService] Transaction started
[2026-06-07 23:54:49] INFO: [FileUnitOfWork] Stock blev skrevet til fil data\stocks.psv
[2026-06-07 23:54:49] INFO: [FileUnitOfWork] StockPriceHistories blev skrevet til fil data\stock_price_history.psv
[2026-06-07 23:54:49] INFO: [StockMarket] Stock AAPL blev opdateret og pricehistory blev gemt
[2026-06-07 23:54:49] INFO: [OwnedStockFileDAO] Ownedstocks blev indlæst fra fil
[2026-06-07 23:54:49] INFO: [GameStateService] Stock: TSLA | Price: 108,17 | State: Steady
[2026-06-07 23:54:49] INFO: [StockMarket] StockListenerService modtog update for: TSLA
[2026-06-07 23:54:49] INFO: [StockListenerService] Transaction started
[2026-06-07 23:54:49] INFO: [FileUnitOfWork] Stock blev skrevet til fil data\stocks.psv
[2026-06-07 23:54:49] INFO: [FileUnitOfWork] StockPriceHistories blev skrevet til fil data\stock_price_history.psv
[2026-06-07 23:54:49] INFO: [StockMarket] Stock TSLA blev opdateret og pricehistory blev gemt
[2026-06-07 23:54:49] INFO: [OwnedStockFileDAO] Ownedstocks blev indlæst fra fil
[2026-06-07 23:54:49] INFO: [GameStateService] Stock: NVDA | Price: 125,79 | State: Declining
[2026-06-07 23:54:49] INFO: [StockMarket] StockListenerService modtog update for: NVDA
[2026-06-07 23:54:49] INFO: [StockListenerService] Transaction started
[2026-06-07 23:54:49] INFO: [FileUnitOfWork] Stock blev skrevet til fil data\stocks.psv
[2026-06-07 23:54:49] INFO: [FileUnitOfWork] StockPriceHistories blev skrevet til fil data\stock_price_history.psv
[2026-06-07 23:54:49] INFO: [StockMarket] Stock NVDA blev opdateret og pricehistory blev gemt
[2026-06-07 23:54:49] INFO: [OwnedStockFileDAO] Ownedstocks blev indlæst fra fil
[2026-06-07 23:54:49] INFO: [GameStateService] Stock: MSFT | Price: 477,21 | State: Rising
[2026-06-07 23:54:49] INFO: [StockMarket] StockListenerService modtog update for: MSFT
[2026-06-07 23:54:49] INFO: [StockListenerService] Transaction started
[2026-06-07 23:54:49] INFO: [FileUnitOfWork] Stock blev skrevet til fil data\stocks.psv
[2026-06-07 23:54:49] INFO: [FileUnitOfWork] StockPriceHistories blev skrevet til fil data\stock_price_history.psv
[2026-06-07 23:54:49] INFO: [StockMarket] Stock MSFT blev opdateret og pricehistory blev gemt
[2026-06-07 23:54:49] INFO: [OwnedStockFileDAO] Ownedstocks blev indlæst fra fil
[2026-06-07 23:54:49] INFO: [GameStateService] Stock: GOOGL | Price: 339,30 | State: Steady
[2026-06-07 23:54:49] INFO: [StockMarket] StockListenerService modtog update for: GOOGL
[2026-06-07 23:54:49] INFO: [StockListenerService] Transaction started
[2026-06-07 23:54:49] INFO: [FileUnitOfWork] Stock blev skrevet til fil data\stocks.psv
[2026-06-07 23:54:49] INFO: [FileUnitOfWork] StockPriceHistories blev skrevet til fil data\stock_price_history.psv
[2026-06-07 23:54:49] INFO: [StockMarket] Stock GOOGL blev opdateret og pricehistory blev gemt
[2026-06-07 23:54:49] INFO: [OwnedStockFileDAO] Ownedstocks blev indlæst fra fil
[2026-06-07 23:54:49] INFO: [GameStateService] Stock: AMZN | Price: 272,05 | State: Steady
[2026-06-07 23:54:49] INFO: [StockMarket] StockListenerService modtog update for: AMZN
[2026-06-07 23:54:49] INFO: [StockListenerService] Transaction started
[2026-06-07 23:54:49] INFO: [FileUnitOfWork] Stock blev skrevet til fil data\stocks.psv
[2026-06-07 23:54:49] INFO: [FileUnitOfWork] StockPriceHistories blev skrevet til fil data\stock_price_history.psv
[2026-06-07 23:54:49] INFO: [StockMarket] Stock AMZN blev opdateret og pricehistory blev gemt
[2026-06-07 23:54:49] INFO: [OwnedStockFileDAO] Ownedstocks blev indlæst fra fil
[2026-06-07 23:54:49] INFO: [GameStateService] Stock: META | Price: 443,86 | State: Declining
[2026-06-07 23:54:49] INFO: [StockMarket] StockListenerService modtog update for: META
[2026-06-07 23:54:49] INFO: [StockListenerService] Transaction started
[2026-06-07 23:54:49] INFO: [FileUnitOfWork] Stock blev skrevet til fil data\stocks.psv
[2026-06-07 23:54:49] INFO: [FileUnitOfWork] StockPriceHistories blev skrevet til fil data\stock_price_history.psv
[2026-06-07 23:54:49] INFO: [StockMarket] Stock META blev opdateret og pricehistory blev gemt
[2026-06-07 23:54:49] INFO: [OwnedStockFileDAO] Ownedstocks blev indlæst fra fil
[2026-06-07 23:54:49] INFO: [GameStateService] Stock: GM | Price: 249,56 | State: Rising
[2026-06-07 23:54:49] INFO: [StockMarket] StockListenerService modtog update for: GM
[2026-06-07 23:54:49] INFO: [StockListenerService] Transaction started
[2026-06-07 23:54:49] INFO: [FileUnitOfWork] Stock blev skrevet til fil data\stocks.psv
[2026-06-07 23:54:49] INFO: [FileUnitOfWork] StockPriceHistories blev skrevet til fil data\stock_price_history.psv
[2026-06-07 23:54:49] INFO: [StockMarket] Stock GM blev opdateret og pricehistory blev gemt
[2026-06-07 23:54:49] INFO: [OwnedStockFileDAO] Ownedstocks blev indlæst fra fil
